frame,time_sec,student_id,avg_pitch,ratio_head_down,ratio_lean_forward,ratio_writing_like,pitch_delta_mean,pitch_delta_std,label_engaged
666.4479524917584,18.22809974088555,413.09394017205216,3.88216286476416e-08,0.0,0.0,7.067076240606599e-08,2.7586967413580774e-08,0.0,1.0
580.0,19.3,292.0,0.0,0.0,0.3466666666666667,0.3466666666666667,0.0,0.0,0.0
100.0,3.3,30.0,0.0,0.0,0.0,0.0,0.0,0.0,
314.51124787131533,11.267035422917862,0.885069744127831,40.721149249203435,1.042554700516448,0.9479665743237627,0.9719856830633347,0.047460795175225376,0.15215432110140661,1.0
185.37617762437134,6.542449483244637,10.616130844858413,0.0,0.0,0.2789996304416273,0.26375841944396583,6.102831211853142e-09,5.9527700641477684e-08,0.0
920.0,30.63,333.0,0.0,0.0,0.0,0.0,0.0,0.0,
360.0,11.97,1.0,41.6072162173023,1.0,1.0,1.0,0.1372856660038298,0.2518517072035717,1.0
450.0,14.97,307.0,0.0,0.0,0.0,0.0,0.0,0.0,
430.0,14.3,10.0,0.0,0.0,0.7466666666666667,0.7466666666666667,0.0,0.0,0.0
789.447163912394,27.652968965728014,3.783634563653868,7.263707695148617e-08,5.7735572760258813e-08,1.0178190379824743,0.9381327604409659,4.272236915451344e-08,0.0,1.0
810.0,26.97,470.0,0.0,0.0,0.0,0.0,0.0,0.0,1.0
830.0,27.63,10.0,0.0,0.0,0.48,0.48,0.0,0.0,0.0
850.0,28.3,342.0,0.0,0.0,0.24,0.0,0.0,0.0,
507.72779843345717,17.087457858963532,155.13638821713943,32.33942264424538,1.01856518218271,5.8525838111408045e-08,1.0270132703931656,0.06915171055649684,0.22832428423530246,1.0
70.0,2.3,30.0,0.0,0.0,0.0,0.0,0.0,0.0,
790.0,26.3,189.0,0.0,0.0,0.0,0.0,0.0,0.0,
330.0,10.97,4.0,0.0,0.0,0.8266666666666667,0.8266666666666667,0.0,0.0,
740.0,24.63,442.0,0.0,0.0,0.0,0.0,0.0,0.0,
910.0,30.3,62.0,0.0,0.0,0.7466666666666667,0.7466666666666667,0.0,0.0,
763.4407003592449,25.83657816917634,473.8781155469601,7.608121597458878e-08,0.0,0.0,0.0,0.0,0.0,1.0
429.26981859779534,15.173046371411305,1.030028850082491,41.46092429697185,0.9995543826369585,1.0106963937220828,0.9658883092587108,0.19375271311397851,0.3041612949059857,1.0
591.8815237833766,18.813434454159058,3.8822972935635702,1.3159834256116942e-08,0.0,1.0046529146109175,0.9883093718946019,6.1260783282547145e-09,0.0,1.0
740.0,24.63,292.0,0.0,0.0,0.0,0.0,0.0,0.0,1.0
700.0,23.3,189.0,0.0,0.0,0.4533333333333333,0.4533333333333333,0.0,0.0,
610.0,20.3,292.0,0.0,0.0,0.6,0.6,0.0,0.0,0.0
60.0,1.97,25.0,25.85039151177128,0.6904761904761905,0.0,0.4761904761904761,3.5807270960332183,10.743781005977638,
185.13780251753062,6.103300700880819,9.968992558327276,0.0,1.4831971598196385e-08,0.2824081626589342,0.22149948704135852,1.0843286098497215e-07,0.0,0.0
824.9196252486786,28.302949519327676,10.141405178967299,0.0,2.5521384061290296e-08,0.6583954889791347,0.611951489646151,6.726614712370415e-08,0.0,0.0
649.6870115815681,21.41900886213167,10.029720620657864,3.908782567420557e-10,0.0,0.4766242687921155,0.516937382494085,7.516158229795727e-08,0.0,0.0
750.0,24.97,6.0,0.0,0.0,0.4,0.4,0.0,0.0,
230.0,7.63,41.0,0.0,0.0,0.8,0.8,0.0,0.0,0.0
380.0,12.63,10.0,0.0,0.0,0.4,0.4,0.0,0.0,0.0
430.0,14.3,248.0,0.0,0.0,0.0,0.0,0.0,0.0,
449.10443211347086,14.954645797206366,160.9156244258974,33.81205331655961,0.9843167520422995,2.5270464142270876e-08,0.9907007585332835,0.057125162064133095,0.20862768949732824,1.0
161.7084735714097,5.581257443440357,4.2807945648056425,5.1769024955904295e-08,0.0,0.6845534853649125,0.5923105619042368,0.0,0.0,1.0
346.61964575982154,11.581301837894486,5.892588826907034,0.0,0.0,0.9408655253742425,0.9964473527707826,3.77879508686198e-08,0.0,0.0
250.0,8.3,72.0,0.0,0.0,0.8,0.8,0.0,0.0,
658.5449782950928,21.222414729623104,170.1719579313881,34.01219271635901,0.9459177269071917,1.0967873766862221e-07,0.8998332906416248,1.142143744678882,5.919088900552709,1.0
390.0,12.97,216.0,28.976743881241912,0.9833333333333332,0.25,0.7666666666666667,0.5183343585886919,0.6439795991613787,
605.9180194321093,20.366696273891478,166.854755350202,35.73240691978443,0.9750179288428062,6.089029889950466e-08,1.0536396282818563,0.03008134508011276,0.1324173761325963,1.0
880.0,29.3,6.0,0.0,0.0,0.2,0.2,0.0,0.0,
890.0,29.63,559.0,13.708677685950413,0.2727272727272727,0.0,0.2727272727272727,4.049586776859504,8.697083605549812,
640.0,21.3,164.0,37.262682327437176,1.0,0.0,1.0,0.0575879049514569,0.2313635034549692,1.0
531.781266633721,16.888709812783,6.044206588995566,0.0,0.0,0.41824073558437375,0.3816390864761001,6.035473110902506e-08,1.3299300874013766e-07,0.0
658.4657984688023,23.760754817574224,358.8765138717072,5.500973823271561e-08,0.0,4.7093118282432226e-08,0.0,9.557300276315793e-08,0.0,1.0
30.0,0.97,7.0,0.0,0.0,0.0,0.0,0.0,0.0,
850.0,28.3,4.0,0.0,0.0,1.0,1.0,0.0,0.0,1.0
650.0,21.63,307.0,0.0,0.0,0.48,0.48,0.0,0.0,
860.0,28.63,448.0,0.0,0.0,0.32,0.32,0.0,0.0,
362.6573502624704,13.171026271161773,215.6232913116089,0.0,6.382829422102342e-08,0.15632359315495514,0.1449055611566005,3.882730899240303e-08,0.0,1.0
916.3682083853921,26.715401532282833,493.6827482751994,0.0,0.0,0.07839544632548541,0.08161023488912933,5.9106552314535895e-08,5.051473004437188e-08,1.0
280.0,9.3,107.0,0.0,0.0,0.3658536585365853,0.3658536585365853,0.0,0.0,
819.4780850820747,29.040816192229705,9.48107724200636,2.7988050029603284e-08,0.0,0.20880159325729344,0.21024543663692666,0.0,7.152729932828037e-08,0.0
970.0,32.3,559.0,17.17120405509874,0.7142857142857143,0.0,0.7142857142857143,3.530897207367796,8.09107778717383,
910.0,30.3,520.0,0.0,0.0,0.2,0.2,0.0,0.0,
550.0,18.3,7.0,0.0,0.0,0.0,0.0,0.0,0.0,
390.0,12.97,10.0,0.0,0.0,0.4,0.4,0.0,0.0,0.0
278.6612720033025,8.935997534098176,5.422185891319655,1.6530601318224322e-08,0.0,0.966624425050743,0.9046652465478758,1.1228018381322606e-07,0.0,0.0
746.0071433630534,26.33469656652126,10.113411674351845,6.219500119643307e-08,0.0,0.38674731964383935,0.36750807509201733,6.428175555395135e-08,0.0,0.0
513.6981147140283,16.870029632118886,5.899021432429467,1.658246761435906e-08,0.0,0.4585335957724635,0.4705763958906811,0.0,5.1868385249862224e-08,0.0
203.09291952799657,7.371761863820828,1.02365935636998,42.32977352725132,1.022748260788741,1.0525878158411086,1.0859446461248192,0.138819470359667,0.2526499670998443,1.0
145.7956694332749,5.247511103946186,10.127009600272965,0.0,2.861025302567509e-08,0.5608524794967441,0.6049347533166889,0.0,0.0,0.0
620.0,20.63,292.0,0.0,0.0,0.52,0.52,0.0,0.0,0.0
734.1058542324246,23.54791318309558,9.586384715136267,0.0,0.0,0.2155689516725806,0.2087131138564129,0.0,0.0,0.0
517.1358764603211,18.45703492282714,351.6070919777233,2.443220460123462e-08,0.0,0.0,6.184129778116614e-08,0.0,0.0,1.0
777.397801901966,25.677640540088564,9.587636104548519,0.0,0.0,0.3747994384726523,0.4072408124707399,1.4587617256974136e-08,2.9292690399952917e-08,0.0
78.8303885735292,2.8147779952383685,3.962566113071702,2.16844832628566e-08,4.984690325095656e-08,0.8507523993938051,0.9109971031404113,0.0,0.0,1.0
70.0,2.3,2.0,0.0,0.0,0.3714285714285714,0.3714285714285714,0.0,0.0,1.0
361.94971942934495,11.456555605367429,238.27739657731777,0.0,9.204263309597632e-08,0.0,0.0,4.012063850261389e-08,1.1879921380128727e-08,1.0
347.56646117575855,11.503152195860784,178.1350813392528,24.779474248954852,0.6502584247226362,0.0,0.6899367664701833,2.4334486952342993,9.528283889405111,1.0
900.0,29.97,366.0,0.0,0.0,0.2,0.2,0.0,0.0,
230.0,7.63,55.0,25.987955878899346,0.8933333333333333,0.4,0.9733333333333334,0.6999276305734691,2.850033601440765,
320.0,10.63,72.0,0.0,0.0,0.8,0.8,0.0,0.0,
120.0,3.97,4.0,0.0,0.0,1.0,1.0,0.0,0.0,1.0
590.0,19.63,7.0,0.0,0.0,0.08,0.08,0.0,0.0,
260.0,8.63,7.0,0.0,0.0,0.0,0.0,0.0,0.0,
530.0,17.63,333.0,0.0,0.0,0.0,0.0,0.0,0.0,
370.0,12.3,127.0,0.0,0.0,0.0,0.0,0.0,0.0,1.0
740.0,24.63,4.0,0.0,0.0,0.8,0.8,0.0,0.0,1.0
480.0,15.97,307.0,0.0,0.0,0.0,0.0,0.0,0.0,
820.0,27.3,342.0,0.0,0.0,0.24,0.0,0.0,0.0,
500.0,16.63,7.0,0.0,0.0,0.0,0.0,0.0,0.0,
670.0,22.3,10.0,0.0,0.0,0.4,0.4,0.0,0.0,
830.0,27.63,333.0,0.0,0.0,0.0,0.0,0.0,0.0,
530.0,17.63,292.0,0.0,0.0,0.0,0.0,0.0,0.0,
595.997682396769,22.788978636334008,482.8731766878169,2.0433910957759176e-08,1.891826733510213e-08,0.9126058830564722,1.079085856762156,2.4591764842502764e-08,2.100242576731616e-08,0.0
508.453525643034,15.483693261325122,323.78613289189616,5.750937609082257e-08,2.536681133470092e-08,0.6271160994424999,0.6512892209554714,0.0,1.5032132347303226e-08,0.0
700.0,23.3,4.0,0.0,0.0,0.68,0.68,0.0,0.0,
580.0,19.3,189.0,0.0,0.0,0.0,0.0,0.0,0.0,
294.3378075961513,9.51479809786955,166.05418187513962,32.60856784832508,0.8210854165907063,0.75362196448085,0.8212681257757153,4.732229467678151,12.480792844821423,1.0
670.0,22.3,342.0,0.0,0.0,0.0,0.0,0.0,0.0,1.0
840.0,27.97,442.0,0.0,0.0,0.2,0.2,0.0,0.0,
110.40190133996232,3.2150338032904124,6.224722551513605,5.8544646369878635,0.1638261773460461,0.7180475274175536,0.7171488773879398,0.6540215489530933,4.054690135068982,0.0
680.0,22.63,1.0,40.87427925519557,1.0,1.0,1.0,0.296923177378081,0.3430471698138725,
322.60763546545064,10.339295085925514,43.633527236027646,0.0,0.0,0.2901771521237478,0.2957255005887536,6.446703299199373e-09,3.060068685912083e-08,1.0
320.0,10.63,152.0,0.0,0.0,0.0,0.0,0.0,0.0,
240.0,7.97,1.0,40.8536880945174,1.0,1.0,1.0,0.2310598878088753,0.3831947235644766,1.0
930.0,30.97,534.0,0.0,0.0,0.0,0.0,0.0,0.0,
320.0,10.63,189.0,0.0,0.0,0.0,0.0,0.0,0.0,
70.0,2.3,10.0,0.0,0.0,0.5857142857142857,0.5857142857142857,0.0,0.0,0.0
790.0,26.3,62.0,0.0,0.0,0.8533333333333334,0.8533333333333334,0.0,0.0,
500.0,16.63,164.0,34.429678848283494,1.0,0.0,1.0,0.0553709856035439,0.2085744195738889,1.0
870.0,28.97,62.0,0.0,0.0,0.6,0.6,0.0,0.0,
510.0,16.97,4.0,0.0,0.0,0.6133333333333333,0.6133333333333333,0.0,0.0,1.0
110.0,3.63,30.0,0.0,0.0,0.0,0.0,0.0,0.0,
330.0,10.97,204.0,45.0,1.0,0.0,0.1666666666666666,0.0,0.0,
500.0,16.63,127.0,0.0,0.0,0.0,0.0,0.0,0.0,
520.0,17.3,62.0,0.0,0.0,0.84,0.84,0.0,0.0,
569.0204804496716,19.05809415483917,148.48340532750112,34.32747731862113,0.9840090285248202,0.0,0.983963982484926,0.9472049776522576,5.102416946503049,1.0
100.0,3.3,9.0,0.0,0.0,0.0,0.0,0.0,0.0,
410.0,13.63,1.0,41.18685852407368,1.0,1.0,1.0,0.2017576295100338,0.287182119386654,1.0
520.0,17.3,127.0,0.0,0.0,0.0,0.0,0.0,0.0,
620.0,20.63,189.0,0.0,0.0,0.08,0.08,0.0,0.0,
780.0,25.97,476.0,27.81036084979337,0.7466666666666667,0.0,0.7466666666666667,3.298682582657737,10.161824654021409,
760.0,25.3,1.0,40.03271807138603,1.0,1.0,1.0,0.0980349806128448,0.2597107656405748,
760.0,25.3,62.0,0.0,0.0,1.0,1.0,0.0,0.0,
570.0,18.97,7.0,0.0,0.0,0.0,0.0,0.0,0.0,
610.0,20.3,342.0,0.0,0.0,0.0,0.0,0.0,0.0,1.0
228.69814532368852,7.062979953325419,5.87599695626905,0.0,4.32596636758217e-08,0.2779461950500653,0.25969366992002607,4.030676109171483e-08,6.267128064562661e-10,0.0
720.0,23.97,485.0,0.0,0.0,0.1666666666666666,0.1666666666666666,0.0,0.0,
200.0,6.63,6.0,0.0,0.0,0.3466666666666667,0.3466666666666667,0.0,0.0,0.0
92.97576930622357,2.894671141076799,6.5165859269637085,13.598397493518469,0.3811543494520535,0.7710268469384616,0.7722629056284188,0.7676260117424164,4.10079676465591,0.0
812.9252665510983,24.295434688956988,10.171242529442129,0.0,0.0,0.21370159499914332,0.20382978910270172,2.787548058779626e-10,0.0,0.0
920.0,30.63,292.0,0.0,0.0,0.0,0.0,0.0,0.0,1.0
280.0,9.3,127.0,0.0,0.0,0.4411764705882353,0.4411764705882353,0.0,0.0,
830.0,27.63,7.0,0.0,0.0,0.0,0.0,0.0,0.0,
130.0,4.3,9.0,0.0,0.0,0.0,0.0,0.0,0.0,
820.0,27.3,189.0,0.0,0.0,0.2,0.2,0.0,0.0,
485.7202053428607,16.195495844788258,10.229806209243785,0.0,9.185455003706684e-08,1.0404487879894542,0.9786804478339921,0.0,0.0,0.0
360.0,11.97,72.0,0.0,0.0,0.4,0.4,0.0,0.0,
420.0,13.97,189.0,0.0,0.0,0.0133333333333333,0.0133333333333333,0.0,0.0,
760.0,25.3,476.0,29.20911520317309,0.7866666666666666,0.0,0.7866666666666666,2.3002740306571954,8.394411222188621,
29.67915197365696,1.001998396103059,1.073805231649326,46.147627474186535,1.0062698106328145,0.4811500501452469,0.5667415438055461,0.047547634903230905,0.19266118233439547,1.0
970.0,32.3,333.0,0.0,0.0,0.0,0.0,0.0,0.0,
690.0,22.97,476.0,12.396967436547266,0.32,0.0,0.32,2.5135595776772246,9.412564233654749,
838.9190676645853,30.6418790021571,299.8266212323045,0.0,0.0,0.0,0.0,0.0,1.2728847315921879e-08,1.0
990.0,32.97,448.0,0.0,0.0,0.3866666666666666,0.3866666666666666,0.0,0.0,
210.0,6.97,41.0,0.0,0.0,0.6133333333333333,0.6133333333333333,0.0,0.0,0.0
810.0,26.97,7.0,0.0,0.0,0.0,0.0,0.0,0.0,
280.0,9.3,133.0,0.0,0.0,0.234375,0.234375,0.0,0.0,
870.0,28.97,470.0,0.0,0.0,0.0,0.0,0.0,0.0,1.0
743.2894295089549,24.102508930164287,293.73081914250696,2.3298410138609328e-08,2.4909144008234654e-08,0.0,0.0,4.007104216540079e-08,0.0,1.0
340.0,11.3,72.0,0.0,0.0,0.6533333333333333,0.6533333333333333,0.0,0.0,
470.0,15.63,1.0,39.90299360248131,1.0,1.0,1.0,0.2204386643968872,0.3270139277753796,1.0
470.0,15.63,4.0,0.0,0.0,0.08,0.08,0.0,0.0,
32.008254848829864,0.986737401516616,9.959741380886653,1.5327216437063123e-09,0.0,0.5007706680076137,0.5327374082301458,0.0,0.0,0.0
343.0876864683755,10.119500428242544,0.9144616235517611,41.949166899779016,0.96762821957678,1.0357194311978526,1.1442121101622265,0.043821354023490314,0.15286926510626084,1.0
210.0,6.97,4.0,0.0,0.0,0.4133333333333333,0.4133333333333333,0.0,0.0,
442.2253058767398,16.18748631790079,9.111798312483629,0.0,6.404618218335062e-08,0.8038570132458858,0.7969983008507407,0.0,1.1674255618568509e-08,0.0
159.15239700672763,5.498754180745646,10.253773682703075,2.8498857285101873e-08,9.882995242690078e-08,0.4622217258166384,0.4406715043255179,6.843989407351195e-08,8.465166987620701e-09,0.0
71.91509334928611,2.279179257205047,1.0835649734106134,41.56774839332533,0.9659848974739089,0.8074073217380165,0.7450521301215354,0.07821106831889535,0.219871436781884,1.0
780.0,25.97,7.0,0.0,0.0,0.0,0.0,0.0,0.0,
217.1271580721183,6.552666658911435,0.8884484714843011,40.60940649616483,0.9810846188304588,0.9606103893607488,1.023640620696877,0.14417866394595977,0.21675570339717548,1.0
109.83195252866696,3.1348699039305092,5.607305096548269,9.957017925138238,0.28339562189343864,0.7157867928576551,0.7006852774288362,0.697044128145813,4.357221539412536,0.0
266.4871429564847,9.417894616019263,9.151741504675394,0.0,6.747509891302326e-09,0.21518993855540716,0.20552210571061427,0.0,0.0,0.0
740.0,24.63,189.0,0.0,0.0,0.2,0.2,0.0,0.0,
600.0,19.97,164.0,36.14713041143777,0.9866666666666668,0.0,0.9866666666666668,0.955693581780538,5.556754534463207,1.0
340.0,11.3,93.0,0.0,0.0,0.12,0.12,0.0,0.0,
413.8841430303679,14.212174366614803,5.810158992696738,7.183493231273853e-09,5.322841525108272e-09,0.9806194655961146,0.9765508498121007,8.239560604665945e-08,0.0,0.0
910.0,30.3,10.0,0.0,0.0,0.4533333333333333,0.4533333333333333,0.0,0.0,0.0
386.0725914989941,14.376680576549669,232.8343184202224,4.8230022766610805e-08,2.9372577847756097e-08,0.22514515302252072,0.23588567342562253,0.0,4.4883931561503866e-08,1.0
571.7057379733442,19.219305324012307,282.2517626114009,4.307987725782587e-08,8.407602266656178e-08,0.5939508780846944,0.6513413509383663,1.5405847427079885e-08,0.0,0.0
110.0,3.63,4.0,0.0,0.0,1.0,1.0,0.0,0.0,1.0
300.0,9.97,1.0,41.3841923574913,1.0,1.0,1.0,0.0571906851318615,0.1473723177472767,1.0
980.0,32.63,342.0,0.0,0.0,0.08,0.08,0.0,0.0,
678.7255042713123,22.750792196468872,168.6480080091787,28.662839881113445,0.8648964444716883,1.2313988723045267e-08,0.9249911340669275,2.1487029966094933,8.008171411456255,1.0
1000.0,33.3,4.0,0.0,0.0,1.0,1.0,0.0,0.0,
1000.9622615606335,31.983078175327034,10.836889994321337,0.0,4.353910132180146e-08,0.5561493343049471,0.5686629721310198,2.2432188469865407e-08,4.090760172584825e-08,0.0
20.811440983845063,0.6503298161448743,4.745450344464896,0.0,5.6288079483989295e-08,0.31539901176805635,0.3100332004806367,3.4871045085628706e-09,0.0,1.0
370.0,12.3,226.0,0.0,0.0,0.0,0.0,0.0,0.0,1.0
570.0,18.97,189.0,0.0,0.0,0.0,0.0,0.0,0.0,
629.7723895048545,22.285255182945523,167.16071199484404,34.709023018956195,0.9701022706982645,0.0,1.0329245150921054,0.027824899236587715,0.1444820060226235,1.0
220.0,7.3,10.0,0.0,0.0,0.4,0.4,0.0,0.0,
462.4016659104848,15.91193097511566,10.876868816689601,3.599337461836424e-09,6.892586388172636e-08,0.9550544927903752,1.081404536627908,0.0,7.012024652021531e-09,0.0
465.96675177962965,14.253705391756757,165.48251101929887,36.39211227542664,1.0133624722292967,0.0,1.0297570829060805,0.05060345332798145,0.19926286338908974,1.0
380.0,12.63,62.0,0.0,0.0,0.631578947368421,0.631578947368421,0.0,0.0,
990.0,32.97,4.0,0.0,0.0,1.0,1.0,0.0,0.0,
980.0,32.63,448.0,0.0,0.0,0.28,0.28,0.0,0.0,
967.0169328638221,29.612858064990103,9.813587809672574,0.0,8.118221745051846e-09,0.6655924815231253,0.732176962255893,9.789814985220091e-08,0.0,0.0
120.0,3.97,30.0,0.0,0.0,0.0,0.0,0.0,0.0,
288.389435643023,9.87740473748278,180.08720348186853,9.248789437230757,0.23768804135990615,0.0,0.2574678316658367,2.6454336194285584,9.60337340666651,1.0
440.0,14.63,6.0,0.0,0.0,1.0,1.0,0.0,0.0,0.0
764.2725166391984,24.615884911620157,10.93779177702821,1.2397821202537092e-08,5.057296450700521e-08,0.2434792113121983,0.2448525348452616,8.213983954028634e-08,1.576047540452433e-08,0.0
588.3323820530924,18.243165038653345,4.091055266060899,2.077862137161568e-09,1.0746774319767747e-08,0.9535013943553949,1.0222681509210332,0.0,0.0,1.0
660.0,21.97,478.0,0.0,0.0,1.0,1.0,0.0,0.0,0.0
101.433833051578,3.264417966660157,12.333572401853681,0.0,3.8808735753848416e-08,0.5118750052007514,0.5648385767397905,4.70651811440489e-08,3.8025189202785633e-10,0.0
140.0,4.63,1.0,40.42998251748252,1.0,1.0,1.0,0.0871989121989125,0.2106189954830933,1.0
392.51443397028856,13.077255789520791,149.0831389399009,33.87610866513027,0.9957453261775884,0.0,0.9949190568054993,0.13774322244516526,0.36491186595592634,1.0
500.0,16.63,338.0,0.0,0.0,0.0,0.0,0.0,0.0,1.0
270.0,8.97,157.0,29.99572968700809,1.0,0.4102564102564102,0.7948717948717948,0.3394169151540054,0.4628891235262692,
460.0,15.3,62.0,0.0,0.0,0.5909090909090909,0.5909090909090909,0.0,0.0,
410.0,13.63,189.0,0.0,0.0,0.12,0.12,0.0,0.0,
396.5116409838936,14.743201380130355,218.32600323235644,0.0,0.0,0.0,0.0,0.0,0.0,1.0
210.0,6.97,74.0,16.669803987178366,0.4406779661016949,0.0169491525423728,0.2372881355932203,1.9420385777129496,7.810236518675103,
970.0,32.3,10.0,0.0,0.0,0.7466666666666667,0.7466666666666667,0.0,0.0,
110.0,3.63,9.0,0.0,0.0,0.0,0.0,0.0,0.0,
300.0,9.97,164.0,13.214873894221718,0.359375,0.0,0.359375,2.812823498964803,9.702650557882322,1.0
670.0,22.3,333.0,0.0,0.0,0.2,0.2,0.0,0.0,
240.0,7.97,41.0,0.0,0.0,0.8,0.8,0.0,0.0,0.0
320.0,10.63,127.0,0.0,0.0,0.12,0.12,0.0,0.0,
52.57057350019391,1.6105477036092186,6.228411033683554,18.46967878824468,0.5826146050797003,0.7359289017142395,0.6715814146439896,1.1345511182048924,5.633902603070022,0.0
871.075569056507,29.890087071211415,4.213166782579742,2.4175279251709174e-08,0.0,1.0053484476280217,0.9824800301643156,0.0,0.0,1.0
800.0,26.63,470.0,0.0,0.0,0.0,0.0,0.0,0.0,1.0
420.0,13.97,259.0,0.0,0.0,0.4411764705882353,0.4411764705882353,0.0,0.0,
590.0,19.63,189.0,0.0,0.0,0.0,0.0,0.0,0.0,
506.03642898406986,17.066766594361987,330.4221136127707,0.0,5.0272212470175426e-08,0.8852096592327015,0.9054976596664487,0.0,4.5680427729792804e-08,0.0
860.0,28.63,470.0,0.0,0.0,0.0,0.0,0.0,0.0,1.0
545.5664302967491,17.571896400443755,3.8544535976332894,9.801281652580685e-08,2.8175208881471778e-08,0.6537761996282534,0.6148747321566285,6.466616689353822e-08,0.0,1.0
74.3945351903385,2.684182735026904,10.068929700222935,3.710981589724376e-08,2.034437145363288e-08,0.6998336003827118,0.6350958085225294,0.0,0.0,0.0
480.0,15.97,1.0,39.54789726219194,1.0,1.0,1.0,0.231816897774063,0.3276100977769822,1.0
900.0,29.97,470.0,0.0,0.0,0.2,0.2,0.0,0.0,1.0
940.0,31.3,470.0,0.0,0.0,0.2,0.2,0.0,0.0,1.0
350.0,11.63,72.0,0.0,0.0,0.52,0.52,0.0,0.0,
67.96106035675344,2.1413362000673173,2.862988047854265,2.3718172817620972e-08,0.0,1.0843664770729584,1.1047164567362697,0.0,0.0,1.0
280.0,9.3,167.0,38.02170888118092,1.0,1.0,1.0,0.4050778414132459,0.4788042361797898,
730.0,24.3,442.0,0.0,0.0,0.0,0.0,0.0,0.0,
640.0,21.3,292.0,0.0,0.0,0.4,0.4,0.0,0.0,0.0
389.60160584747246,12.46171789115968,160.6871722131838,33.769099568572294,1.0833905667598025,0.0,0.9312353803273988,0.09531083364178802,0.3129948005073676,1.0
47.54419352316513,1.6349753664900861,2.2036729284701586,0.0,0.0,0.11736310822498798,0.11830675848489315,5.2813393414799764e-08,3.934479325700321e-09,1.0
290.0,9.63,41.0,0.0,0.0,0.56,0.56,0.0,0.0,1.0
800.0,26.63,442.0,0.0,0.0,0.0,0.0,0.0,0.0,
205.52942627060952,6.3147775272338205,6.391886198508997,8.491809979497688e-08,1.2842506474682257e-08,0.3472940877984544,0.36013626752876554,0.0,3.495290787584899e-08,0.0
686.0618977288359,22.778903353668213,294.63814251292433,0.0,0.0,0.4189081240352135,0.4103304454901412,2.7609224363682306e-08,3.103989366221037e-08,0.0
340.0,11.3,216.0,25.22830368830707,0.9,0.0,0.0,0.3371020088698266,0.3975757530514023,
480.0,15.97,292.0,0.0,0.0,0.0,0.0,0.0,0.0,0.0
530.7424501754449,16.48352522874255,346.4673859106281,5.585653783723777e-08,2.9343190744088e-08,2.0895456596938614e-08,0.0,3.886687929544949e-08,2.4242380535167187e-08,1.0
500.0,16.63,307.0,0.0,0.0,0.0,0.0,0.0,0.0,
281.6302793135447,10.214560691790243,42.5705411727582,5.2069794419880554e-08,1.946068083118832e-10,0.28541359492211604,0.3274126338074066,4.3054533501227006e-08,1.1696775660487692e-08,1.0
230.0,7.63,127.0,0.0,0.0,0.3333333333333333,0.3333333333333333,0.0,0.0,
470.0,15.63,164.0,34.45182724252491,1.0,0.0,1.0,0.0664451827242527,0.2268439453472178,1.0
737.9682404229358,24.34912601158737,508.9944222253084,7.53956562216684e-08,0.0,0.0,0.0,0.0,0.0,1.0
50.0,1.63,4.0,0.0,0.0,0.72,0.72,0.0,0.0,1.0
240.0,7.97,133.0,0.0,0.0,0.0,0.0,0.0,0.0,
208.32900931713536,7.659304340357595,39.46176250025454,3.965612243296984e-08,1.430015211436797e-08,0.7098169760212228,0.698160171104853,5.282043235456908e-09,8.167382205748104e-09,0.0
810.0,26.97,307.0,0.0,0.0,0.0133333333333333,0.0133333333333333,0.0,0.0,
610.0,20.3,1.0,40.25394963499679,1.0,1.0,1.0,0.2034758128108511,0.3005085860812886,
730.8051751076034,22.295598278929525,492.0246565742999,0.0,2.7873307841649864e-08,6.35945735502994e-08,0.0,3.063133716855907e-08,3.358085403136315e-08,1.0
526.2287887690522,20.13541392891778,5.893253674943196,8.132333518679488e-10,4.1534493617534686e-08,0.3832084622517638,0.3823080057951839,0.0,5.105485760722009e-08,0.0
520.0,17.3,6.0,0.0,0.0,0.4533333333333333,0.4533333333333333,0.0,0.0,0.0
510.0,16.97,164.0,34.34887772465765,1.0,0.0,1.0,0.0681063122923589,0.2326928854022728,1.0
170.0,5.63,7.0,0.0,0.0,0.0,0.0,0.0,0.0,
280.0,9.3,93.0,0.0,0.0,0.140625,0.140625,0.0,0.0,
847.5413791668402,31.218267641066703,10.50479687573586,0.0,1.7910330682900387e-08,0.6357335220058052,0.6179190413584338,0.0,0.0,0.0
318.2126379679089,11.562668688471625,90.82255577190752,0.0,0.0,0.1142850415961067,0.13047360483598744,5.44639254082488e-08,0.0,1.0
131.22120411765476,3.904978878317519,11.596437608923374,0.0,7.609578441518206e-08,0.5607598622550982,0.6038927240658453,2.490866128930772e-08,0.0,0.0
600.0,19.97,62.0,0.0,0.0,0.1866666666666666,0.1866666666666666,0.0,0.0,
380.0,12.63,189.0,0.0,0.0,0.2027027027027027,0.2027027027027027,0.0,0.0,
620.0,20.63,307.0,0.0,0.0,0.08,0.08,0.0,0.0,
373.9614602361432,11.680759495918732,122.64777444399876,1.4636173812527092e-08,0.0,0.0,0.0,1.0265200504139184e-07,0.0,1.0
30.0,0.97,6.0,31.62348057353608,0.9666666666666668,0.5333333333333333,0.5333333333333333,1.850409049826368,6.7302232363013,0.0
350.0,11.63,226.0,0.0,0.0,0.0,0.0,0.0,0.0,1.0
370.0,12.3,7.0,0.0,0.0,0.6,0.6,0.0,0.0,
60.0,1.97,22.0,0.0,0.0,0.0,0.0,0.0,0.0,
390.0,12.97,127.0,0.0,0.0,0.0133333333333333,0.0,0.0,0.0,
190.0,6.3,30.0,0.0,0.0,0.0,0.0,0.0,0.0,
145.3430075801704,5.052691541524409,10.434934767680115,4.1859349601174355e-08,0.0,0.6057316243114556,0.5769884677228116,0.0,0.0,0.0
720.0,23.97,1.0,40.53728511241684,1.0,1.0,1.0,0.2049234548179386,0.3167200862619855,
546.4328700004104,20.46638054577638,3.9678300460861644,3.0605762789702555e-10,8.599979231488643e-09,1.0827782604117397,1.0705722643924602,1.0579830261423039e-07,4.7014067872802024e-08,1.0
250.0,8.3,152.0,0.0,0.0,0.0,0.0,0.0,0.0,
320.0,10.63,93.0,0.0,0.0,0.12,0.12,0.0,0.0,
587.3088582038902,19.216511522866902,4.077916643221433,0.0,3.329807179892413e-08,1.0539294238026946,0.9646626998317828,4.828155400367042e-08,0.0,1.0
449.798467534918,15.188278990478445,289.2837817342208,1.3754277125686758e-08,1.1892538589416714e-07,6.675219101487908e-09,4.099287522778284e-09,0.0,0.0,0.0
1000.0,33.3,470.0,0.0,0.0,0.0,0.0,0.0,0.0,
440.0,14.63,226.0,0.0,0.0,0.2307692307692307,0.2307692307692307,0.0,0.0,1.0
17.952439227710162,0.6197430048201558,9.858757880344331,4.9393413563857525e-08,1.0899448779738878e-07,0.3088213496323381,0.29062144379992116,0.0,1.473028379695424e-08,0.0
713.3996678984726,24.621441178711596,356.2307340912199,0.0,1.2138770847370744e-07,2.5095896391568378e-08,2.9768053634299542e-09,4.6389789325957326e-08,2.924924932757012e-08,1.0
770.0,25.63,10.0,0.0,0.0,0.4,0.4,0.0,0.0,0.0
640.0,21.3,7.0,0.0,0.0,0.2,0.2,0.0,0.0,
270.0,8.97,7.0,0.0,0.0,0.0,0.0,0.0,0.0,
201.83094198328632,6.598927348350381,43.21934096320784,0.0,3.811624320015848e-08,0.6633623052102021,0.5341668265154986,6.144235988279952e-08,3.596390700928016e-08,0.0
790.0,26.3,520.0,0.0,0.0,0.0,0.0,0.0,0.0,
823.0422012211486,25.81971982814784,289.7075926635692,0.0,0.0,4.114470315105821e-09,0.0,0.0,0.0,0.0
260.0,8.63,152.0,0.0,0.0,0.0,0.0,0.0,0.0,
880.0,29.3,448.0,0.0,0.0,0.2,0.2,0.0,0.0,
980.0,32.63,10.0,0.0,0.0,0.88,0.88,0.0,0.0,
550.0,18.3,127.0,0.0,0.0,0.0,0.0,0.0,0.0,
470.0,15.63,127.0,0.0,0.0,0.12,0.0,0.0,0.0,
30.0,0.97,10.0,0.0,0.0,0.5,0.5,0.0,0.0,0.0
454.39164902721285,14.73437860370558,10.583712285081878,0.0,2.7922563027705036e-08,0.7572946694379344,0.6818518919306344,1.185499650269662e-08,0.0,0.0
80.0,2.63,3.0,0.0,0.0,0.7142857142857143,0.7142857142857143,0.0,0.0,
700.0,23.3,448.0,0.0,0.0,0.3466666666666667,0.1466666666666666,0.0,0.0,
40.0,1.3,5.0,0.0,0.0,0.65,0.65,0.0,0.0,1.0
229.41979002272512,7.730094710280012,44.13127120809061,4.578863247190992e-08,0.0,0.7726842482709749,0.752332645564395,3.113824040612538e-08,9.936322030712763e-09,0.0
158.94549031142898,4.9585204804093,41.38604846932479,0.0,2.173293858043537e-08,0.4364169070570523,0.4566031552894549,0.0,0.0,0.0
680.0,22.63,62.0,0.0,0.0,0.28,0.28,0.0,0.0,
168.57621591098314,6.130382478529687,40.79640311031274,6.128602593140572e-08,2.51874906388168e-08,0.6049722207800396,0.6211938412008543,4.7838749866276244e-08,1.9259208299435478e-08,1.0
160.0,5.3,41.0,0.0,0.0,0.5531914893617021,0.5531914893617021,0.0,0.0,0.0
200.0,6.63,93.0,0.0,0.0,0.0,0.0,0.0,0.0,
920.0,30.63,559.0,15.262135341941653,0.5853658536585366,0.0,0.5853658536585366,4.2974761966871,8.782230495600814,
620.0,20.63,10.0,0.0,0.0,0.52,0.52,0.0,0.0,0.0
280.0,9.3,164.0,11.756070016939582,0.3181818181818182,0.0,0.3181818181818182,3.258046301524561,10.432714198894626,1.0
78.8986845733029,2.5609359779187115,2.0597197290787532,0.0,4.5275635896710914e-08,0.35284130151392423,0.33815203180503406,9.137227114107695e-09,2.7901182893829173e-08,1.0
433.655128140615,15.46308313022501,5.592983643477054,0.0,6.210178518336783e-08,0.9887254806735418,0.9512549688071222,0.0,0.0,0.0
903.9004605255625,26.955977531860686,9.63620783442692,0.0,1.3771715573623003e-08,0.7315196269045727,0.7477715718547453,5.3874439731878905e-08,0.0,0.0
191.68675630238062,6.2766077227245765,10.275083150754293,5.968885861486187e-08,3.1056019446456164e-08,0.27543823299639797,0.2923107733182195,0.0,9.471435819987733e-08,0.0
148.03258916283124,4.877794375076305,9.294730323275255,4.949808944245586e-08,4.019525486367763e-08,0.6190377875439101,0.5735477358989873,0.0,6.839834592616162e-08,0.0
790.0,26.3,342.0,0.0,0.0,0.1866666666666666,0.0,0.0,0.0,
698.0096517185444,26.207964381601727,455.8596018201051,1.3880964708957162e-08,0.0,0.0,0.0,5.304025915516562e-09,6.009205779971511e-08,1.0
330.78773137975764,10.651331372227315,125.530678844222,0.0,0.0,2.217552191138058e-09,6.522653512512115e-08,0.0,6.628836016764926e-08,1.0
220.0,7.3,6.0,0.0,0.0,0.2533333333333333,0.2533333333333333,0.0,0.0,0.0
602.0928503592248,17.78357769694108,308.40963074282223,0.0,0.0,0.4124935625233231,0.35076340654654964,1.8657490793072052e-08,7.211475856167646e-08,0.0
510.18457217676206,16.247022880173795,6.2494274907606595,0.0,2.234988490320419e-08,0.3688347123777061,0.3941793392313801,4.606912009997957e-08,7.442553650881317e-08,0.0
381.28001364288724,12.563349180671917,10.211253421248703,1.1056385975537346e-07,0.0,0.41124488342719745,0.40846659206741964,2.5562049931455414e-08,2.130734057986542e-09,0.0
627.2876087587201,18.20913683390517,158.36024496815668,37.07679109174241,0.9619409105159894,0.0,0.8981835162297055,0.9298760164093264,5.504260351988387,1.0
620.0,20.63,333.0,0.0,0.0,0.2,0.2,0.0,0.0,
60.0,1.97,2.0,0.0,0.0,0.2666666666666666,0.2666666666666666,0.0,0.0,1.0
540.0,17.97,164.0,33.51966885449585,0.9866666666666668,0.0,0.9866666666666668,0.9729789590254704,5.555493159784517,1.0
1000.0,33.3,520.0,0.0,0.0,0.0,0.0,0.0,0.0,
70.0,2.3,22.0,0.0,0.0,0.0,0.0,0.0,0.0,
160.0,5.3,4.0,0.0,0.0,0.6533333333333333,0.6533333333333333,0.0,0.0,1.0
930.0,30.97,520.0,0.0,0.0,0.0,0.0,0.0,0.0,
870.0,28.97,520.0,0.0,0.0,0.3866666666666666,0.3866666666666666,0.0,0.0,
948.0932892536682,30.05387657346388,498.08973993498034,0.0,2.4168618519122036e-08,0.21827725172417256,0.2066943996383373,0.0,0.0,1.0
109.40657983635326,4.17245632089013,11.570032152577355,0.0,2.3885966271617634e-08,0.5996821126009506,0.5497460263464186,0.0,2.0464931483917387e-08,0.0
978.6133453703387,32.79880679758073,4.420926589254798,4.2431408970060415e-08,0.0,1.0816232923196258,0.9283067957574442,0.0,0.0,1.0
710.0,23.63,10.0,0.0,0.0,0.2,0.2,0.0,0.0,0.0
50.0,1.63,6.0,18.97408834412164,0.58,0.72,0.72,1.1102454298958204,5.257976260267319,0.0
790.0,26.3,470.0,0.0,0.0,0.0,0.0,0.0,0.0,1.0
720.0,23.97,10.0,0.0,0.0,0.2133333333333333,0.2133333333333333,0.0,0.0,0.0
930.0,30.97,292.0,0.0,0.0,0.0,0.0,0.0,0.0,1.0
770.0,25.63,448.0,0.0,0.0,0.32,0.32,0.0,0.0,
80.0,2.63,25.0,30.501169748198222,0.7903225806451613,0.0,0.6451612903225806,2.5053725753779976,8.949452818493581,
297.20554964157907,10.727841515730633,40.669775140428364,4.5469746504727916e-08,0.0,0.254679460105452,0.23773297627225326,1.1263681119783588e-08,5.9181213009177e-09,0.0
851.0541715068481,30.556234126498786,478.8332151291771,5.3541083089524685e-08,2.8607757091325057e-08,0.2101190178830295,0.19935112065739422,2.2459022999521486e-08,0.0,1.0
978.4271924812933,28.62365993279007,10.32673060235653,3.0860072243158e-08,6.298725511765428e-08,0.8603725309919158,0.7698743535106648,6.754992095617935e-09,0.0,0.0
520.7009096373861,17.899277253240363,5.538089465946925,0.0,0.0,0.27858802227528556,0.2568130397144894,0.0,0.0,0.0
420.0,13.97,127.0,0.0,0.0,0.2,0.0,0.0,0.0,1.0
520.0,17.3,189.0,0.0,0.0,0.0,0.0,0.0,0.0,
21.028880617862267,0.6816025933359952,1.9661634117917057,0.0,4.682182513438288e-08,5.770304984584948e-08,0.0,0.0,0.0,1.0
30.0,0.97,22.0,0.0,0.0,0.0,0.0,0.0,0.0,
870.0,28.97,10.0,0.0,0.0,0.8,0.8,0.0,0.0,0.0
964.8993727766091,29.31859649107202,292.6968527744385,0.0,0.0,0.0,0.0,4.141906840136467e-08,0.0,1.0
750.0,24.97,448.0,0.0,0.0,0.4,0.4,0.0,0.0,
351.9030291448748,13.093836552229961,163.60105048175316,31.986035817147354,0.8813564483014633,2.6294946763315987e-09,0.8386097198637732,1.1552548553994628,5.949816303302478,1.0
690.0,22.97,6.0,0.0,0.0,0.56,0.56,0.0,0.0,
970.0,32.3,520.0,0.0,0.0,0.0,0.0,0.0,0.0,
810.7368391729506,25.926972380868023,8.952986045908702,0.0,0.0,0.2117066382946669,0.20620009821787605,0.0,0.0,0.0
404.07010941670933,14.025097811101727,1.0116629171604674,38.54324489821415,0.9588502458928413,1.0456589280585729,1.0845788650125827,0.2183684627364972,0.2831894410759669,1.0
534.9103858728463,18.236592647835476,10.450516023134835,0.0,0.0,0.9109786834894879,0.9169477625525644,2.6207390249374063e-08,7.827412634603646e-08,0.0
441.6867530711256,14.135431155351409,259.1123566137433,0.0,0.0,0.34924638920648743,0.33097444389865077,8.46194347078471e-09,0.0,0.0
245.30447982474436,9.256095318160233,158.7323186207061,11.338840900118708,0.3250425858608896,0.0,0.30250751575292856,3.2465251554576406,10.328355550724055,1.0
50.0,1.63,5.0,0.0,0.0,0.72,0.72,0.0,0.0,1.0
487.84225891740886,16.812374853452766,6.052816661873589,0.0,0.0,0.3683498837014147,0.4136307531821081,1.7455284739882165e-08,0.0,0.0
170.0,5.63,6.0,0.0,0.0,0.3733333333333333,0.3733333333333333,0.0,0.0,0.0
280.0,9.3,7.0,0.0,0.0,0.0,0.0,0.0,0.0,
740.0,24.63,333.0,0.0,0.0,0.2,0.2,0.0,0.0,
88.01310740581121,2.9992639225713664,1.1202162475206205,42.56106429810246,0.9977288307361725,1.0272059428762748,1.0528044413946038,0.08907918091188471,0.21436063432689495,1.0
864.1536080684518,32.36469748255044,296.8566192613847,0.0,1.0579703399071458e-07,0.0,3.6828821757249994e-08,4.372063421120676e-08,4.711431198776718e-08,0.0
880.0,29.3,4.0,0.0,0.0,1.0,1.0,0.0,0.0,1.0
41.154451738594325,1.3951842430788097,1.9133465390759379,0.0,0.0,0.0,0.0,1.8588026366687153e-08,9.750341206992177e-08,1.0
580.0,19.3,7.0,0.0,0.0,0.0,0.0,0.0,0.0,
122.26505438801709,3.5169579654070846,29.638104972339335,20.102733718559826,0.6077696122927698,2.6825366655880734e-08,0.6102516860291946,4.053740407579527,7.680449564889437,1.0
720.0,23.97,7.0,0.0,0.0,0.0,0.0,0.0,0.0,
520.0,17.3,7.0,0.0,0.0,0.0,0.0,0.0,0.0,
650.0,21.63,333.0,0.0,0.0,0.2,0.2,0.0,0.0,
660.0,21.97,476.0,0.0,0.0,0.0,0.0,0.0,0.0,
1022.0717368335435,32.959605517442434,10.51630657357577,9.291555960273476e-08,0.0,0.5878769455678968,0.5773973892062791,2.022524390203411e-09,1.1507210987386626e-07,0.0
330.0,10.97,1.0,41.549170369187934,1.0,1.0,1.0,0.0449446173765752,0.161508666255086,1.0
340.0,11.3,1.0,41.56932804781795,1.0,1.0,1.0,0.0506735484786406,0.1645186122330218,1.0
860.0,28.63,6.0,0.0,0.0,0.2,0.2,0.0,0.0,
763.077463195328,30.310507125229563,9.800261364780326,0.0,0.0,0.26491011600338854,0.2526283531426384,0.0,2.082307491411047e-08,0.0
190.0,6.3,72.0,0.0,0.0,0.65,0.65,0.0,0.0,
880.0,29.3,442.0,0.0,0.0,0.4,0.4,0.0,0.0,
730.0,24.3,448.0,0.0,0.0,0.6,0.4,0.0,0.0,
641.2507320290231,20.947528837777927,319.57801647955745,1.0172173135060063e-07,0.0,0.4277580202420978,0.4103940841471924,5.3314268840993314e-08,0.0,0.0
950.0,31.63,10.0,0.0,0.0,0.6,0.6,0.0,0.0,0.0
280.0,9.3,10.0,0.0,0.0,0.2,0.2,0.0,0.0,0.0
350.0,11.63,6.0,0.0,0.0,1.0,1.0,0.0,0.0,0.0
910.0,30.3,342.0,0.0,0.0,0.0,0.0,0.0,0.0,
490.0,16.3,307.0,0.0,0.0,0.0,0.0,0.0,0.0,
223.6591134837018,8.085144826658317,37.71348846264154,0.0,5.839331941138584e-08,0.7893585102426559,0.7935933277634757,0.0,9.308220775647326e-08,0.0
750.0,24.97,4.0,0.0,0.0,0.8,0.8,0.0,0.0,1.0
437.22653334606764,15.082113163673467,282.2010804246072,3.262956576138787e-08,2.9406860319189465e-08,0.0,9.821127543541363e-08,0.0,2.1851085454712497e-08,0.0
295.78787821583774,9.304959539724363,9.906892046707844,0.0,0.0,0.25218883307386636,0.29707204194458836,0.0,0.0,0.0
900.0,29.97,292.0,0.0,0.0,0.0,0.0,0.0,0.0,1.0
180.0,5.97,55.0,34.1375869792341,0.9833333333333332,0.25,0.7333333333333333,1.3299979000176696,5.500495889920516,
460.0,15.3,307.0,0.0,0.0,0.0,0.0,0.0,0.0,
860.0,28.63,342.0,0.0,0.0,0.12,0.0,0.0,0.0,
90.56911920016293,2.8855724858609597,1.8547577039076295,0.0,3.327694020904108e-08,0.39651045035677146,0.41532561191532724,8.317656037785192e-09,1.0084023061800154e-08,0.0
120.0,3.97,41.0,0.0,0.0,0.1428571428571428,0.1428571428571428,0.0,0.0,
62.9815731032765,1.9552125786851,9.883701675035587,0.0,0.0,0.4852282037596388,0.5034313163389705,3.550597453160309e-08,0.0,0.0
620.0,20.63,7.0,0.0,0.0,0.2,0.2,0.0,0.0,
510.0,16.97,333.0,0.0,0.0,0.0,0.0,0.0,0.0,
40.0,1.3,30.0,0.0,0.0,0.0,0.0,0.0,0.0,
780.0,25.97,4.0,0.0,0.0,1.0,1.0,0.0,0.0,1.0
87.49164979504353,2.5782837497916598,12.249109013004794,0.0,0.0,0.2720929201397894,0.281849459385439,5.904734632504115e-08,0.0,0.0
310.0,10.3,1.0,41.38729183337392,1.0,1.0,1.0,0.0568935965994788,0.1584655033850895,1.0
390.0,12.97,164.0,34.60315132953175,1.0,0.0,1.0,0.1764087680139868,0.3827226931449818,1.0
200.0,6.63,55.0,33.06549268164068,0.9864864864864864,0.3918918918918919,0.7837837837837838,1.1424700243578192,4.964018905403668,
480.0,15.97,164.0,34.45182724252491,1.0,0.0,1.0,0.0664451827242527,0.2268439453472178,1.0
570.0,18.97,10.0,0.0,0.0,0.5866666666666667,0.5866666666666667,0.0,0.0,0.0
466.68146037951465,15.893887877634052,345.2641972855637,2.979827111608937e-08,0.0,0.6588677200857121,0.7091739752694506,0.0,2.0486525381365458e-08,0.0
300.0,9.97,72.0,0.0,0.0,0.9866666666666668,0.9866666666666668,0.0,0.0,
579.4983854370863,16.957290309950512,3.6664306977852017,1.798770781932278e-08,0.0,0.9248338849770225,0.8492014674727586,0.0,0.0,1.0
260.0,8.63,1.0,40.9141107738165,1.0,1.0,1.0,0.1976194035619392,0.3714610685867783,1.0
470.0,15.63,333.0,0.0,0.0,0.0,0.0,0.0,0.0,
482.7644108769869,17.672587840364255,161.53574259595447,36.18753000319134,1.0161853701483328,0.0,1.002176781309457,0.047396670264820126,0.21460769049237458,1.0
67.92007959635245,1.9122371668486846,2.0786981075017104,0.0,0.0,0.2546519678377953,0.2515073756938634,8.032252866372064e-09,4.4706393116706985e-08,1.0
70.0,2.3,9.0,0.0,0.0,0.0,0.0,0.0,0.0,
577.3351992421709,19.104112857190405,10.455021837337757,0.0,2.929354852980865e-08,0.5508699962456208,0.560071133484457,1.2140800198404438e-08,0.0,0.0
490.0,16.3,333.0,0.0,0.0,0.0,0.0,0.0,0.0,
750.0,24.97,333.0,0.0,0.0,0.2,0.2,0.0,0.0,
590.0,19.63,4.0,0.0,0.0,1.0,1.0,0.0,0.0,1.0
798.6413856689132,27.403657337928205,471.2299220193284,7.176998395872884e-08,0.0,4.22638448650033e-08,0.0,0.0,6.410485327502122e-08,1.0
170.5919505447706,5.098080009884416,1.012091647035867,37.458552103340466,0.9548751766830677,0.98034586913567,1.0346895788417556,0.056415853267842764,0.15102947270808756,1.0
581.7783074646378,18.96827963110924,353.13553479464923,0.0,0.0,4.4454084643122526e-08,0.0,0.0,8.522085582463956e-08,1.0
430.0,14.3,6.0,0.0,0.0,1.0,1.0,0.0,0.0,0.0
455.1992851716335,14.132020375792884,1.0264441161845903,42.59876290420258,0.9518478363073956,1.0361351436382156,1.0827173328392634,0.17848377130010484,0.27077044051970117,1.0
60.926221935290975,1.970022450687907,10.412802822919945,3.718736584918624e-08,0.0,0.5341437940220269,0.5379738297655369,0.0,1.4839927995052755e-07,0.0
400.0,13.3,189.0,0.0,0.0,0.2,0.2,0.0,0.0,
204.80856896665333,7.550305297708087,41.378913920756084,1.7751196121792718e-08,0.0,0.7481438488202773,0.7402578847219704,0.0,1.392143218046508e-08,0.0
760.0,25.3,491.0,0.0,0.0,0.0,0.0,0.0,0.0,1.0
567.0233733301528,18.585678781346903,5.636894862272468,4.851138881126146e-09,0.0,0.2744875382311573,0.2656435152324456,3.368383719530049e-08,0.0,0.0
960.0,31.97,534.0,0.0,0.0,0.0,0.0,0.0,0.0,
430.0,14.3,263.0,0.0,0.0,0.3488372093023256,0.3488372093023256,0.0,0.0,0.0
873.4209831489977,28.400578123175055,8.876955878897897,3.5068112784607145e-08,4.661025219069727e-08,0.5656452842274148,0.5872615706929256,2.307839127389189e-09,0.0,0.0
530.6360622983195,17.75483013666783,156.3398982721043,34.47375388673542,1.04370790694122,1.120102618826597e-07,0.9982387861206192,0.05908589465923315,0.21865072318803,1.0
723.5830028649509,24.648355869232926,329.9138000792464,0.0,1.6787497051047506e-08,0.0,0.0,1.949694686738277e-09,0.0,1.0
429.0969708336138,14.51275409400897,10.085925547703601,5.183533317080523e-08,0.0,0.7999344195058442,0.768241283112213,1.4397360358957855e-08,4.310043634353618e-08,0.0
670.0,22.3,292.0,0.0,0.0,0.0533333333333333,0.0533333333333333,0.0,0.0,
860.0,28.63,4.0,0.0,0.0,1.0,1.0,0.0,0.0,1.0
303.27865147844255,10.382724529464177,10.36225697922105,0.0,0.0,0.2919665768586712,0.27244282008284193,0.0,6.610274595648933e-09,0.0
101.60203068821575,3.475127009295774,4.097461170842447,3.8383100775541544e-09,0.0,1.0374419653508402,1.0206123321801155,2.0214847179510485e-08,0.0,1.0
570.0,18.97,292.0,0.0,0.0,0.2133333333333333,0.2133333333333333,0.0,0.0,0.0
760.0,25.3,470.0,0.0,0.0,0.0,0.0,0.0,0.0,1.0
250.0,8.3,4.0,0.0,0.0,0.7466666666666667,0.7466666666666667,0.0,0.0,
430.0,14.3,269.0,32.34453781512604,1.0,0.0,0.0,1.0840336134453772,1.1848441500513986,
583.6062014442698,20.185386784597338,3.716785137405493,0.0,0.0,0.9852127003247235,0.9694603780683297,9.241788253783833e-10,0.0,1.0
240.0,7.97,157.0,33.147534583593284,1.0,0.0,0.1111111111111111,0.1302195746640188,0.2305393780946753,
830.0,27.63,470.0,0.0,0.0,0.0,0.0,0.0,0.0,1.0
317.3979911956643,10.345912078696635,9.603655761218317,0.0,4.2459269941634894e-08,0.39772086824209096,0.4053182402584431,2.2597786791417968e-08,0.0,0.0
600.0,19.97,189.0,0.0,0.0,0.0,0.0,0.0,0.0,
970.0,32.3,470.0,0.0,0.0,0.0533333333333333,0.0533333333333333,0.0,0.0,
860.0,28.63,307.0,0.0,0.0,0.28,0.28,0.0,0.0,
518.6092522756088,18.295820683296775,9.471971366685263,6.5974626434796674e-09,0.0,0.5935499494033393,0.5334314495947942,0.0,4.882530565403227e-08,0.0
330.0,10.97,127.0,0.0,0.0,0.0,0.0,0.0,0.0,1.0
820.0,27.3,4.0,0.0,0.0,1.0,1.0,0.0,0.0,1.0
980.0,32.63,62.0,0.0,0.0,0.52,0.52,0.0,0.0,
530.0,17.63,62.0,0.0,0.0,0.84,0.84,0.0,0.0,
640.0,21.3,448.0,0.0,0.0,0.0,0.0,0.0,0.0,
460.0,15.3,189.0,0.0,0.0,0.2,0.2,0.0,0.0,
776.894036386056,28.296180963930713,312.0338402872518,0.0,1.0132334889745775e-08,0.0,0.0,0.0,0.0,0.0
70.0,2.3,4.0,0.0,0.0,0.8,0.8,0.0,0.0,1.0
730.0,24.3,292.0,0.0,0.0,0.0,0.0,0.0,0.0,1.0
250.0,8.3,10.0,0.0,0.0,0.2533333333333333,0.2533333333333333,0.0,0.0,
50.0,1.63,30.0,0.0,0.0,0.0,0.0,0.0,0.0,
200.0,6.63,107.0,0.0,0.0,0.0,0.0,0.0,0.0,
950.0,31.63,62.0,0.0,0.0,0.8,0.8,0.0,0.0,
890.0,29.63,448.0,0.0,0.0,0.12,0.12,0.0,0.0,
310.0,10.3,72.0,0.0,0.0,0.8533333333333334,0.8533333333333334,0.0,0.0,
125.79182354104206,3.5871086444871856,10.231230936099488,1.7535068313459497e-08,0.0,0.9907155947673547,1.0423130184939922,0.0,0.0,0.0
530.0,17.63,342.0,0.0,0.0,0.0,0.0,0.0,0.0,1.0
255.17842960211632,8.929945280419652,9.856840903635247,7.748030364536715e-08,9.947685128141424e-08,0.19770095747554248,0.20903923757509615,0.0,5.178296302063191e-08,0.0
450.0,14.97,164.0,34.41860465116279,1.0,0.0,1.0,0.0553709856035439,0.2085744195738889,1.0
790.0,26.3,496.0,0.0,0.0,0.0,0.0,0.0,0.0,
771.6375850873369,26.983750253143462,3.887662507737626,0.0,0.0,0.9794548204775122,0.9607002096772176,2.2706975359398986e-08,7.474254309083783e-09,1.0
750.0,24.97,292.0,0.0,0.0,0.0,0.0,0.0,0.0,1.0
770.0,25.63,342.0,0.0,0.0,0.08,0.0,0.0,0.0,
29.032323588744767,0.9896346389502334,5.941772479842584,31.39952864926199,1.0183014861403803,0.5412993834358198,0.5002560297228312,1.8521207820213157,6.676704712856269,0.0
380.0,12.63,41.0,0.0,0.0,0.28,0.28,0.0,0.0,0.0
510.0,16.97,342.0,0.0,0.0,0.0,0.0,0.0,0.0,
540.0,17.97,7.0,0.0,0.0,0.0,0.0,0.0,0.0,
830.0,27.63,1.0,40.03008812290527,1.0,1.0,1.0,0.0916497060153778,0.2253899934666843,
810.0,26.97,62.0,0.0,0.0,0.8,0.8,0.0,0.0,
652.3939751686767,18.828963188313196,278.91334235350445,5.6167250899348074e-08,0.0,0.6329272911215793,0.6069239173300394,2.8443074099587244e-08,0.0,0.0
834.7578292547943,32.47496478306481,10.090234957457163,1.6403514471231024e-08,0.0,0.5084481170996615,0.5493841350503138,2.6595799045203287e-08,0.0,0.0
980.0,32.63,292.0,0.0,0.0,0.28,0.28,0.0,0.0,
960.0,31.97,292.0,0.0,0.0,0.0133333333333333,0.0133333333333333,0.0,0.0,0.0
360.0,11.97,10.0,0.0,0.0,0.4,0.4,0.0,0.0,0.0
840.0,27.97,520.0,0.0,0.0,0.2909090909090909,0.2909090909090909,0.0,0.0,
410.0,13.63,4.0,0.0,0.0,0.32,0.32,0.0,0.0,
390.0,12.97,7.0,0.0,0.0,0.6533333333333333,0.6533333333333333,0.0,0.0,
190.0,6.3,7.0,0.0,0.0,0.0,0.0,0.0,0.0,
19.356473102477622,0.5907127932694205,4.923707414790833,3.1385069990514444e-08,3.81802478437276e-08,0.3153808330474787,0.292355379586778,9.177452557257137e-08,0.0,1.0
898.9042580684109,25.84129761167152,302.2748678752444,0.0,6.582785534578271e-08,6.444900769908652e-08,2.6290537610552345e-08,1.6992049064238737e-08,0.0,0.0
270.0,8.97,133.0,0.0,0.0,0.2777777777777778,0.2777777777777778,0.0,0.0,
1000.0,33.3,10.0,0.0,0.0,1.0,1.0,0.0,0.0,
184.69789239342234,5.189279557494677,40.8757273782724,6.57398342563045e-09,4.451858358302571e-08,0.6625380540888444,0.607181321293411,0.0,0.0,0.0
649.7442954375036,20.520669935057406,347.12145838001265,0.0,0.0,0.0,6.563673973343823e-08,1.2803702223165293e-08,0.0,1.0
570.0,18.97,62.0,0.0,0.0,0.5866666666666667,0.5866666666666667,0.0,0.0,
770.0,25.63,189.0,0.0,0.0,0.0,0.0,0.0,0.0,
140.0,4.63,31.0,17.7549412360252,0.6142857142857143,0.0,0.6142857142857143,3.100450664136622,7.450437517427969,1.0
314.5949240098842,11.996539188613825,122.9794093651655,0.0,0.0,0.0,0.0,0.0,0.0,1.0
10.0,0.3,6.0,29.70872160548847,1.0,0.0,0.0,0.5746664235745346,0.5669677756131823,
650.0,21.63,448.0,0.0,0.0,0.0,0.0,0.0,0.0,
884.1603953341183,29.54440283240894,3.91353838044446,3.2872966896665382e-09,0.0,0.9522013361858181,0.9848820310693922,0.0,0.0,1.0
168.83076004257222,5.498520666450789,42.21809078735712,4.832558513629386e-08,4.518756038739805e-08,0.6183753569895298,0.6512376232465931,0.0,0.0,0.0
894.0372876861787,31.03488048851164,466.37869124165985,7.636358425245562e-08,1.5617696481393196e-08,0.22341265108813205,0.19155034808759147,0.0,2.8259965672871557e-08,1.0
310.0,10.3,93.0,0.0,0.0,0.12,0.12,0.0,0.0,1.0
923.9455403302114,29.213187750664762,3.9459517867910403,9.559169889880794e-09,0.0,1.0364094583631407,1.0133048572816357,0.0,0.0,1.0
370.0,12.3,164.0,30.789098917501583,0.88,0.0,0.88,1.1706854945455158,5.9260390041954185,1.0
41.8425555769572,1.358852206134717,10.24230932486013,3.251149314727739e-08,5.411731313685657e-08,0.34889903749821816,0.3522555062869198,0.0,0.0,0.0
250.0,8.3,133.0,0.0,0.0,0.0,0.0,0.0,0.0,
340.0,11.3,7.0,0.0,0.0,0.32,0.32,0.0,0.0,
930.0,30.97,578.0,34.609363943129104,1.0,0.0,1.0,0.3960534676535681,0.5715981963370197,
770.0,25.63,6.0,0.0,0.0,0.4,0.4,0.0,0.0,
400.0,13.3,216.0,29.34747307617325,0.9857142857142858,0.2142857142857142,0.8,0.4900430860374836,0.6206389069378315,
260.0,8.63,164.0,2.8571428571428563,0.0833333333333333,0.0,0.0833333333333333,2.8571428571428563,9.679880615541938,
190.0,6.3,1.0,40.53979099591455,1.0,1.0,1.0,0.1282442915507438,0.2311521846356276,1.0
310.60090485802095,10.130796933402898,1.0057139796544958,41.58389895304759,0.9940497684764937,1.006481170365652,0.9710443949858458,0.053130962976147826,0.14587100731220395,1.0
240.0,7.97,158.0,0.0,0.0,0.0,0.0,0.0,0.0,
500.0,16.63,1.0,38.99068773038564,1.0,1.0,1.0,0.1881967634281223,0.3071025972797365,1.0
770.0,25.63,292.0,0.0,0.0,0.0,0.0,0.0,0.0,
405.8559781932271,13.090251139362763,167.2533585962289,33.050502124122204,1.0241286380081442,0.0,1.0897088983734786,0.0980638954979058,0.293363614491099,1.0
400.0,13.3,263.0,0.0,0.0,0.0,0.0,0.0,0.0,0.0
671.2399023899034,24.238743633257116,10.397090405413357,0.0,0.0,0.33735052590722814,0.39133105061448403,1.2522603438130399e-08,7.53639997430669e-09,0.0
970.0,32.3,307.0,0.0,0.0,0.0,0.0,0.0,0.0,
760.0,25.3,10.0,0.0,0.0,0.4,0.4,0.0,0.0,0.0
460.0,15.3,127.0,0.0,0.0,0.2,0.0,0.0,0.0,
760.0,25.3,342.0,0.0,0.0,0.0,0.0,0.0,0.0,
530.0,17.63,6.0,0.0,0.0,0.4,0.4,0.0,0.0,0.0
940.0,31.3,578.0,34.21015803093659,1.0,0.0,1.0,0.2895127566512799,0.5156966579652795,
370.0,12.3,189.0,0.0,0.0,0.234375,0.234375,0.0,0.0,
260.0,8.63,4.0,0.0,0.0,0.8,0.8,0.0,0.0,
630.0,20.97,189.0,0.0,0.0,0.2133333333333333,0.2133333333333333,0.0,0.0,
240.0,7.97,127.0,0.0,0.0,0.5714285714285714,0.5714285714285714,0.0,0.0,
370.0,12.3,4.0,0.0,0.0,0.6266666666666667,0.6266666666666667,0.0,0.0,
538.9777707378008,19.50027682892423,288.1654514091891,1.0667310161749701e-09,2.8099563019822847e-09,0.21318350014503532,0.20261044430141362,0.0,0.0,0.0
290.0,9.63,157.0,30.180421192797912,1.0,0.6101694915254238,0.864406779661017,0.3788678257625714,0.4766221969485263,
510.0,16.97,307.0,0.0,0.0,0.0,0.0,0.0,0.0,
500.0,16.63,189.0,0.0,0.0,0.12,0.12,0.0,0.0,
380.0,12.63,7.0,0.0,0.0,0.6533333333333333,0.6533333333333333,0.0,0.0,
775.7372331296635,23.669926413004422,10.349415515877908,1.0333972231305605e-07,0.0,0.40631200534753287,0.34936948331360784,0.0,0.0,0.0
480.0,15.97,189.0,0.0,0.0,0.2,0.2,0.0,0.0,
650.0,21.63,342.0,0.0,0.0,0.0,0.0,0.0,0.0,1.0
951.4550484985514,33.41335060576685,476.0289210471315,0.0,3.372217048896028e-08,0.2011231158201874,0.19236913066398753,1.6937119233081123e-08,1.7181561367526248e-07,1.0
630.0,20.97,292.0,0.0,0.0,0.4,0.4,0.0,0.0,0.0
830.0,27.63,62.0,0.0,0.0,0.72,0.72,0.0,0.0,
500.0,16.63,341.0,0.0,0.0,0.6666666666666666,0.6666666666666666,0.0,0.0,0.0
460.0,15.3,234.0,0.0,0.0,0.0,0.0,0.0,0.0,1.0
432.23649075021683,14.108602994922943,168.1028865072847,38.013366748330206,0.9678359325967351,0.0,0.9592211407905266,0.08970313383191769,0.3308066824778,1.0
920.0,30.63,470.0,0.0,0.0,0.2,0.2,0.0,0.0,1.0
180.0,5.97,4.0,0.0,0.0,0.4,0.4,0.0,0.0,1.0
170.0,5.63,30.0,0.0,0.0,0.0,0.0,0.0,0.0,
481.4944693716533,16.134474120400228,333.9345540784178,3.526244838559717e-08,1.818956591750335e-09,5.052265298543971e-09,4.202878217862882e-08,1.527863995759073e-08,0.0,0.0
680.0,22.63,164.0,32.67614535736644,0.88,0.0,0.88,2.1476149095020505,8.34210339198451,1.0
119.79416729462767,3.9625013111955747,12.127485905208726,3.821384116749804e-08,0.0,0.5508946988155788,0.5878802098816708,0.0,2.0341862691708885e-09,0.0
827.8887796441638,27.855123671248197,279.64765131704115,0.0,3.9895586842089705e-08,0.0,2.062095794359965e-08,0.0,1.5211974166927747e-08,0.0
990.0,32.97,10.0,0.0,0.0,1.0,1.0,0.0,0.0,
740.0,24.63,307.0,0.0,0.0,0.0,0.0,0.0,0.0,
260.0,8.63,10.0,0.0,0.0,0.2,0.2,0.0,0.0,0.0
567.9747962021647,18.412929262419077,294.3922952713318,0.0,0.0,0.01410812641778939,0.013885387142872959,0.0,0.0,0.0
493.21808813229086,15.345150468579762,6.011071956434978,0.0,6.942418799817525e-08,0.48431216119185483,0.4427758511905817,7.885590730784341e-08,0.0,0.0
750.0,24.97,7.0,0.0,0.0,0.0,0.0,0.0,0.0,
340.0,11.3,217.0,32.41289198606272,1.0,0.0,0.0,0.2424506387921031,0.5300363389050992,
220.0,7.3,41.0,0.0,0.0,0.7466666666666667,0.7466666666666667,0.0,0.0,0.0
468.82337790587724,17.125890953089193,9.3575947821546,0.0,0.0,1.0408292659806089,1.0057571553269653,3.100933968850642e-08,3.636542886591564e-08,0.0
510.0,16.97,1.0,38.715920830618735,1.0,1.0,1.0,0.1482297859611451,0.2780540038738027,1.0
670.0,22.3,448.0,0.0,0.0,0.1527777777777778,0.0,0.0,0.0,
460.0,15.3,1.0,40.21492121446152,1.0,1.0,1.0,0.2033199068593723,0.3143081549332485,1.0
310.0,10.3,164.0,13.94572720659677,0.3783783783783784,0.0,0.3783783783783784,2.967377315203401,9.921173620942914,1.0
950.0,31.63,4.0,0.0,0.0,1.0,1.0,0.0,0.0,
460.59980070022044,17.270865893905167,9.389906155016316,0.0,0.0,0.9767088968097398,1.0558071847091814,0.0,4.178874416186572e-08,0.0
279.56160886159813,8.924227185246028,1.0452770463642274,39.066280947854,1.0111286577703849,0.9679572581931998,1.0314678318962611,0.20289734253145975,0.37536842617321137,1.0
628.5825586982326,20.681699360100456,9.442027685849643,3.185919231337028e-08,0.0,0.5231134656145354,0.5041030762224396,5.02303677847047e-10,4.747819774229407e-08,0.0
20.0,0.63,2.0,0.0,0.0,0.0,0.0,0.0,0.0,1.0
590.0,19.63,292.0,0.0,0.0,0.48,0.48,0.0,0.0,0.0
710.0,23.63,292.0,0.0,0.0,0.0,0.0,0.0,0.0,
690.451381185776,22.686718275233638,245.80436025379697,8.941930620825885e-08,0.0,0.29001187439761267,0.28076973148206236,6.845478167541059e-08,3.837920719090791e-08,1.0
431.38214519430835,14.794402731296396,10.504713715201238,0.0,8.309015520502232e-08,0.621860507927226,0.5335489355852427,0.0,0.0,0.0
388.4804656287793,12.218354099211114,130.80129453371393,4.4689774726476865e-08,5.564254393928672e-08,0.0,2.3520878350082327e-08,7.800118868434781e-09,3.190548049311299e-08,1.0
750.0,24.97,307.0,0.0,0.0,0.0,0.0,0.0,0.0,
410.0,13.63,127.0,0.0,0.0,0.2,0.0,0.0,0.0,
412.90217052062513,13.891933268899415,10.139600325821371,1.0166497718727411e-07,9.134409786789753e-08,0.378346962706989,0.3576037799571763,5.417843772404756e-08,1.5410847356810295e-08,0.0
200.0,6.63,10.0,0.0,0.0,0.28,0.28,0.0,0.0,0.0
950.0,31.63,470.0,0.0,0.0,0.2,0.2,0.0,0.0,1.0
417.0267997760338,13.331108184074385,158.67717680685806,32.8429542431199,0.9951025704623289,4.950643826270021e-08,1.024321365520534,0.15778435026463106,0.3879317509332186,1.0
900.0,29.97,554.0,0.0,0.0,0.0,0.0,0.0,0.0,1.0
516.33715469114,17.26426116986591,1.058682876537774,40.84454564476122,0.9185353746406935,0.9367560393220948,0.963358934100872,0.18180895186060442,0.3071697897976239,1.0
720.0,23.97,6.0,0.0,0.0,0.3733333333333333,0.3733333333333333,0.0,0.0,
630.0,20.97,4.0,0.0,0.0,0.8266666666666667,0.8266666666666667,0.0,0.0,
853.3828352516344,31.838286610237294,4.327496309253028,0.0,1.4123567110303807e-08,1.0320269490819198,0.9263606689089212,0.0,0.0,1.0
303.3670399409405,10.12367293165782,131.7735426574253,0.0,0.0,0.0,5.942447915192843e-08,0.0,0.0,1.0
483.6445268840449,14.991571017496144,10.436020767308982,0.0,3.943594704023283e-10,0.8112219612158879,0.8295265440950846,6.65215946338176e-08,8.456721902188272e-08,0.0
227.78168782419152,7.556857714195417,5.761687185814537,0.0,0.0,0.2836408623518293,0.29374008566723586,2.191510161322175e-08,0.0,0.0
718.3034539165662,25.174715815591163,10.151831212944622,0.0,0.0,0.3738167826220975,0.4152722490705808,0.0,2.3588905415357665e-09,0.0
50.0,1.63,1.0,41.18181818181817,1.0,0.72,0.72,0.0303030303030303,0.1499611088804223,1.0
260.0,8.63,41.0,0.0,0.0,0.8,0.8,0.0,0.0,1.0
870.0,28.97,534.0,0.0,0.0,0.0,0.0,0.0,0.0,
100.0,3.3,10.0,0.0,0.0,0.8,0.8,0.0,0.0,0.0
730.0,24.3,470.0,0.0,0.0,0.0,0.0,0.0,0.0,1.0
630.0,20.97,7.0,0.0,0.0,0.2,0.2,0.0,0.0,
790.0,26.3,4.0,0.0,0.0,1.0,1.0,0.0,0.0,1.0
110.0,3.63,6.0,5.633317915510329,0.16,0.72,0.72,0.6267756192825568,4.3160795150783775,0.0
600.0,19.97,10.0,0.0,0.0,0.4133333333333333,0.4133333333333333,0.0,0.0,0.0
440.0,14.63,248.0,0.0,0.0,0.0,0.0,0.0,0.0,
810.0660738563704,28.552560784280136,9.052868803920513,1.2175013757644749e-08,1.4071056686049295e-08,0.2228705970104789,0.21249345057810412,3.6206117629286334e-08,0.0,0.0
800.0,26.63,490.0,0.0,0.0,0.3111111111111111,0.3111111111111111,0.0,0.0,
650.0,21.63,7.0,0.0,0.0,0.2,0.2,0.0,0.0,
346.53530856073564,13.04916357889482,9.947318165868303,0.0,3.315646675830406e-08,0.39727347690510717,0.4043411840295879,0.0,0.0,0.0
880.0,29.3,292.0,0.0,0.0,0.0,0.0,0.0,0.0,0.0
878.397546573178,24.870159979771678,289.41101012509375,8.993205111759607e-08,7.260330827304846e-09,0.0,0.0,0.0,1.3750761761741734e-08,0.0
135.1422792557094,4.242653067231763,5.740812489854918,6.744128113019482e-08,0.0,0.6362484363227232,0.5818114871912553,0.0,0.0,0.0
530.0,17.63,10.0,0.0,0.0,0.92,0.92,0.0,0.0,0.0
70.0,2.3,12.0,0.0,0.0,0.1571428571428571,0.1571428571428571,0.0,0.0,0.0
650.0,21.63,430.0,0.0,0.0,0.0,0.0,0.0,0.0,1.0
960.0,31.97,578.0,34.4033765199743,1.0,0.0,1.0,0.2811642034396677,0.484854801545262,
930.3290733838268,32.16290513913025,313.69848177898064,1.7645535508409942e-08,0.0,9.451792124573583e-08,0.0,2.4462634544495133e-08,0.0,1.0
749.0887758377673,24.01730111785018,468.66220703608315,0.0,0.0,3.4530800917772774e-08,5.976071957703126e-08,0.0,2.6514510425656528e-08,1.0
430.0,14.3,1.0,40.93769620679184,1.0,1.0,1.0,0.1824437611020227,0.2783809824141814,1.0
850.0,28.3,234.0,0.0,0.0,0.3066666666666666,0.3066666666666666,0.0,0.0,
450.0,14.97,62.0,0.0,0.0,0.7647058823529411,0.7647058823529411,0.0,0.0,
722.0776651434098,26.735960348986005,449.21118436257495,0.0,0.0,0.0,0.0,5.5858834482402585e-08,6.576309262650306e-08,1.0
222.72862544262003,7.045957357798213,46.0792559400683,0.0,6.372811980621183e-09,0.7952449552118848,0.7128192110311815,1.0594490922496179e-08,0.0,0.0
49.31673070005949,1.5397450477061971,10.147964175632234,4.5178333422672524e-08,1.2739309573013622e-08,0.40570489043760755,0.4277097222415175,1.2307834325975044e-09,2.891238730457557e-08,0.0
536.5605294777251,17.441670875627725,5.890793732235746,0.0,1.1166287674912786e-07,0.26221614665172693,0.2645243710644536,6.05905938320859e-08,7.63799404632971e-08,0.0
800.0,26.63,1.0,39.795454545454525,1.0,1.0,1.0,0.0082070707070707,0.0710753172297836,
790.0,26.3,442.0,0.0,0.0,0.0,0.0,0.0,0.0,
290.0,9.63,72.0,0.0,0.0,1.0,1.0,0.0,0.0,
700.0,23.3,307.0,0.0,0.0,0.4533333333333333,0.4533333333333333,0.0,0.0,
370.0,12.3,1.0,41.60704771932872,1.0,1.0,1.0,0.1430145971058953,0.2535676917226358,1.0
782.6746791126574,24.850079600543022,4.038146524075681,0.0,2.250533547573233e-08,0.9745599430419138,1.035532398375188,0.0,0.0,1.0
701.4686905068122,23.18994520059434,10.515714104129403,0.0,6.293200922668563e-08,0.2738246312641422,0.23667675824732115,0.0,0.0,0.0
290.0,9.63,6.0,0.0,0.0,1.0,1.0,0.0,0.0,0.0
220.0,7.3,127.0,0.0,0.0,0.0,0.0,0.0,0.0,
660.7791231123329,23.862113323217635,9.674652411188864,0.0,0.0,0.3869985971831077,0.38707003453917976,0.0,0.0,0.0
850.0,28.3,1.0,40.441214310150855,1.0,1.0,1.0,0.1132085783205188,0.2605134684133241,
452.87165270183067,15.28544092530992,230.74769397430455,0.0,0.0,0.2359518598194687,0.24853795514933322,0.0,0.0,1.0
700.0,23.3,292.0,0.0,0.0,0.0,0.0,0.0,0.0,
761.099006376504,24.24503740347107,288.0741508991683,5.4111619461940194e-08,0.0,0.0,3.4750523564080706e-08,0.0,0.0,1.0
150.0,4.97,62.0,0.0,0.0,0.125,0.125,0.0,0.0,
552.9617766129003,19.80737049702728,171.0483946481669,37.08779803035129,0.9495330123720799,7.691093962148501e-08,1.0587449529402744,0.9976341463745646,5.8604409008977765,1.0
412.0491810312827,14.149934578818952,6.119532394411889,4.88542897321973e-08,3.299975987959513e-08,1.0585304602048584,1.1068460622075222,0.0,0.0,0.0
710.0,23.63,6.0,0.0,0.0,0.3733333333333333,0.3733333333333333,0.0,0.0,
700.0,23.3,62.0,0.0,0.0,0.4,0.4,0.0,0.0,
557.5492493097087,15.977912270868636,352.53877396872167,5.1620728656982135e-08,0.0,0.7063748081322443,0.7230818129131996,3.4937090933024584e-09,1.2368969669967186e-09,0.0
500.0,16.63,333.0,0.0,0.0,0.0,0.0,0.0,0.0,
490.0,16.3,1.0,39.20870443590234,1.0,1.0,1.0,0.2350013477327066,0.3235637069135552,1.0
680.0,22.63,448.0,0.0,0.0,0.2,0.0,0.0,0.0,
964.0626220281821,29.85290264867141,9.663205658292608,0.0,8.022154824231052e-08,0.48299398125960913,0.45439168337575436,0.0,4.044294344773354e-08,0.0
592.4056740655867,20.122066483038036,410.3732893236073,3.238106460336712e-08,0.0,9.508991534146532e-09,0.0,0.0,5.942960017690222e-09,1.0
920.0,30.63,10.0,0.0,0.0,0.4,0.4,0.0,0.0,0.0
550.0,18.3,292.0,0.0,0.0,0.1466666666666666,0.1466666666666666,0.0,0.0,0.0
790.0,26.3,10.0,0.0,0.0,0.2533333333333333,0.2533333333333333,0.0,0.0,0.0
270.0,8.97,10.0,0.0,0.0,0.2,0.2,0.0,0.0,0.0
710.6256689760476,24.30323058271992,9.838220723886831,0.0,7.633344653634342e-10,0.2148046472039608,0.2334464664918654,2.4600152212915993e-08,2.020938185503549e-08,0.0
640.0,21.3,10.0,0.0,0.0,0.4,0.4,0.0,0.0,0.0
540.0,17.97,333.0,0.0,0.0,0.0,0.0,0.0,0.0,
520.0,17.3,1.0,38.68447891530586,1.0,1.0,1.0,0.1801887767911037,0.2994187311908836,1.0
325.17144945479276,10.720315965602305,95.62168230019572,0.0,0.0,0.12213131905648286,0.11530385332834478,0.0,0.0,1.0
860.0,28.63,442.0,0.0,0.0,0.28,0.28,0.0,0.0,
458.03937948694204,14.86985259722529,283.66982090371215,1.189707327687329e-08,0.0,4.8366263226110316e-08,0.0,0.0,1.3729769409659594e-08,0.0
292.80185135336495,9.623558591381784,1.078835821634836,39.93411955328268,1.0693157305810663,1.0579592674853253,0.9881363935924153,0.052871114323038884,0.15397747349339214,1.0
356.37447716317314,10.564379513607918,168.11898072319542,22.730985784173033,0.7141365104954666,0.0,0.7398484686230574,2.206707638259261,8.693132641909813,1.0
970.0,32.3,342.0,0.0,0.0,0.0,0.0,0.0,0.0,
690.0,22.97,164.0,28.70624094786907,0.7733333333333333,0.0,0.7733333333333333,2.6554163279417664,9.312344581509834,1.0
750.0,24.97,189.0,0.0,0.0,0.1866666666666666,0.1866666666666666,0.0,0.0,
980.0,32.63,333.0,0.0,0.0,0.0,0.0,0.0,0.0,
950.0,31.63,559.0,15.55517555859553,0.6046511627906976,0.0,0.6046511627906976,4.599047071259793,8.994365449218085,
248.84219398106225,8.04384616770913,5.779352562290954,0.0,7.167623922540429e-08,0.24735500954248918,0.2782609128073828,3.289065115425916e-08,0.0,0.0
520.0,17.3,234.0,0.0,0.0,0.0,0.0,0.0,0.0,
940.0,31.3,7.0,0.0,0.0,0.0,0.0,0.0,0.0,
1000.0,33.3,534.0,0.0,0.0,0.0,0.0,0.0,0.0,
1017.1287036794154,32.3800160436415,474.85916682042426,2.4600535204649768e-08,0.0,0.1739640779717405,0.17401237194833302,2.2261324626211373e-08,2.3722275647659547e-08,1.0
136.42223391038664,3.997833597126447,1.0180070424738492,39.65926855818795,0.9997300396743408,1.014059579286238,0.9227818766385152,0.1087330877501996,0.21619698818876804,1.0
440.0,14.63,10.0,0.0,0.0,0.8,0.8,0.0,0.0,0.0
81.3664154907783,2.373895096492612,0.9832741471557093,41.781965202766614,1.0571881263745748,0.9077279442068318,0.757640880246275,0.0731640058674905,0.21812844348697158,1.0
260.0,8.63,156.0,0.0,0.0,0.1875,0.1875,0.0,0.0,
788.0052430445771,24.991792937384194,10.550455496914953,4.95126369538942e-08,0.0,0.40261728781240164,0.41410113809987614,4.5213986933819036e-08,3.375786732358529e-08,0.0
330.0,10.97,10.0,0.0,0.0,0.6,0.6,0.0,0.0,
880.0,29.3,307.0,0.0,0.0,0.5466666666666666,0.5466666666666666,0.0,0.0,
230.0,7.63,93.0,0.0,0.0,0.1538461538461538,0.1538461538461538,0.0,0.0,
480.0,15.97,4.0,0.0,0.0,0.2133333333333333,0.2133333333333333,0.0,0.0,
19.516843970741125,0.6575625024953201,6.258502434111393,30.780503195497957,1.0400344102652457,0.2923514921688689,0.3115418031845308,0.5350874118783352,0.5735395778509823,0.0
93.69376115770774,2.742335431127573,3.971726707891192,2.6868716458564777e-08,0.0,1.065848168861626,0.9444013568597679,1.3381888633509788e-09,1.3077046769432724e-08,1.0
210.0,6.97,10.0,0.0,0.0,0.4,0.4,0.0,0.0,0.0
809.5703965534901,24.18977852665474,280.11422745534037,0.0,0.0,2.925354781147669e-08,0.0,1.3769446159518597e-08,2.1921778124831827e-09,1.0
646.5272811604258,18.60346728936329,323.68358567863027,0.0,0.0,0.0,0.0,0.0,1.7333703643414462e-08,1.0
60.0,1.97,10.0,0.0,0.0,0.5166666666666667,0.5166666666666667,0.0,0.0,0.0
540.0,17.97,363.0,0.0,0.0,0.0,0.0,0.0,0.0,
865.0863130899065,28.22475559395473,4.237702458625822,1.087533259112478e-08,0.0,0.9371800932052565,0.9149773672863889,9.836328748318883e-10,0.0,1.0
325.15916644614623,11.218799460078214,9.822702418752325,7.978576298093294e-08,0.0,0.5780383843651711,0.5965512221143257,1.1119872376200032e-07,4.3283574517361523e-10,0.0
281.2490102120453,9.890718353078118,1.0053175136493135,38.95394609975181,1.0454190963189807,1.0235596008447125,1.034182869584608,0.13467324183544238,0.313387886294321,1.0
330.0,10.97,93.0,0.0,0.0,0.12,0.12,0.0,0.0,1.0
450.0,14.97,6.0,0.0,0.0,1.0,1.0,0.0,0.0,0.0
590.0,19.63,430.0,0.0,0.0,0.0,0.0,0.0,0.0,
608.5877818641836,19.062491269136203,4.12712547596667,1.0079487202545302e-09,0.0,1.0752051512335847,1.0198746679825477,5.08179964236545e-08,1.409262012598128e-08,1.0
461.6381804083568,13.676902046179864,1.0818339150515945,43.49323501569228,0.928539393319717,1.07308001253429,0.9682952192657038,0.20123842084071175,0.28413673712139836,1.0
960.0,31.97,342.0,0.0,0.0,0.0,0.0,0.0,0.0,
850.0,28.3,10.0,0.0,0.0,0.7466666666666667,0.7466666666666667,0.0,0.0,0.0
1000.0,33.3,7.0,0.0,0.0,0.0,0.0,0.0,0.0,
615.4009394744909,21.476003546236598,318.0551818680414,0.0,0.0,0.4163183258611687,0.3762222341267289,0.0,7.497159770004708e-08,0.0
120.0,3.97,9.0,0.0,0.0,0.0,0.0,0.0,0.0,
357.1611036609501,10.692896661909717,120.73114212691233,1.447720599286022e-08,0.0,0.0,0.0,3.02983150163478e-08,0.0,1.0
900.0,29.97,448.0,0.0,0.0,0.0,0.0,0.0,0.0,
460.0,15.3,10.0,0.0,0.0,0.8,0.8,0.0,0.0,0.0
450.0,14.97,7.0,0.0,0.0,0.0,0.0,0.0,0.0,
80.0,2.63,4.0,0.0,0.0,0.88,0.88,0.0,0.0,1.0
630.0,20.97,342.0,0.0,0.0,0.0,0.0,0.0,0.0,1.0
424.0991907572775,13.568185035662529,9.776026344738698,3.748327119810595e-08,1.1759217653910598e-07,0.6092098565834224,0.5779530669878545,0.0,0.0,0.0
350.0,11.63,1.0,41.54859472384221,1.0,1.0,1.0,0.0808674067733738,0.2055642594680442,1.0
830.0,27.63,6.0,0.0,0.0,0.08,0.08,0.0,0.0,
314.1472631653681,9.936016942264652,9.767288474531016,0.0,1.7727744562760702e-08,0.4376239798881696,0.41789444635622336,0.0,6.873490832448628e-08,0.0
90.0,2.97,1.0,40.89114219114219,1.0,1.0,1.0,0.0850912975912976,0.2166064986603742,1.0
348.6558503021389,12.424787719549204,6.080298760121946,5.6133176887159294e-08,6.001144722886789e-08,0.9439074398950106,0.9903021160444536,0.0,0.0,0.0
800.0,26.63,333.0,0.0,0.0,0.0,0.0,0.0,0.0,
300.0,9.97,156.0,0.0,0.0,0.2083333333333333,0.2083333333333333,0.0,0.0,
10.0,0.3,2.0,0.0,0.0,0.0,0.0,0.0,0.0,
640.0,21.3,307.0,0.0,0.0,0.3466666666666667,0.3466666666666667,0.0,0.0,
650.0,21.63,189.0,0.0,0.0,0.4,0.4,0.0,0.0,
292.48208047947935,10.626637132909982,9.945272579750988,3.360131747012921e-09,9.006063814559158e-08,0.40102529484905475,0.42677244593961644,0.0,0.0,0.0
780.0,25.97,307.0,0.0,0.0,0.0,0.0,0.0,0.0,
400.0,13.3,127.0,0.0,0.0,0.1466666666666666,0.0,0.0,0.0,
430.0,14.3,127.0,0.0,0.0,0.2,0.0,0.0,0.0,1.0
308.3594840641676,10.050409948347273,1.0588748441580882,41.21282389555818,0.8940451584671845,1.058586010080666,0.9623392700924699,0.05751524865936459,0.16215977189096753,1.0
270.0,8.97,41.0,0.0,0.0,0.7866666666666666,0.7866666666666666,0.0,0.0,1.0
799.7256051513776,27.85716245944514,9.681625477496297,0.0,1.4182652191318531e-08,0.32703691528882073,0.3398399220434345,0.0,3.776179078668497e-08,0.0
644.2484864510604,23.090478512007817,9.954077729566203,1.9391623856363308e-08,8.520904366372696e-08,0.2668813993899281,0.24317328861423604,0.0,0.0,0.0
535.1596000699166,18.35489624757355,5.784420523606991,0.0,0.0,0.42838807544270274,0.3991144620189651,0.0,3.743946166923018e-08,0.0
720.0,23.97,470.0,0.0,0.0,0.0,0.0,0.0,0.0,1.0
610.0,20.3,307.0,0.0,0.0,0.0,0.0,0.0,0.0,
680.0,22.63,189.0,0.0,0.0,0.48,0.48,0.0,0.0,
519.8250197023846,17.383197574775014,363.5073469369426,0.0,1.6757137593680535e-08,0.8640465551051023,0.8528854239941341,0.0,1.1429198002005185e-08,0.0
680.0,22.63,292.0,0.0,0.0,0.0,0.0,0.0,0.0,
740.0,24.63,448.0,0.0,0.0,0.52,0.4,0.0,0.0,
74.78066768572528,2.6281278431571446,0.9632452363762984,43.52857914350707,0.965714890439471,0.9323155917059684,0.9452891987073366,0.08006964883786342,0.2144150537537027,1.0
870.0,28.97,333.0,0.0,0.0,0.0,0.0,0.0,0.0,
378.8441878796038,11.893501028423959,9.931121353231172,0.0,3.59900990168156e-08,0.5310814158748891,0.522569613148765,0.0,1.012297172653541e-07,0.0
300.0,9.97,41.0,0.0,0.0,0.4266666666666667,0.4266666666666667,0.0,0.0,1.0
400.0,13.3,259.0,0.0,0.0,0.7857142857142857,0.7857142857142857,0.0,0.0,
810.0,26.97,448.0,0.0,0.0,0.2133333333333333,0.2133333333333333,0.0,0.0,
860.0,28.63,10.0,0.0,0.0,0.8,0.8,0.0,0.0,0.0
638.8999201458298,21.58803374275696,153.6046622474378,35.71916373219006,1.0012437047199152,1.6852257845611017e-08,1.0160555601197627,0.09996479282326814,0.2676844883434037,1.0
740.0,24.63,476.0,26.51275787307817,0.7066666666666667,0.0,0.7066666666666667,3.3379656628260865,10.380291033432274,
180.0,5.97,6.0,0.0,0.0,0.3466666666666667,0.3466666666666667,0.0,0.0,0.0
910.0,30.3,554.0,0.0,0.0,0.0,0.0,0.0,0.0,1.0
83.91100062855845,2.778792892771966,0.9626479026367709,39.47066942698821,0.9954398672346186,0.8617682588430136,1.000336570729364,0.0868706055668073,0.22248432480016558,1.0
90.0,2.97,6.0,13.17645023897336,0.4027777777777778,0.7916666666666666,0.7916666666666666,0.7710037707609865,4.398305497026686,0.0
378.2980880291771,11.662239320914777,1.134925457244217,41.77263169951945,1.056778184613496,1.0756898489569953,1.100906824022956,0.15207484079649336,0.24016619560557134,1.0
92.17776106057534,3.088990303712915,5.915488209648767,13.891328482456993,0.3918277192407336,0.8000796701234205,0.7637823954458322,0.73038238426743,4.636176892613446,0.0
410.0,13.63,262.0,0.0,0.0,0.0,0.0,0.0,0.0,
589.2908749882711,20.779154833843148,9.494332167625933,3.485869913484988e-09,0.0,0.4019916945454979,0.3686537965362415,1.245685950842551e-08,1.6140681505314567e-08,0.0
60.0,1.97,1.0,41.16472416472416,1.0,0.7666666666666667,0.7666666666666667,0.0326340326340325,0.1472974159610359,1.0
883.9924995998857,31.33235680053817,4.234963035648422,3.849263544461994e-08,2.8992701540697613e-08,0.9389673195426345,0.969126132130696,0.0,0.0,1.0
550.0,18.3,6.0,0.0,0.0,0.1866666666666666,0.1866666666666666,0.0,0.0,0.0
570.0,18.97,4.0,0.0,0.0,1.0,1.0,0.0,0.0,1.0
220.0,7.3,4.0,0.0,0.0,0.5466666666666666,0.5466666666666666,0.0,0.0,
110.0,3.63,10.0,0.0,0.0,0.88,0.88,0.0,0.0,0.0
810.0,26.97,490.0,0.0,0.0,0.2545454545454545,0.2545454545454545,0.0,0.0,
980.0,32.63,307.0,0.0,0.0,0.0,0.0,0.0,0.0,
71.65060286847293,2.0945861119678075,0.9729445581335003,44.34301686464414,0.9937034330303061,0.7640947102745921,0.8019367793715801,0.07501092558733277,0.2223673799464035,1.0
180.0,5.97,1.0,40.51075059187414,1.0,1.0,1.0,0.1080422713487235,0.2067798963328382,1.0
840.0,27.97,10.0,0.0,0.0,0.6133333333333333,0.6133333333333333,0.0,0.0,0.0
510.0,16.97,6.0,0.0,0.0,0.5866666666666667,0.5866666666666667,0.0,0.0,0.0
422.72603154030537,14.024717015096911,281.3683104804109,6.394473107615599e-08,0.0,0.3351299178205014,0.32805680777813945,4.381480234690257e-08,0.0,0.0
20.0,0.63,7.0,0.0,0.0,0.0,0.0,0.0,0.0,
380.0,12.63,217.0,29.762243554477177,1.0,0.0,0.72,0.4190575720100752,0.5502455604174915,
292.6651319494524,9.433855799692251,9.239584956628766,0.0,3.7814759467124215e-08,0.19798558302377628,0.20551956341448002,0.0,0.0,0.0
270.0,8.97,152.0,0.0,0.0,0.0,0.0,0.0,0.0,
191.4731575767121,6.49552476665005,1.0236638664976945,39.22596545688581,0.9817953034829504,1.0382481816634836,1.0266882757830347,0.15465203881495923,0.2373441554796025,1.0
380.0,12.63,127.0,0.0,0.0,0.0,0.0,0.0,0.0,
213.61636560174753,6.981529619517093,1.008873116443524,38.16774914931522,1.035679806387146,0.9751311851745235,1.0387131334238753,0.13171873325938915,0.21008299544078082,1.0
183.97642274768842,6.163419736017387,5.852771289180662,0.0,1.071033505264992e-08,0.34130953242192147,0.34939966096196323,3.667911954827867e-08,0.0,0.0
570.0,18.97,1.0,39.3566238495674,1.0,1.0,1.0,0.1320191158900839,0.2607187867818857,
40.0,1.3,1.0,41.174242424242415,1.0,0.65,0.65,0.0378787878787878,0.1672132029266305,1.0
780.0,25.97,333.0,0.0,0.0,0.0,0.0,0.0,0.0,
610.0,20.3,62.0,0.0,0.0,0.0533333333333333,0.0533333333333333,0.0,0.0,
472.31012737796783,15.941739521637464,350.5009383296983,0.0,0.0,0.0,4.886491537735908e-09,0.0,3.835772695450814e-08,1.0
210.0,6.97,93.0,0.0,0.0,0.0,0.0,0.0,0.0,
131.8999529452743,4.302896591626408,5.783803686422534,0.0,4.1608289759901506e-09,0.6106966187063952,0.5639066363424694,1.2176540788897098e-08,3.5611707789831665e-08,0.0
980.0,32.63,4.0,0.0,0.0,1.0,1.0,0.0,0.0,
300.0,9.97,10.0,0.0,0.0,0.4133333333333333,0.4133333333333333,0.0,0.0,0.0
490.0,16.3,164.0,34.451827242524914,1.0,0.0,1.0,0.0664451827242527,0.2268439453472178,1.0
993.8292425765661,28.841851438077722,4.196745099283738,9.747281259932788e-08,0.0,1.0522728061501458,0.941462433818796,0.0,6.38105687550371e-09,1.0
590.0,19.63,333.0,0.0,0.0,0.2,0.2,0.0,0.0,
960.0,31.97,62.0,0.0,0.0,0.7866666666666666,0.7866666666666666,0.0,0.0,
391.62151896115967,13.143832946436437,1.0171004218675883,37.70212587614706,0.947610393963335,0.974471294367034,0.9465209329075301,0.20352738570479956,0.26989649811095395,1.0
320.0,10.63,1.0,41.46138285672965,1.0,1.0,1.0,0.0388089035147857,0.1362968593653262,1.0
540.0,17.97,6.0,0.0,0.0,0.2666666666666666,0.2666666666666666,0.0,0.0,0.0
150.0,4.97,9.0,0.0,0.0,0.0,0.0,0.0,0.0,
940.0,31.3,307.0,0.0,0.0,0.2533333333333333,0.2533333333333333,0.0,0.0,
330.0,10.97,188.0,0.0,0.0,0.0416666666666666,0.0416666666666666,0.0,0.0,
80.0,2.63,22.0,0.0,0.0,0.0,0.0,0.0,0.0,
50.0,1.63,10.0,0.0,0.0,0.42,0.42,0.0,0.0,0.0
420.0,13.97,6.0,0.0,0.0,1.0,1.0,0.0,0.0,0.0
160.0,5.3,55.0,35.411607153745365,0.9761904761904762,0.3333333333333333,0.6190476190476191,1.6557064412841702,6.565657178698863,
670.0,22.3,62.0,0.0,0.0,0.2,0.2,0.0,0.0,
31.275119590058882,0.9616949050292992,10.171144643159947,1.986169617119736e-09,0.0,0.5159530159019087,0.4942901114983131,0.0,6.029685675068747e-09,0.0
950.0,31.63,578.0,34.29857683354481,1.0,0.0,1.0,0.3042089933310014,0.5031459221004753,
30.062023328798364,0.8601467681343108,1.0447467694720918,40.79722648663172,1.0145572146075088,0.5108165249663912,0.53186020768783,0.04805376086513244,0.2008287085325668,1.0
950.0,31.63,448.0,0.0,0.0,0.2,0.2,0.0,0.0,
115.56436738522702,4.1760987280649875,6.506532907018122,1.013766074365538,0.024366329228891825,0.608092324224677,0.6509182456491011,0.5431583238390822,4.392253838817726,0.0
440.0,14.63,7.0,0.0,0.0,0.12,0.12,0.0,0.0,
533.270747573262,18.26789529125848,5.91617137510025,0.0,0.0,0.4151538026959997,0.3753290987877302,1.2844240827030341e-08,0.0,0.0
180.0,5.97,10.0,0.0,0.0,0.3866666666666666,0.3866666666666666,0.0,0.0,0.0
358.10410453591857,11.62806258009854,137.9421552426025,0.0,5.904274454454135e-08,0.0,0.0,2.323095126501284e-08,2.3432540459590906e-08,1.0
42.1541911579292,1.3182976067795154,10.245193158457395,0.0,0.0,0.3835044738514939,0.3549809560984652,0.0,1.675686145347856e-08,0.0
910.0,30.3,470.0,0.0,0.0,0.2,0.2,0.0,0.0,1.0
440.4814010495132,14.04874777522158,268.87344325279946,0.0,4.31790400681698e-08,0.33379487552235937,0.34026752404446736,0.0,2.6998704579495057e-08,0.0
947.9729886094393,34.385260064701846,468.79319266766464,8.402299450707107e-10,0.0,0.21022385435615473,0.19687345342379967,3.273927782727892e-08,0.0,1.0
440.2708297942012,15.032226001982854,269.2096067128227,4.390935395881066e-08,0.0,0.0,0.0,0.0,4.6859376490174076e-09,0.0
460.0,15.3,7.0,0.0,0.0,0.0,0.0,0.0,0.0,
320.0,10.63,10.0,0.0,0.0,0.6,0.6,0.0,0.0,
682.8269477322652,21.484087860772327,161.6469792232707,37.137806913112,0.9717060087794497,0.0,1.0085246532104883,0.09366420966813259,0.2676970453961636,1.0
149.45254818109584,4.7120877548664595,9.445387135833869,4.5068043784245486e-08,0.0,0.5938578786059703,0.5826761107653488,2.1568333645997163e-08,5.930751241524138e-09,0.0
800.0,26.63,342.0,0.0,0.0,0.24,0.0,0.0,0.0,
429.02627595507033,13.77062051048541,275.47054850459324,3.6131602540854453e-08,0.0,0.46989260737830674,0.43142361795556805,8.008556828048288e-08,0.0,0.0
820.0,27.3,6.0,0.0,0.0,0.0,0.0,0.0,0.0,
520.0,17.3,333.0,0.0,0.0,0.0,0.0,0.0,0.0,
880.0,29.3,10.0,0.0,0.0,0.8,0.8,0.0,0.0,0.0
240.0,7.97,152.0,0.0,0.0,0.0,0.0,0.0,0.0,
730.6357800193887,24.734853490210543,458.0549252222842,0.0,0.0,0.0,0.0,4.486413652527984e-08,1.0273452495564338e-07,1.0
627.5579540479645,19.504786264242803,3.9960114534015285,0.0,4.268711621573253e-09,1.007165364817323,0.9257767001982524,0.0,0.0,1.0
18.224614516308428,0.6187157253613412,0.9742005914047115,40.61515128519778,0.978179041637628,0.30528955756015125,0.29821304998418796,0.08019290347452268,0.23902924962850036,1.0
290.0,9.63,152.0,0.0,0.0,0.0,0.0,0.0,0.0,
390.0,12.97,4.0,0.0,0.0,0.5866666666666667,0.5866666666666667,0.0,0.0,
109.41354247530919,3.1123292998778957,10.640319434774513,1.545546996289516e-08,1.7392680097631826e-08,0.8621419902480897,0.8122178894139565,3.818011971148946e-08,3.231049864826724e-08,0.0
980.0,32.63,578.0,34.44265517261657,1.0,0.0,1.0,0.2451561606814844,0.4452365898989121,
290.0,9.63,1.0,41.39574636325784,1.0,1.0,1.0,0.1290570345662533,0.3000177641122137,1.0
390.0,12.97,1.0,41.44215137286959,1.0,1.0,1.0,0.1967056236678612,0.2843190777497615,1.0
560.0,18.63,333.0,0.0,0.0,0.08,0.08,0.0,0.0,
340.0,11.3,164.0,25.157119220516584,0.6933333333333334,0.0,0.6933333333333334,2.58466654118828,9.212415592146378,1.0
490.0,16.3,7.0,0.0,0.0,0.0,0.0,0.0,0.0,
804.0928388724802,26.995902820184007,297.94958916851056,0.0,2.064030582762471e-08,1.2161619942842969e-08,0.0,4.995763510754327e-08,0.0,0.0
180.0,5.97,41.0,0.0,0.0,0.6716417910447762,0.6716417910447762,0.0,0.0,
730.0,24.3,10.0,0.0,0.0,0.3466666666666667,0.3466666666666667,0.0,0.0,0.0
530.0,17.63,4.0,0.0,0.0,0.88,0.88,0.0,0.0,1.0
793.8038113345506,27.425655120757,9.213742230247778,5.5695946407388206e-08,7.760732920681559e-08,0.379497564668855,0.37983253130290995,0.0,5.342116773296946e-08,0.0
940.0,31.3,292.0,0.0,0.0,0.0,0.0,0.0,0.0,1.0
391.9144437994785,13.43930433290508,166.50021382185042,29.47449028516217,0.9181693120676235,3.1878255434789583e-08,0.8864153714454179,0.7009758536482023,4.425357262756767,1.0
670.0,22.3,234.0,0.0,0.0,0.1466666666666666,0.1466666666666666,0.0,0.0,1.0
512.7512430082166,16.8567862674179,3.8225091655755787,3.441321167761454e-08,1.9766913570182273e-08,0.770525151980179,0.7515097236392597,0.0,0.0,1.0
849.1874821375501,28.20064140041036,9.699544164095803,2.7580544680550482e-08,2.4454564324442613e-08,0.8461599144586657,0.8318403748136847,0.0,8.290871350753561e-08,0.0
975.467028411005,31.10792430722152,10.14558348536076,0.0,8.460582623087323e-08,0.60540321326407,0.5599813034301949,3.907522297670291e-08,0.0,0.0
770.084253888414,26.77828958341995,426.4126408087678,0.0,5.19147782633214e-09,0.0,7.824976855942116e-08,0.0,6.747522379546331e-08,1.0
280.0,9.3,72.0,0.0,0.0,0.9466666666666668,0.9466666666666668,0.0,0.0,
750.0,24.97,442.0,0.0,0.0,0.0,0.0,0.0,0.0,
410.0,13.63,266.0,0.0,0.0,0.0,0.0,0.0,0.0,
887.7012427935609,32.90005004980519,320.35421215445047,1.329098009158027e-08,9.093136129249434e-08,0.14353566933041143,0.15727199868570457,0.0,0.0,0.0
930.0,30.97,10.0,0.0,0.0,0.4133333333333333,0.4133333333333333,0.0,0.0,0.0
340.0,11.3,189.0,0.0,0.0,0.3235294117647059,0.3235294117647059,0.0,0.0,
660.0,21.97,7.0,0.0,0.0,0.2,0.2,0.0,0.0,
432.01806275509387,13.963780721160429,5.933328608949713,2.1176114101985742e-08,0.0,1.0340787475724111,0.894886186285211,0.0,1.196267307676728e-08,0.0
110.0,3.63,1.0,40.663422688422685,1.0,1.0,1.0,0.0972707847707849,0.2242882138398815,1.0
130.0,4.3,1.0,40.44788267288268,1.0,1.0,1.0,0.1033605283605285,0.2277846752841238,1.0
950.0,31.63,292.0,0.0,0.0,0.0,0.0,0.0,0.0,0.0
164.6862951003187,5.247792946744584,9.673066235418181,0.0,0.0,0.4695916794451235,0.43329687603486566,0.0,9.243537851784127e-09,0.0
710.0,23.63,4.0,0.0,0.0,0.6266666666666667,0.6266666666666667,0.0,0.0,
330.0,10.97,72.0,0.0,0.0,0.7866666666666666,0.7866666666666666,0.0,0.0,
938.9158584059604,28.73010984526287,11.079954988102447,0.0,6.015469928547977e-08,0.4332724218996329,0.4200326933626727,3.2350496644635114e-08,0.0,0.0
570.0,18.97,127.0,0.0,0.0,0.0,0.0,0.0,0.0,
780.0,25.97,6.0,0.0,0.0,0.3866666666666666,0.3866666666666666,0.0,0.0,
690.0,22.97,7.0,0.0,0.0,0.0,0.0,0.0,0.0,
960.0,31.97,4.0,0.0,0.0,1.0,1.0,0.0,0.0,
210.0,6.97,107.0,0.0,0.0,0.0588235294117647,0.0588235294117647,0.0,0.0,
648.9420967447129,20.807905694058643,430.8256465824232,7.966650943856805e-08,5.300557839446552e-08,2.961775541349032e-08,0.0,7.627007435667775e-08,0.0,1.0
140.0,4.63,30.0,0.0,0.0,0.0,0.0,0.0,0.0,
264.5501184501242,9.016734900275603,39.996053145778575,0.0,0.0,0.7713589902809899,0.788913264480748,0.0,0.0,1.0
558.5325286797778,18.647830453328364,307.76987253386176,0.0,0.0,0.01350495068324058,0.014581885361995131,3.100872925389672e-08,8.627784987854586e-08,0.0
850.0,28.3,6.0,0.0,0.0,0.2,0.2,0.0,0.0,
691.0366593046381,22.051348613714495,459.5457465271002,0.0,0.0,0.0,6.337955700932645e-08,4.184820520364115e-08,0.0,1.0
572.8000721099145,18.894198946663913,160.19023277647602,35.19154725778472,0.9334088015942439,4.167886626611698e-08,0.9423613807360354,0.05389207462355014,0.23138571540462333,1.0
780.0,25.97,1.0,39.87899332391128,1.0,1.0,1.0,0.0772016472795114,0.2337815033984931,
990.0,32.97,578.0,34.59795562636816,1.0,0.0,1.0,0.216646410175227,0.426096249522333,
600.0,19.97,333.0,0.0,0.0,0.2,0.2,0.0,0.0,
1018.8900747369968,29.83538228754863,10.183294370117927,3.436105475848128e-08,0.0,0.37656274175645954,0.4197282200549734,8.58399455127026e-09,2.9387707201340047e-08,0.0
800.0,26.63,62.0,0.0,0.0,0.8,0.8,0.0,0.0,
720.0,23.97,442.0,0.0,0.0,0.0,0.0,0.0,0.0,
292.1850969594055,10.035240311379274,9.10624619419596,0.0,0.0,0.193289266309065,0.20252405531608578,0.0,4.70755020086637e-08,0.0
20.0,0.63,6.0,31.383108618552647,1.0,0.3,0.3,0.5398750610176902,0.5348694314951351,0.0
391.2573077632035,13.548813766611262,10.093885192873087,0.0,0.0,0.4088765611112927,0.40225661965127985,0.0,0.0,0.0
890.0,29.63,520.0,0.0,0.0,0.2,0.2,0.0,0.0,
270.0,8.97,72.0,0.0,0.0,0.8133333333333334,0.8133333333333334,0.0,0.0,
670.0,22.3,4.0,0.0,0.0,0.8266666666666667,0.8266666666666667,0.0,0.0,
870.0,28.97,4.0,0.0,0.0,1.0,1.0,0.0,0.0,1.0
270.0,8.97,127.0,0.0,0.0,0.5172413793103449,0.5172413793103449,0.0,0.0,
630.0,20.97,10.0,0.0,0.0,0.4,0.4,0.0,0.0,0.0
540.0,17.97,1.0,38.67477108917484,1.0,1.0,1.0,0.1157057308498349,0.2455383149151897,
780.0,25.97,10.0,0.0,0.0,0.3866666666666666,0.3866666666666666,0.0,0.0,0.0
401.8701453985343,11.664230277432655,200.5918349441229,0.0,5.878207545170475e-08,0.0,0.0,7.729277531031547e-09,8.605828095874734e-09,1.0
130.0,4.3,31.0,19.557848108696067,0.6666666666666666,0.0,0.6666666666666666,3.231775774826059,7.52576345899373,1.0
880.6125246789085,30.448949096649727,291.66681731874723,0.0,2.9110328520754396e-08,1.1866922807357802e-07,0.0,1.784912488758521e-08,0.0,0.0
690.0,22.97,292.0,0.0,0.0,0.0,0.0,0.0,0.0,
300.0,9.97,176.0,38.9405314133394,1.0,0.0,0.0833333333333333,0.223828277749846,0.2973817456469967,
870.0,28.97,342.0,0.0,0.0,0.0,0.0,0.0,0.0,
57.250989732424664,1.5464542411278803,1.9851323428678183,0.0,0.0,0.12240805729896272,0.11606380509851988,0.0,1.0156734681034164e-08,1.0
172.25365977300618,6.361439771620762,1.0304501168638567,39.22683344385076,1.0169016905490826,0.9622526939000948,1.0673759940226668,0.12368693628507246,0.2386585061831962,1.0
109.90881783444677,3.396183081973443,12.340718914350479,8.415660538316967e-08,0.0,0.5903641910832862,0.6124011515475526,5.8378789039242115e-08,0.0,0.0
359.44298869262013,12.352338928511333,213.51006429888403,5.117013770103009e-08,3.8511753642069435e-08,0.0,0.0,0.0,0.0,1.0
730.0,24.3,307.0,0.0,0.0,0.0533333333333333,0.0533333333333333,0.0,0.0,
580.0,19.3,307.0,0.0,0.0,0.0,0.0,0.0,0.0,
220.0,7.3,1.0,40.608409295178014,1.0,1.0,1.0,0.200737389850293,0.3657468124724191,1.0
830.0,27.63,342.0,0.0,0.0,0.24,0.0,0.0,0.0,
830.0,27.63,189.0,0.0,0.0,0.2,0.2,0.0,0.0,
990.0,32.97,520.0,0.0,0.0,0.0,0.0,0.0,0.0,
160.0,5.3,72.0,0.0,0.0,0.0,0.0,0.0,0.0,
850.0,28.3,62.0,0.0,0.0,0.4533333333333333,0.4533333333333333,0.0,0.0,
820.0,27.3,1.0,39.86259226884226,1.0,1.0,1.0,0.0428030303030305,0.1540297436844157,
780.0,25.97,189.0,0.0,0.0,0.0,0.0,0.0,0.0,
690.0,22.97,4.0,0.0,0.0,0.8133333333333334,0.8133333333333334,0.0,0.0,
540.0,17.97,10.0,0.0,0.0,0.8,0.8,0.0,0.0,0.0
450.0,14.97,127.0,0.0,0.0,0.2,0.0,0.0,0.0,
343.09277529313607,11.833232122428138,126.05426742175685,0.0,7.04909778611968e-10,0.0,1.3541237192795698e-09,0.0,0.0,1.0
950.5852032465608,32.035926547263905,273.18412750009884,7.017711258555886e-08,1.5548555101682136e-08,0.0,6.410258786156627e-08,2.0055896518764013e-08,6.2527189961712055e-09,1.0
510.0,16.97,127.0,0.0,0.0,0.0,0.0,0.0,0.0,
200.0,6.63,72.0,0.0,0.0,0.6,0.6,0.0,0.0,
179.14732739915146,6.170974554256104,5.77798068448638,2.5673107896211126e-08,0.0,0.35093200776864797,0.34076673741965713,6.468592737793503e-09,1.2956950924220251e-07,0.0
730.0,24.3,4.0,0.0,0.0,0.7466666666666667,0.7466666666666667,0.0,0.0,
370.0,12.3,62.0,0.0,0.0,0.2222222222222222,0.2222222222222222,0.0,0.0,
100.0,3.3,6.0,9.909787119077611,0.2933333333333333,0.76,0.76,0.6915960628264044,4.312883620223244,0.0
400.0,13.3,1.0,41.3152257377789,1.0,1.0,1.0,0.1869737400992789,0.2717395557853295,1.0
780.0,25.97,442.0,0.0,0.0,0.0,0.0,0.0,0.0,
160.0,5.3,1.0,40.42820512820513,1.0,1.0,1.0,0.0548076923076928,0.1494194045094121,1.0
380.0,12.63,164.0,30.45513965128752,0.88,0.0,0.88,0.6542234597821669,4.14340822103076,1.0
608.5712871859677,19.919302233843425,10.886411136208903,7.72430588383117e-08,2.227434649440998e-08,0.3987296359314369,0.38392147364022366,1.0110879990491863e-08,0.0,0.0
420.0,13.97,7.0,0.0,0.0,0.3866666666666666,0.3866666666666666,0.0,0.0,
298.26307270942414,9.670377997887753,9.66270769881495,0.0,3.065516996922343e-08,0.26139005463920006,0.27621767134036074,9.8213574817138e-09,3.698321468948477e-08,0.0
560.0,18.63,127.0,0.0,0.0,0.0,0.0,0.0,0.0,
78.60199052628413,2.592606260303298,9.49921597559962,8.052929651465782e-08,4.7555827156747424e-09,0.6792972252028691,0.7474223398454524,0.0,1.2335356923531256e-08,0.0
748.0369169628082,22.29798491487284,9.819109788442535,9.92143953005612e-09,7.018097288803951e-08,0.4016913387064097,0.41515146885435417,1.0522685083864424e-07,0.0,0.0
824.3577461362053,28.272500799150674,3.9033203778127463,9.333552157930283e-09,2.1577832764159263e-08,1.0472963781107514,0.9214837309038773,1.3600293911826671e-08,1.224919897815493e-08,1.0
400.0,13.3,266.0,0.0,0.0,0.0,0.0,0.0,0.0,
480.0,15.97,7.0,0.0,0.0,0.0,0.0,0.0,0.0,
180.0,5.97,74.0,32.7321627916486,0.8620689655172413,0.0,0.4137931034482758,2.7687779930810263,9.185935243523728,1.0
350.0,11.63,189.0,0.0,0.0,0.3409090909090909,0.3409090909090909,0.0,0.0,
500.0,16.63,10.0,0.0,0.0,1.0,1.0,0.0,0.0,0.0
68.98323597000547,2.204949642519998,12.274211008706665,0.0,0.0,0.15091276400264322,0.15828454756855054,0.0,3.563854058735032e-08,0.0
80.95907032766725,2.9366876992624324,11.404399330787676,3.724937951836646e-08,0.0,0.38925227616008473,0.3830215269467701,3.9354457571091344e-08,5.2970008096795074e-08,0.0
619.5788005686884,20.811539703398832,4.112204884850602,1.5214404884468183e-08,8.426716976757834e-09,1.0442715763590187,0.99054899005141,3.206333553905683e-08,0.0,1.0
423.9632807224607,14.759554682354862,6.078306234110914,1.3474023055737813e-08,0.0,1.0693226457726646,1.0948841978065986,0.0,0.0,0.0
737.1954450461252,25.483430356411702,4.168428920944357,8.266160778666457e-08,3.1795312321522386e-08,0.9826493389137048,0.954758861165877,1.7091324125254323e-08,0.0,1.0
680.0,22.63,476.0,7.9852594884107475,0.2,0.0,0.2,2.0576923076923075,8.74373983891809,
198.10163672199144,7.4033579324445125,10.30030962109722,0.0,0.0,0.27820082275500657,0.2850304961780284,2.991516748089025e-08,0.0,0.0
541.7729410820812,19.651868006406787,269.5510774547864,0.0,2.9075591256582238e-08,0.37163768468067343,0.3644419847030167,0.0,2.1778114185388895e-08,0.0
840.0,27.97,342.0,0.0,0.0,0.24,0.0,0.0,0.0,
560.0,18.63,292.0,0.0,0.0,0.2,0.2,0.0,0.0,0.0
140.0,4.63,4.0,0.0,0.0,0.92,0.92,0.0,0.0,1.0
687.9944224949645,23.6011160445064,477.49443234387616,0.0,0.0,3.8185628384065606e-08,5.5717140951994e-09,0.0,7.978684145574605e-08,1.0
289.4062052208308,8.841707104717903,6.314159686517602,0.0,0.0,0.8503008977175078,0.8079095199703269,0.0,0.0,0.0
710.0,23.63,62.0,0.0,0.0,0.48,0.48,0.0,0.0,
380.0,12.63,226.0,0.0,0.0,0.15,0.15,0.0,0.0,1.0
540.0,17.97,292.0,0.0,0.0,0.0142857142857142,0.0142857142857142,0.0,0.0,0.0
491.8241536697299,16.958954299914016,341.2500921735064,1.589332552432034e-08,0.0,0.7639950761527556,0.8438577855028065,0.0,5.170507552238349e-08,0.0
660.0,21.97,189.0,0.0,0.0,0.4,0.4,0.0,0.0,
933.5284646722149,28.825256489064238,10.324519449999139,6.523919990841957e-09,2.449886021566283e-08,0.38989040898640337,0.4184316341477943,0.0,0.0,0.0
530.0,17.63,164.0,34.05433109148367,1.0,0.0,1.0,0.0586932447397563,0.2212416756375774,1.0
280.0,9.3,157.0,29.693044086698173,1.0,0.5306122448979592,0.8367346938775511,0.3337388106120758,0.4536791606190437,
398.01627825708647,13.043515211288268,9.776672190001227,0.0,2.618841270149509e-10,0.39979555877672107,0.42111895418402123,0.0,1.1213861410801473e-07,0.0
770.0,25.63,470.0,0.0,0.0,0.0,0.0,0.0,0.0,1.0
329.23407216033064,12.281665299421704,10.408941361983452,2.934181014385402e-08,2.086516717018055e-08,0.3769878350643338,0.3724786183174681,0.0,0.0,0.0
90.0,2.97,25.0,30.83754574470916,0.7916666666666666,0.0,0.6666666666666666,2.728985358712249,9.518145305234798,
40.0,1.3,12.0,0.0,0.0,0.0,0.0,0.0,0.0,
892.0138539281041,26.326666773125748,9.616438643213357,5.995029006995446e-08,0.0,0.825631284507614,0.7813626863366975,2.9080847393870306e-08,5.187328046324161e-08,0.0
246.3378187657845,8.360033311857423,40.057967387639515,1.1562598210438429e-08,2.4155007880795005e-08,0.7909985622063197,0.8341033702395151,5.364328607130949e-08,4.3373511949247386e-08,0.0
130.0,4.3,30.0,0.0,0.0,0.0,0.0,0.0,0.0,
810.0,26.97,442.0,0.0,0.0,0.0133333333333333,0.0133333333333333,0.0,0.0,
370.0,12.3,10.0,0.0,0.0,0.4,0.4,0.0,0.0,0.0
920.0,30.63,307.0,0.0,0.0,0.4,0.4,0.0,0.0,
589.7850459182599,17.29854794077157,9.952029543547228,0.0,0.0,0.39728824987646416,0.40903000977355725,0.0,2.4740421360373536e-08,0.0
704.4424931028493,23.303958761751584,347.14918414023595,0.0,6.354082985957929e-08,1.2910843012659404e-10,6.333044514587187e-08,0.0,1.77516812944126e-08,1.0
501.6150774259073,15.303155314189977,336.744592950608,1.4253067690393183e-08,0.0,5.8157203854870706e-08,1.9652507606850977e-08,4.42550537072022e-08,5.3275852268877407e-08,0.0
170.0,5.63,55.0,34.79216357307898,0.9807692307692308,0.2692307692307692,0.6923076923076923,1.4124158058691778,5.910420264689675,
610.0,20.3,164.0,36.561209086386015,0.9866666666666668,0.0,0.9866666666666668,0.955693581780538,5.556754534463207,1.0
270.0,8.97,156.0,0.0,0.0,0.3571428571428571,0.3571428571428571,0.0,0.0,
910.0,30.3,6.0,0.0,0.0,0.3466666666666667,0.3466666666666667,0.0,0.0,
568.2977200064819,19.508979361237675,348.40128111760004,2.3116136209023693e-09,3.008517930084141e-08,0.0,0.0,0.0,0.0,1.0
894.3027324030368,25.94702172386327,9.307946793019857,7.422856450639743e-08,3.2820310856112657e-09,0.48625568229999655,0.5070108714143851,0.0,0.0,0.0
817.4055216972226,29.809483582334533,290.697331232193,2.6056898912449084e-08,0.0,4.0326121670693276e-08,0.0,5.063967167541767e-09,1.609152650477675e-08,0.0
269.26006740828717,9.722248515887236,1.0154273812414667,41.96917670568425,1.00052137634599,0.9292979502713532,0.9771229241885218,0.19311067945480848,0.3639937089884264,1.0
650.0,21.63,164.0,37.15552378549602,1.0,0.0,1.0,0.0966744222988437,0.2828595098025551,1.0
690.0,22.97,10.0,0.0,0.0,0.3866666666666666,0.3866666666666666,0.0,0.0,0.0
320.0,10.63,188.0,0.0,0.0,0.0,0.0,0.0,0.0,1.0
963.566039883807,33.33775340706705,9.948605123085455,0.0,0.0,0.6248705599190194,0.59010233893634,8.487305915820258e-09,4.401425088814402e-08,0.0
500.0,16.63,62.0,0.0,0.0,0.7121212121212122,0.7121212121212122,0.0,0.0,
740.0,24.63,342.0,0.0,0.0,0.0,0.0,0.0,0.0,1.0
102.81483546091252,3.6647067478980513,12.058319857293451,2.160881406062916e-08,1.3349349214201508e-08,0.6043697542221529,0.5559665480260911,0.0,4.266593382346894e-09,0.0
574.103641308868,18.251049447388535,9.474496629768533,0.0,6.795899807764959e-08,0.828266349786047,0.7661560267032109,0.0,0.0,0.0
392.4910177074261,12.675108321188246,174.27102933877657,33.181314551353246,0.9942713053147092,0.0,1.117337842435848,0.13743271354230155,0.3944287876892116,1.0
529.398781946752,18.113753800869162,157.79676734773608,35.84547160682794,0.9071462246166508,0.0,1.0190787612362049,1.0668744120480587,5.457682408249051,1.0
142.09575082204003,4.5310628844941,30.229275998745702,17.65401758199119,0.5926054619030386,0.0,0.6290753939258769,3.2696010996421743,7.80827253363856,1.0
565.91197330117,20.091944617933773,320.23756189806784,1.79665307078625e-08,0.0,0.49782001008027893,0.5056090991109139,0.0,0.0,0.0
140.0,4.63,6.0,0.0,0.0,0.6,0.6,0.0,0.0,0.0
410.0,13.63,10.0,0.0,0.0,0.48,0.48,0.0,0.0,0.0
340.0,11.3,4.0,0.0,0.0,0.8266666666666667,0.8266666666666667,0.0,0.0,
737.0057546671515,25.322746283162687,472.9337374215074,1.4227401808689195e-07,0.0,5.3155712564141496e-08,3.1535968830855824e-08,3.807108754061489e-08,0.0,1.0
310.0,10.3,152.0,0.0,0.0,0.0,0.0,0.0,0.0,
261.90314168269475,8.764444815625387,0.985591663624212,37.14761421057638,1.1024962934104328,1.0087313488736558,0.9798548176288117,0.16561404671174199,0.3571174475618878,1.0
920.0,30.63,342.0,0.0,0.0,0.0,0.0,0.0,0.0,
462.9018685272934,16.35837189526048,5.743879115047393,3.3569406202782366e-08,2.8682064827224997e-10,1.0082522441290065,0.9115589692602859,0.0,0.0,0.0
465.458641195821,15.342929460558821,278.94687666222825,4.919888443734565e-08,8.056116140831897e-09,2.8436533558482523e-08,1.3858987616095874e-09,1.046719694969751e-07,0.0,0.0
953.9024024593681,33.678165084749075,501.3486467339892,1.9958823794426537e-08,0.0,0.1932838662628793,0.20845744091609159,1.4700368510460348e-08,0.0,1.0
670.0,22.3,189.0,0.0,0.0,0.4,0.4,0.0,0.0,
990.0,32.97,342.0,0.0,0.0,0.2,0.2,0.0,0.0,
520.0,17.3,10.0,0.0,0.0,1.0,1.0,0.0,0.0,0.0
638.1925756235966,19.561741681981026,293.3616513939751,0.0,5.964330159502318e-08,0.5787868190894676,0.6116713901788311,4.773323396845393e-08,0.0,0.0
487.9201703988988,17.170282280277068,320.630197645897,2.4312639794071975e-08,1.2644438324857385e-09,0.6483560998362032,0.6862586505505115,0.0,6.489907078584994e-08,0.0
820.0,27.3,10.0,0.0,0.0,0.3466666666666667,0.3466666666666667,0.0,0.0,0.0
730.0,24.3,189.0,0.0,0.0,0.2,0.2,0.0,0.0,
723.6384846436373,25.422459791041,363.3485278553587,0.0,0.0,7.155572080694558e-08,4.9402787452819225e-08,3.152562460318038e-08,0.0,1.0
111.83123431353027,3.886767463420286,5.6807898921925295,6.025780601633819,0.172485135319339,0.6483424567933915,0.7002429527157293,0.605474626952858,4.1624216180465945,0.0
33.0562740721723,1.0144419255692498,10.306335120931235,3.631351886969197e-08,0.0,0.5107319969380585,0.48894917805833366,2.9898559700040415e-08,1.2926422779142734e-08,0.0
300.0,9.97,4.0,0.0,0.0,0.8,0.8,0.0,0.0,
140.1025569307936,4.617505811749518,32.07977998672721,18.548772443154377,0.6494828168374995,0.0,0.6360692316463946,2.9094838349792775,7.0486438319882705,1.0
290.0,9.63,156.0,0.0,0.0,0.2419354838709677,0.2419354838709677,0.0,0.0,
648.1227084292525,23.122166164589938,158.6025634076641,34.01364326209769,0.9728882894436722,2.0273476182672193e-08,0.9780900295030109,0.5957752709245854,4.27908722140001,1.0
610.2398250368099,19.89442052755498,335.54053512180514,0.0,0.0,4.152613177408417e-08,2.7481238092129632e-08,0.0,0.0,1.0
384.36076719832596,14.44286529624761,275.9696657785875,3.120628687316048e-08,0.0,0.4683222336221928,0.4714944597080071,8.477715574464397e-09,8.133860804109503e-08,0.0
170.0,5.63,74.0,36.98230045130756,0.9473684210526316,0.0,0.2631578947368421,2.1671826625386994,8.177618368466677,1.0
20.0,0.63,5.0,0.0,0.0,0.3,0.3,0.0,0.0,1.0
399.11835251926055,11.21017096316911,9.832537969634375,0.0,8.823941843279292e-09,0.37796269449967634,0.3860845927009711,0.0,0.0,0.0
170.0,5.63,41.0,0.0,0.0,0.631578947368421,0.631578947368421,0.0,0.0,0.0
550.0,18.3,4.0,0.0,0.0,1.0,1.0,0.0,0.0,1.0
850.0,28.3,448.0,0.0,0.0,0.4,0.4,0.0,0.0,
250.0,8.3,41.0,0.0,0.0,0.8,0.8,0.0,0.0,0.0
281.9505892666141,9.478566235757047,6.726137131150101,0.0,0.0,0.9974200965605358,1.0837327578371891,0.0,0.0,0.0
45.16173742953817,1.6207362274008097,4.209733782110916,9.492417933440421e-08,8.96699001319189e-09,0.7345047788806508,0.7565669378959067,0.0,0.0,1.0
730.0,24.3,333.0,0.0,0.0,0.2,0.2,0.0,0.0,
570.0,18.97,164.0,34.584917615396776,0.9866666666666668,0.0,0.9866666666666668,1.0033126293995858,5.552124955356503,1.0
250.0,8.3,158.0,0.0,0.0,0.0,0.0,0.0,0.0,
319.6743797901396,11.465249908809804,0.9715709476399897,38.8652117153699,0.9354031071817251,1.0233525799260828,0.9609459406000207,0.04511398811358743,0.16341860936779778,1.0
690.0,22.97,234.0,0.0,0.0,0.4,0.4,0.0,0.0,1.0
710.0,23.63,476.0,18.548788747982204,0.5,0.0,0.5,2.430429048680123,8.961374135622993,
940.0,31.3,520.0,0.0,0.0,0.0,0.0,0.0,0.0,
140.0,4.63,64.0,0.0,0.0,0.0,0.0,0.0,0.0,0.0
720.0,23.97,307.0,0.0,0.0,0.1866666666666666,0.1866666666666666,0.0,0.0,
99.98564047166087,3.306613110692426,5.943020386729657,9.674180504034002,0.26663236140578467,0.7415797797633569,0.7249734875453449,0.748261889514034,4.228717444851515,0.0
480.0,15.97,333.0,0.0,0.0,0.0,0.0,0.0,0.0,
290.0,9.63,127.0,0.0,0.0,0.4,0.4,0.0,0.0,
591.6158223450673,19.940538592329897,3.993648005038613,7.37725982284501e-08,8.353927244911976e-08,1.0522233435523043,1.023243656047005,0.0,2.4123505177153956e-08,1.0
104.40005789215068,3.3254088682059693,9.47850439240157,5.692879789933426e-08,5.226376740158284e-09,0.8782262928748104,0.9161293052769561,4.572147387167693e-08,0.0,0.0
137.09147365652274,4.20905150870651,4.066822268710646,1.36855679124219e-07,0.0,0.9433709647541754,1.0887363284105114,0.0,0.0,1.0
490.0,16.3,269.0,32.45683744146098,1.0,0.4615384615384615,0.6923076923076923,0.6940867489701349,1.0038694884521482,
140.0,4.63,10.0,0.0,0.0,0.72,0.72,0.0,0.0,0.0
192.11913513154695,6.873564234391803,6.221076967902345,0.0,0.0,0.22603563889094153,0.260919481489716,3.733110527111556e-08,2.2047460520356956e-08,0.0
470.0,15.63,269.0,32.6527530624522,1.0,0.4666666666666667,0.8,0.5690680650107337,0.7037147558659144,
220.0,7.3,93.0,0.0,0.0,0.0,0.0,0.0,0.0,
610.0,20.3,333.0,0.0,0.0,0.2,0.2,0.0,0.0,
954.986068322933,31.133516918742178,292.73965169113274,0.0,0.0,0.14055359785803206,0.13807664177256537,8.84643416742751e-09,8.522725300632e-08,0.0
300.0,9.97,152.0,0.0,0.0,0.0,0.0,0.0,0.0,
588.6818845761505,20.378873887059935,306.4177448807802,3.365116640403364e-08,0.0,0.4683869930808503,0.46959803611392165,0.0,0.0,0.0
600.0,19.97,342.0,0.0,0.0,0.0,0.0,0.0,0.0,1.0
690.0,22.97,307.0,0.0,0.0,0.5866666666666667,0.5866666666666667,0.0,0.0,
200.0,6.63,1.0,40.54256877369233,1.0,1.0,1.0,0.1444059077123598,0.2439529781583818,1.0
500.0,16.63,269.0,31.21873446642562,0.8933333333333333,0.4,0.6,0.7629675280095484,0.9999732329498636,
760.0,25.3,448.0,0.0,0.0,0.4,0.4,0.0,0.0,
450.0,14.97,1.0,40.46527639210364,1.0,1.0,1.0,0.1995743805994021,0.300864042081394,1.0
930.0,30.97,333.0,0.0,0.0,0.0,0.0,0.0,0.0,
517.3161449104853,17.49765750756545,1.0378217853108975,37.23915972888889,1.0240189986007748,0.9551982667479286,1.0207298947609287,0.1604186075128862,0.2859822256150455,1.0
838.6485692736223,27.970656216437064,9.848552173484707,0.0,0.0,0.21971298731949143,0.2120731076331571,0.0,0.0,0.0
10.0,0.3,9.0,0.0,0.0,0.0,0.0,0.0,0.0,
910.0,30.3,292.0,0.0,0.0,0.0,0.0,0.0,0.0,1.0
420.0,13.97,1.0,41.10361042888528,1.0,1.0,1.0,0.210476274049574,0.2926768562849826,1.0
10.0,0.3,10.0,0.0,0.0,0.0,0.0,0.0,0.0,
782.788857695557,25.651250287706738,4.076724724950454,0.0,5.7222399452630286e-08,1.0242060248372429,1.0331120546849972,7.143556770108751e-08,0.0,1.0
480.0,15.97,6.0,0.0,0.0,0.8,0.8,0.0,0.0,0.0
230.0,7.63,72.0,0.0,0.0,0.68,0.68,0.0,0.0,
470.0,15.63,189.0,0.0,0.0,0.2,0.2,0.0,0.0,
240.0,7.97,6.0,0.0,0.0,0.4133333333333333,0.4133333333333333,0.0,0.0,0.0
730.0,24.3,6.0,0.0,0.0,0.3733333333333333,0.3733333333333333,0.0,0.0,
900.0,29.97,559.0,9.518398268398268,0.238095238095238,0.0,0.238095238095238,5.627705627705628,10.195903219848466,
238.05428171994578,8.94749482456033,0.9321096665976876,39.40214377908652,1.1034506953773116,0.9738528628837925,1.0548745507881452,0.24174920796260746,0.38271690013617526,1.0
870.0,28.97,1.0,40.59269930939705,1.0,1.0,1.0,0.1454715061058347,0.2769946376480496,
690.0,22.97,470.0,0.0,0.0,0.0,0.0,0.0,0.0,1.0
601.9464131217812,17.936672253106003,9.179652091235369,0.0,5.643628431099773e-08,0.7214328964007715,0.7831395327295266,0.0,5.994354770098536e-08,0.0
910.0,30.3,307.0,0.0,0.0,0.4,0.4,0.0,0.0,
404.139327266245,12.54744318665093,11.13296483446674,0.0,3.434159454827941e-08,0.415991474394181,0.40416026999800586,0.0,0.0,0.0
560.0,18.63,342.0,0.0,0.0,0.0,0.0,0.0,0.0,1.0
853.8309158434629,29.08604281969163,554.3461316192277,0.0,0.0,1.646805186236127e-08,6.644885142677057e-08,0.0,1.4954624120381885e-07,1.0
290.0,9.63,167.0,29.99885933104655,0.8095238095238095,0.7142857142857143,0.8095238095238095,5.240774777820031,12.159746168748512,1.0
580.0,19.3,4.0,0.0,0.0,1.0,1.0,0.0,0.0,1.0
635.0207449538227,21.73741294883488,167.6129101365186,36.632209492921895,1.0531264696596176,0.0,0.9521422802643096,0.09357660872217971,0.28162923297598386,1.0
380.0,12.63,4.0,0.0,0.0,0.6,0.6,0.0,0.0,
510.0,16.97,7.0,0.0,0.0,0.0,0.0,0.0,0.0,
561.8285330235631,18.492379241795305,10.824355224343623,0.0,0.0,0.4369512126737075,0.44951315860259033,0.0,0.0,0.0
530.0,17.63,7.0,0.0,0.0,0.0,0.0,0.0,0.0,
930.0,30.97,6.0,0.0,0.0,0.4133333333333333,0.4133333333333333,0.0,0.0,
840.0,27.97,1.0,40.239194108130654,1.0,1.0,1.0,0.1132085783205188,0.2605134684133241,
230.0,7.63,1.0,40.80607737190667,1.0,1.0,1.0,0.2434239126729004,0.3830124873711284,1.0
956.6001000963115,34.80450006316879,10.71722294463396,2.3567539048277253e-08,8.401080428144607e-08,0.640452198304896,0.6145588167547895,4.329297895315347e-08,0.0,0.0
644.0520817813398,22.719731993724505,322.77173665287785,0.0,8.318835442799885e-09,0.0,7.624060034137285e-08,8.917994351804926e-08,0.0,1.0
870.0,28.97,307.0,0.0,0.0,0.4133333333333333,0.4133333333333333,0.0,0.0,
70.0,2.3,25.0,28.56308979201288,0.75,0.0,0.5769230769230769,2.964985644607494,9.718606703335013,
30.0,0.97,25.0,29.92424242424242,0.8333333333333334,0.0,0.0833333333333333,5.984848484848484,13.977594679263706,
150.0,4.97,55.0,36.51198083040455,0.96875,0.4375,0.5,2.069170141285686,7.498471780903834,
470.0,15.63,10.0,0.0,0.0,0.88,0.88,0.0,0.0,0.0
670.0,22.3,470.0,0.0,0.0,0.0,0.0,0.0,0.0,1.0
196.8465680598572,6.238811698764504,6.478706394380367,0.0,1.3008723948718939e-08,0.3359167922851493,0.3591725079720185,1.9733417204235138e-08,5.6486507383496417e-08,0.0
90.0,2.97,2.0,0.0,0.0,0.3866666666666666,0.3866666666666666,0.0,0.0,0.0
619.1542527049972,25.91009270900906,464.61661762347217,5.7990907623594086e-08,0.0,2.4628461106527382e-08,9.379768519990337e-09,0.0,2.8203499701409784e-08,1.0
930.0,30.97,307.0,0.0,0.0,0.3866666666666666,0.3866666666666666,0.0,0.0,
873.804936358804,29.38847233977582,258.37729706662486,0.0,0.0,0.0,0.0,4.1580004989522637e-08,3.5746708995416565e-08,1.0
174.64846420051367,5.8599561179501265,10.387498221215484,0.0,0.0,0.37681651490026136,0.4077000815902457,0.0,0.0,0.0
94.63885855409006,2.9623899250589405,6.020827701702583,12.826402202526644,0.3914605527623815,0.7982032521915876,0.8741606423433125,0.7454997034202162,4.300870279543592,0.0
225.75292486168635,7.180490038090029,0.9666604533149113,39.25957707649895,0.989481431249532,1.0512881090119703,1.0367457239536857,0.1977805213015201,0.3512270324778601,1.0
990.0,32.97,470.0,0.0,0.0,0.0,0.0,0.0,0.0,
330.0,10.97,7.0,0.0,0.0,0.1866666666666666,0.1866666666666666,0.0,0.0,
932.1389969406495,29.25139455795807,9.946635088039942,0.0,0.0,0.45969546393403676,0.47784379836277596,0.0,3.4531170130526984e-08,0.0
89.00767887497102,2.9596757351951504,12.591488654203882,0.0,6.861122314685612e-08,0.3738184634943563,0.4241744782353307,0.0,0.0,0.0
810.0,26.97,342.0,0.0,0.0,0.24,0.0,0.0,0.0,
810.0,26.97,4.0,0.0,0.0,1.0,1.0,0.0,0.0,1.0
960.0,31.97,10.0,0.0,0.0,0.6133333333333333,0.6133333333333333,0.0,0.0,0.0
258.22622955660864,8.363869534079521,1.04029331793378,39.41321946222998,0.9580456443430722,1.0182293514938965,1.0022068835757143,0.20739863814638557,0.3897000799771061,1.0
192.03022174858472,6.441650947746367,40.670914278627315,0.0,0.0,0.5790403961635129,0.578536075039065,0.0,1.377190738364169e-08,0.0
560.0,18.63,7.0,0.0,0.0,0.0,0.0,0.0,0.0,
330.0,10.97,189.0,0.0,0.0,0.0416666666666666,0.0416666666666666,0.0,0.0,
80.0,2.63,9.0,0.0,0.0,0.0,0.0,0.0,0.0,
30.0,0.97,4.0,0.0,0.0,0.5333333333333333,0.5333333333333333,0.0,0.0,1.0
30.55641778948465,1.0601772752233565,2.1239550537206813,0.0,0.0,0.0,1.4297960451591207e-08,0.0,0.0,1.0
460.0,15.3,292.0,0.0,0.0,0.0,0.0,0.0,0.0,0.0
641.3817661534897,20.569637177579168,10.127934126175958,0.0,2.8620835792711013e-08,0.4314138202429799,0.3860764340133863,0.0,0.0,0.0
60.0,1.97,6.0,15.811740286768034,0.4833333333333333,0.7666666666666667,0.7666666666666667,0.9252045249131836,4.809844150331548,0.0
540.0,17.97,189.0,0.0,0.0,0.0,0.0,0.0,0.0,
280.0,9.3,4.0,0.0,0.0,0.8,0.8,0.0,0.0,
600.0,19.97,7.0,0.0,0.0,0.2,0.2,0.0,0.0,
530.0,17.63,189.0,0.0,0.0,0.0,0.0,0.0,0.0,
10.0,0.3,12.0,0.0,0.0,0.0,0.0,0.0,0.0,
670.0,22.3,476.0,2.705882352941176,0.0666666666666666,0.0,0.0666666666666666,1.352941176470588,7.410364013305188,
820.0,27.3,442.0,0.0,0.0,0.1466666666666666,0.1466666666666666,0.0,0.0,
310.0,10.3,41.0,0.0,0.0,0.2933333333333333,0.2933333333333333,0.0,0.0,1.0
50.0,1.63,9.0,0.0,0.0,0.0,0.0,0.0,0.0,
158.44959803514132,5.784214582670097,5.9593799425659135,5.355207612497715e-08,5.171554801040079e-08,0.3608248856497075,0.38971288080186556,0.0,2.544520128277891e-08,0.0
110.0,3.63,2.0,0.0,0.0,0.3866666666666666,0.3866666666666666,0.0,0.0,1.0
320.0,10.63,4.0,0.0,0.0,0.8266666666666667,0.8266666666666667,0.0,0.0,
840.0,27.97,7.0,0.0,0.0,0.0,0.0,0.0,0.0,
230.0,7.63,133.0,0.0,0.0,0.0,0.0,0.0,0.0,
210.0,6.97,7.0,0.0,0.0,0.0,0.0,0.0,0.0,
990.0,32.97,593.0,41.610937936811446,1.0,0.7560975609756098,0.7560975609756098,0.3509933843765192,0.386609095967678,
348.5352792930648,11.911218595627258,10.888309490375581,0.0,0.0,0.6067947416533865,0.5796979239942741,0.0,0.0,0.0
660.0,21.97,448.0,0.0,0.0,0.0161290322580645,0.0,0.0,0.0,
850.0,28.3,442.0,0.0,0.0,0.2,0.2,0.0,0.0,
499.71771909848275,16.747452129999942,9.365498166725322,1.6501965145472777e-09,9.871555831752963e-08,0.9227272303864585,0.8913743130246614,2.7462394391615778e-08,2.2787011913337136e-08,0.0
635.5229772470387,23.307713394186035,303.7090149052114,3.791656915379267e-08,0.0,0.31235001667943263,0.2894086111722366,4.495871245869428e-08,0.0,0.0
485.1185218543015,14.010846961480034,170.93216780997923,35.45338127167397,0.9809979773697549,0.0,1.0980687893544865,0.05650801983509445,0.2040928356597189,1.0
82.82250638130405,2.616990188186843,11.71995820336802,5.159046673784543e-08,2.435606395227879e-08,0.27573218800175797,0.3038568499323753,4.1117057206964485e-08,1.9797386264990796e-09,0.0
460.0,15.3,248.0,0.0,0.0,0.3142857142857143,0.3142857142857143,0.0,0.0,
230.0,7.63,4.0,0.0,0.0,0.6,0.6,0.0,0.0,
550.0,18.3,164.0,33.766422101249084,0.9866666666666668,0.0,0.9866666666666668,0.9936507936507936,5.553246856018807,1.0
760.419706181779,26.699476611434424,466.95584577067865,7.279250452298898e-09,5.378149554503192e-08,0.0,0.0,8.135277094829701e-08,7.018148499091417e-08,1.0
470.0,15.63,6.0,0.0,0.0,0.92,0.92,0.0,0.0,0.0
282.36692787666016,9.732642727195014,155.5622107180146,13.68385623796717,0.3821110384018591,5.982923272143625e-08,0.36356000737772565,2.8024903423194716,10.005360971002853,1.0
520.0,17.3,342.0,0.0,0.0,0.0,0.0,0.0,0.0,1.0
950.0,31.63,534.0,0.0,0.0,0.0,0.0,0.0,0.0,
840.0,27.97,292.0,0.0,0.0,0.0,0.0,0.0,0.0,0.0
30.6793601481947,0.9903447985201719,1.997435187000983,4.751106153903365e-08,2.0363080440864685e-08,0.0,5.6164299269574435e-08,0.0,7.204030558735748e-08,1.0
60.0,1.97,4.0,0.0,0.0,0.7666666666666667,0.7666666666666667,0.0,0.0,1.0
990.0,32.97,292.0,0.0,0.0,0.4,0.4,0.0,0.0,
90.0,2.97,12.0,0.0,0.0,0.4133333333333333,0.4133333333333333,0.0,0.0,0.0
560.0,18.63,189.0,0.0,0.0,0.0,0.0,0.0,0.0,
270.0,8.97,1.0,41.06698277743478,1.0,1.0,1.0,0.1831463144619845,0.3613199227306676,1.0
111.63313987578046,4.082929872670661,11.935109770404633,0.0,1.2964837808567722e-07,0.6347594974436205,0.5753280784463064,6.4158142770552304e-09,0.0,0.0
330.0,10.97,41.0,0.0,0.0,0.2266666666666666,0.2266666666666666,0.0,0.0,
481.45039192848276,15.719734234748739,275.6675710442106,0.0,8.222475104074745e-09,0.0,0.0,3.9013068599032614e-08,0.0,0.0
20.61931115657382,0.6251218774555591,0.9311735877047441,41.621635912327704,1.1233699625219713,0.2953730576987747,0.3006106596879915,0.07071666959967138,0.2280404903152387,1.0
690.0,22.97,189.0,0.0,0.0,0.5866666666666667,0.5866666666666667,0.0,0.0,
410.9627728345539,16.388675895586402,6.392218416650874,0.0,1.7930045753044626e-08,0.872156464231833,0.7968823035132463,0.0,1.1559865428760047e-07,0.0
110.0,3.63,25.0,28.12783058373851,0.7066666666666667,0.0,0.7066666666666667,1.751578250029109,7.774350250126953,
40.0,1.3,22.0,0.0,0.0,0.0,0.0,0.0,0.0,
130.0,4.3,55.0,36.67184800150016,0.9166666666666666,0.8333333333333334,0.0,4.721238741071444,12.08030846455826,
210.0,6.97,1.0,40.49353031215388,1.0,1.0,1.0,0.1303033436097954,0.2372810864822451,1.0
50.0,1.63,12.0,0.0,0.0,0.0,0.0,0.0,0.0,
480.0,15.97,269.0,32.1462222043157,1.0,0.5454545454545454,0.8181818181818182,0.5740722184798563,0.6495669941294584,
70.0,2.3,3.0,0.0,0.0,1.0,1.0,0.0,0.0,1.0
900.0,29.97,4.0,0.0,0.0,1.0,1.0,0.0,0.0,1.0
480.6612366801134,15.906061062242221,164.16803804189004,31.834999582609118,0.9761564699187546,0.0,0.9332491494675408,0.06769497698970835,0.20853391252279896,1.0
180.0,5.97,7.0,0.0,0.0,0.0,0.0,0.0,0.0,
140.0,4.63,9.0,0.0,0.0,0.0,0.0,0.0,0.0,
730.0,24.3,490.0,0.0,0.0,0.0,0.0,0.0,0.0,
660.0,21.97,292.0,0.0,0.0,0.1866666666666666,0.1866666666666666,0.0,0.0,
130.0,4.3,4.0,0.0,0.0,1.0,1.0,0.0,0.0,1.0
80.0,2.63,10.0,0.0,0.0,0.68,0.68,0.0,0.0,0.0
576.8734066409036,16.988129835260306,4.3980540595050055,6.754904325353257e-08,0.0,0.8920608413359414,1.0052327743848082,0.0,0.0,1.0
100.23864970592687,3.2869152460975752,1.018813435254511,38.56014840672065,0.986957962870077,1.0093458212172473,1.0125161587767544,0.08727666276414273,0.20931867908986762,1.0
470.0,15.63,307.0,0.0,0.0,0.0,0.0,0.0,0.0,
708.2455718567537,23.331883963050547,10.301685581992302,0.0,5.632468214174428e-08,0.34430627321530416,0.3375436781523517,6.214562067884852e-08,7.07789426271878e-08,0.0
780.0,25.97,470.0,0.0,0.0,0.0,0.0,0.0,0.0,1.0
170.0,5.63,1.0,40.45077330077329,1.0,1.0,1.0,0.0773758648758656,0.1707758202420537,1.0
240.0,7.97,7.0,0.0,0.0,0.0,0.0,0.0,0.0,
400.0,13.3,217.0,25.065268005098744,0.8571428571428571,0.0,0.6571428571428571,1.4889360141541883,5.228248345335471,
910.0,30.3,4.0,0.0,0.0,1.0,1.0,0.0,0.0,1.0
700.0,23.3,442.0,0.0,0.0,0.0,0.0,0.0,0.0,
960.0,31.97,593.0,42.05729234981369,1.0,0.0909090909090909,0.0909090909090909,0.2583507428267573,0.2589433227359933,
100.0,3.3,42.0,0.0,0.0,1.0,1.0,0.0,0.0,
499.0984293265474,16.478231362664435,279.01411980047646,8.466514727794471e-09,6.120300691200866e-09,6.124258839089654e-08,2.1554340110249532e-08,9.312778349302104e-08,7.147606555386539e-08,0.0
620.0,20.63,164.0,37.313131313131294,1.0,0.0,1.0,0.0197628458498023,0.120232210108266,1.0
990.0,32.97,333.0,0.0,0.0,0.0,0.0,0.0,0.0,
100.0,3.3,4.0,0.0,0.0,1.0,1.0,0.0,0.0,1.0
390.0,12.97,217.0,28.8114401235956,0.9833333333333332,0.0,0.75,0.8743469184740046,3.333471404564585,
80.0,2.63,1.0,40.97492229992229,1.0,0.88,0.88,0.0849067599067598,0.2248303800165277,1.0
587.667027357081,18.714633812972455,295.4375118771288,0.0,1.9607488472428674e-08,0.22020786189978142,0.2331407361486823,3.102830395834411e-08,5.519771060894835e-08,0.0
950.0,31.63,342.0,0.0,0.0,0.0,0.0,0.0,0.0,
740.0,24.63,490.0,0.0,0.0,0.375,0.375,0.0,0.0,
644.6652596466105,22.670071934862158,10.601184414949579,4.4179734344857286e-08,0.0,0.3638670608780669,0.36585076006921824,0.0,7.823200835470553e-08,0.0
826.1470995410859,29.993516778707136,10.27416101331296,0.0,7.32574502037298e-08,0.776268323011097,0.848358555655907,1.0128071567383851e-07,0.0,0.0
446.1844578924931,15.175880369280316,9.843592693433706,0.0,2.7730693920605154e-08,0.7595504890125985,0.7928248620880651,0.0,2.821358974780819e-08,0.0
640.0,21.3,6.0,0.0,0.0,0.6133333333333333,0.6133333333333333,0.0,0.0,
790.0,26.3,1.0,39.83462102953898,1.0,1.0,1.0,0.0646355097133741,0.2246300479745833,
350.0,11.63,4.0,0.0,0.0,0.7466666666666667,0.7466666666666667,0.0,0.0,
230.0,7.63,74.0,10.956716391482276,0.2933333333333333,0.2,0.3733333333333333,1.5198938772126185,6.962161797788466,
1050.3793463534912,33.381410242643454,494.37654086589987,0.0,3.494847101408562e-08,0.19095920682686307,0.18584775544322624,1.7198461843978312e-08,0.0,1.0
260.0,8.63,157.0,31.11701455558856,1.0,0.2068965517241379,0.7241379310344828,0.2854629406353541,0.4453471527469688,
637.1893401969255,22.71385753422259,157.63089445125868,39.31348136160282,1.0141500182916843,3.312116423837781e-08,1.013038213428405,0.030203457767289214,0.14409897986982254,1.0
120.0,3.97,6.0,0.98743961352657,0.0266666666666666,0.6,0.6,0.5082125603864732,4.317255979286386,0.0
838.8287593271783,25.32489287436423,10.09342676660635,6.797465169194813e-08,4.6616442385948737e-08,0.3930813315797001,0.41307976163147625,0.0,0.0,0.0
570.0,18.97,333.0,0.0,0.0,0.2,0.2,0.0,0.0,
240.0,7.97,156.0,0.0,0.0,0.0,0.0,0.0,0.0,
333.8271373504263,10.588401491123555,153.8301508480291,17.285162853417887,0.4159912660325714,2.067391224908716e-08,0.41272489410673213,2.5331423374603355,9.394805006377844,1.0
416.34483271107723,14.931074694515296,9.900475318786523,0.0,0.0,0.7433125951939596,0.6792856555374128,1.856039625948574e-08,0.0,0.0
100.0,3.3,1.0,40.77119269619269,1.0,1.0,1.0,0.0850912975912976,0.2166064986603742,1.0
40.0,1.3,6.0,23.71761043015205,0.725,0.65,0.65,1.3878067873697757,5.860037065365064,0.0
339.5975627306613,12.359272503764988,130.45779959584277,0.0,4.612153670055967e-08,2.5966634350354118e-08,7.267051155758455e-08,2.5964983670580677e-08,0.0,1.0
577.8132534114278,19.162014098088527,276.5353899168026,0.0,0.0,0.211405575757275,0.21146083821189102,0.0,5.721087392478975e-08,0.0
400.0,13.3,4.0,0.0,0.0,0.4533333333333333,0.4533333333333333,0.0,0.0,
600.0,19.97,4.0,0.0,0.0,1.0,1.0,0.0,0.0,1.0
990.0,32.97,7.0,0.0,0.0,0.0,0.0,0.0,0.0,
19.93745768300048,0.5882962165343182,5.070570744505913,8.198150976035325e-08,5.080233474679269e-08,0.31027010828319185,0.27291113776580317,6.896788505466037e-08,2.2370495565765688e-08,1.0
10.0,0.3,1.0,41.2121212121212,1.0,0.0,0.0,0.0,0.0,
333.2101022495584,11.338062521419873,163.52926727957055,26.348753931608503,0.7292188492479423,0.0,0.7533184611296541,2.160186823690657,8.567758915030094,1.0
860.0,28.63,333.0,0.0,0.0,0.0,0.0,0.0,0.0,
860.0,28.63,520.0,0.0,0.0,0.4,0.4,0.0,0.0,
109.68425082880799,3.8216092364407146,12.049347675802947,9.509305485258673e-08,5.138406886078814e-08,0.621846701346635,0.5702295019288134,0.0,6.625266246402218e-08,0.0
80.0,2.63,12.0,0.0,0.0,0.28,0.28,0.0,0.0,0.0
322.8481195734659,10.828906043010166,169.36996997428875,15.320515337561805,0.4211160600066005,0.0,0.43000978336991524,2.686694382457142,8.80152539367953,1.0
570.0,18.97,363.0,0.0,0.0,0.0,0.0,0.0,0.0,
816.3521597361464,25.613170251903327,9.452673564025288,0.0,1.8356819041366388e-08,0.8521583695138296,0.8494740756517329,2.1863655903727502e-08,0.0,0.0
820.0,27.3,470.0,0.0,0.0,0.0,0.0,0.0,0.0,1.0
640.0,21.3,470.0,0.0,0.0,0.0,0.0,0.0,0.0,
653.2400094816189,22.787256768639097,9.511451813823813,2.8853951631706947e-08,0.0,0.38147695961836153,0.4216514278686547,8.14780613606721e-08,0.0,0.0
718.9388443878303,24.93910980331775,4.122663904685761,0.0,0.0,0.6628682533129402,0.783356477615838,0.0,0.0,1.0
529.5312662463759,17.869510861486347,338.82763722807084,1.0781673861790723e-08,3.459694499147698e-08,4.082409436876537e-08,4.6132722196810856e-09,3.042406943000374e-08,3.229583810206666e-08,1.0
797.225619036556,29.9502164969985,485.2828943449922,1.2095577173213145e-07,0.0,6.432839566588474e-08,0.0,0.0,0.0,1.0
370.0,12.3,216.0,28.197096859741805,0.975,0.275,0.65,0.582520842902343,0.6899417921896289,
607.6346120612609,19.632959461926568,298.0905139971867,5.65824697583247e-08,4.623687897765037e-10,0.547106509756642,0.4970341807572693,0.0,0.0,0.0
336.8085145900385,11.265051781269241,132.9197520597649,0.0,0.0,5.762754394346046e-09,0.0,1.5609572064990182e-08,0.0,1.0
62.78677252141225,2.013353373399082,1.8593316784343008,2.2832389942089893e-08,1.7344515258867577e-08,0.26991745661045324,0.2714231692791708,0.0,3.511210696228732e-08,1.0
100.0,3.3,22.0,0.0,0.0,0.0,0.0,0.0,0.0,
580.0,19.3,342.0,0.0,0.0,0.0,0.0,0.0,0.0,1.0
340.4781186343504,11.305306645306297,0.9650822065556864,38.60460189045641,1.0163287691647533,0.9182378323016138,1.033109114215111,0.05046935548582403,0.17033856354976598,1.0
680.0,22.63,4.0,0.0,0.0,0.8266666666666667,0.8266666666666667,0.0,0.0,
60.0,1.97,12.0,0.0,0.0,0.0166666666666666,0.0166666666666666,0.0,0.0,
700.0,23.3,10.0,0.0,0.0,0.2533333333333333,0.2533333333333333,0.0,0.0,0.0
766.4310999268192,25.001239673517762,480.43604999358934,5.565912728499535e-08,0.0,4.2847091020636197e-08,8.78176875929088e-09,8.184626627530534e-08,3.446688778307484e-08,1.0
220.0,7.3,7.0,0.0,0.0,0.0,0.0,0.0,0.0,
150.0,4.97,1.0,40.4090811965812,1.0,1.0,1.0,0.0792055167055173,0.1893724459653542,1.0
850.0,28.3,292.0,0.0,0.0,0.0,0.0,0.0,0.0,0.0
340.0,11.3,10.0,0.0,0.0,0.6,0.6,0.0,0.0,0.0
892.2227459591525,31.644110603121813,3.8713857571579386,0.0,0.0,0.98794340606645,0.9707709080056653,0.0,6.363128744762534e-08,1.0
890.0,29.63,342.0,0.0,0.0,0.0,0.0,0.0,0.0,
467.1757240617886,14.369068878789411,10.298613674738224,0.0,9.723112287799379e-09,0.6430907192368452,0.5904396123924274,0.0,3.417727591134281e-08,0.0
553.6512265800802,18.752595386672414,4.1928961441472445,3.4513025026662097e-09,0.0,0.8992525326568858,0.9972894679536294,4.625405642330866e-08,2.8088494291275587e-08,1.0
101.20630024451854,3.5099342197444074,11.175559800731165,0.0,5.996165301892312e-08,0.6150570260823602,0.563998866589157,1.1654140747550812e-07,3.764053831768851e-08,0.0
1000.0,33.3,448.0,0.0,0.0,0.2533333333333333,0.2533333333333333,0.0,0.0,
20.0,0.63,1.0,41.13636363636364,1.0,0.3,0.3,0.0757575757575757,0.2331768982011714,1.0
400.0,13.3,7.0,0.0,0.0,0.5866666666666667,0.5866666666666667,0.0,0.0,
590.0,19.63,307.0,0.0,0.0,0.0,0.0,0.0,0.0,
250.0,8.3,6.0,0.0,0.0,0.5466666666666666,0.5466666666666666,0.0,0.0,0.0
720.0,23.97,476.0,17.31220283145005,0.4666666666666667,0.0,0.4666666666666667,2.268400445434782,8.674828102656587,
350.0,11.63,7.0,0.0,0.0,0.4533333333333333,0.4533333333333333,0.0,0.0,
730.0,24.3,7.0,0.0,0.0,0.0,0.0,0.0,0.0,
740.0,24.63,7.0,0.0,0.0,0.0,0.0,0.0,0.0,
158.09894186213884,5.42645561926813,10.528302267970501,3.762607052064419e-08,0.0,0.4779200797373935,0.4527968269982963,5.6351262630807906e-08,2.9730499500765255e-08,0.0
695.0658468739902,20.99923243339034,341.54408558898325,9.776668974302302e-09,0.0,2.6469044822960808e-08,3.126699689891607e-09,0.0,0.0,1.0
410.0,13.63,217.0,21.2391978732838,0.7333333333333333,0.08,0.6933333333333334,1.357346861371629,5.067084623182819,
1000.0,33.3,333.0,0.0,0.0,0.0,0.0,0.0,0.0,
564.8870602728708,19.250671418526704,5.923962527544118,0.0,4.257648624993158e-08,0.2610577393060765,0.2718711689650759,7.35382206176599e-08,5.791064041536321e-08,0.0
900.0,29.97,307.0,0.0,0.0,0.4,0.4,0.0,0.0,
770.0,25.63,1.0,39.95064736431532,1.0,1.0,1.0,0.0980349806128448,0.2597107656405748,
440.0,14.63,189.0,0.0,0.0,0.2,0.2,0.0,0.0,
620.0,20.63,430.0,0.0,0.0,0.0,0.0,0.0,0.0,
92.42152371920386,3.0573970992331723,2.0030421229468165,8.918489195263251e-08,0.0,0.3529580740603734,0.39896071748137474,1.879756517206317e-08,0.0,0.0
710.0,23.63,342.0,0.0,0.0,0.0,0.0,0.0,0.0,1.0
610.0,20.3,7.0,0.0,0.0,0.2,0.2,0.0,0.0,
470.0,15.63,234.0,0.0,0.0,0.0,0.0,0.0,0.0,1.0
930.0,30.97,448.0,0.0,0.0,0.2,0.2,0.0,0.0,
590.0,19.63,62.0,0.0,0.0,0.32,0.32,0.0,0.0,
887.2361760194774,30.34408800010106,566.9710379956813,0.0,0.0,0.0,0.0,1.3398454753479483e-08,0.0,1.0
893.3019734414513,29.06358378701562,9.845022713111417,0.0,5.845010534912916e-08,0.7333420786879753,0.844702114960492,0.0,5.710728644738898e-08,0.0
890.0,29.63,554.0,0.0,0.0,0.0,0.0,0.0,0.0,1.0
810.0,26.97,292.0,0.0,0.0,0.0,0.0,0.0,0.0,0.0
340.0,11.3,223.0,0.0,0.0,0.0,0.0,0.0,0.0,
560.0,18.63,307.0,0.0,0.0,0.0,0.0,0.0,0.0,
839.945936404688,27.971608573799205,4.162786793417879,0.0,0.0,0.946711521927879,0.906016445108009,4.423837300005005e-08,0.0,1.0
330.0,10.97,164.0,20.54189723320158,0.56,0.0,0.56,2.563021519543258,9.217576281308144,1.0
770.0,25.63,4.0,0.0,0.0,0.88,0.88,0.0,0.0,1.0
650.0,21.63,470.0,0.0,0.0,0.0,0.0,0.0,0.0,1.0
620.0,20.63,62.0,0.0,0.0,0.08,0.08,0.0,0.0,
810.0,26.97,189.0,0.0,0.0,0.2,0.2,0.0,0.0,
770.0,25.63,7.0,0.0,0.0,0.0,0.0,0.0,0.0,
385.4807878783504,13.697201936626792,150.2810116798965,37.41303281299984,0.9932392664999272,1.7503105248146397e-08,0.9756877031993723,0.10188378421354745,0.31884384430417,1.0
284.39793490643126,9.070826612815667,6.003924008719467,0.0,8.407304169359715e-09,0.7071272454754896,0.7023093115857357,0.0,5.913080903336447e-08,0.0
373.67660968361037,11.93283446632291,201.58938024577643,0.0,3.3523815653483894e-08,0.0,2.6619862900490614e-10,0.0,4.11258566211091e-08,1.0
228.72398896013553,7.515390088915231,1.0453863102715657,39.44712807158229,1.068923778294764,0.959790665423234,0.9713556965766417,0.17143853355012478,0.35884157189685534,1.0
919.8206808454742,28.339123811390333,441.04548729462425,0.0,0.0,0.22051258126266698,0.1990344000203023,0.0,0.0,1.0
104.20220400126912,3.7296344655942844,6.160486024667298,5.922066799063001,0.1500188149110113,0.7158925733877222,0.730357869679254,0.6495637307952813,3.8903040454082927,0.0
960.0,31.97,307.0,0.0,0.0,0.0,0.0,0.0,0.0,
409.2960516370055,13.622673627512208,264.60641022363296,0.0,1.8867236336696978e-08,0.0,3.5059149146120265e-08,0.0,0.0,0.0
767.8599592742559,27.828491094020375,284.87060933387284,4.167783293660355e-09,2.5247302067317412e-08,0.0,5.874747939693745e-08,1.2051612640754664e-08,3.923839653171779e-08,0.0
950.0,31.63,520.0,0.0,0.0,0.0,0.0,0.0,0.0,
720.0,23.97,342.0,0.0,0.0,0.0,0.0,0.0,0.0,1.0
80.0,2.63,30.0,0.0,0.0,0.0,0.0,0.0,0.0,
910.0,30.3,448.0,0.0,0.0,0.0,0.0,0.0,0.0,
670.0,22.3,7.0,0.0,0.0,0.08,0.08,0.0,0.0,
460.5207523820236,15.44602439194296,159.33814523359365,31.16490446004009,0.9542704441881148,1.1075396069836047e-07,0.9567685662032261,0.053030487782869916,0.20866399392387794,1.0
570.0,18.97,6.0,0.0,0.0,0.28,0.28,0.0,0.0,0.0
117.06307254944628,3.9020241531594975,0.9281784190322131,41.00063895093953,0.9915813692489754,0.9960090353230062,1.0248062618311384,0.09228383437356294,0.23184676972356769,1.0
60.0,1.97,9.0,0.0,0.0,0.0,0.0,0.0,0.0,
130.0,4.3,41.0,0.0,0.0,0.6470588235294118,0.6470588235294118,0.0,0.0,0.0
890.0,29.63,62.0,0.0,0.0,0.6,0.6,0.0,0.0,
750.0,24.97,342.0,0.0,0.0,0.0,0.0,0.0,0.0,1.0
333.1556125679887,13.002501461225098,9.89085976713036,8.516300264488163e-08,0.0,0.4062826825441755,0.39207412624091836,0.0,0.0,0.0
680.0,22.63,342.0,0.0,0.0,0.0,0.0,0.0,0.0,1.0
940.0,31.3,333.0,0.0,0.0,0.0,0.0,0.0,0.0,
450.0,14.97,269.0,31.94178806117501,1.0,0.6,0.64,0.6172389774493919,0.636125472253501,
432.64977253164886,17.07749622562041,9.697697904898746,2.27866276822913e-08,1.3827677275921226e-07,0.9662639624178777,0.9926000312297477,0.0,2.5800061740904423e-08,0.0
320.0,10.63,41.0,0.0,0.0,0.24,0.24,0.0,0.0,0.0
350.0,11.63,10.0,0.0,0.0,0.52,0.52,0.0,0.0,0.0
810.0,26.97,333.0,0.0,0.0,0.0,0.0,0.0,0.0,
720.0,23.97,189.0,0.0,0.0,0.2,0.2,0.0,0.0,
680.0,22.63,234.0,0.0,0.0,0.28,0.28,0.0,0.0,1.0
266.872363646979,8.927317817581805,5.981049159574028,0.0,4.1511567267173705e-08,0.6565987235038775,0.6517049913563926,0.0,0.0,0.0
420.0,13.97,266.0,0.0,0.0,0.0,0.0,0.0,0.0,
718.5603090068787,22.06209270286645,338.1776299040546,0.0,7.652903147023523e-09,1.784076887499843e-08,0.0,0.0,0.0,1.0
781.0275882923038,23.235916570516203,322.26592840400775,0.0,1.7821502760100896e-08,0.0,1.0479077354417448e-07,0.0,2.578925676936905e-08,1.0
778.9705368954907,28.760766859357318,3.8495437576661757,2.0203060418901922e-08,0.0,1.0543577156651733,1.0686735420133642,6.462138267576592e-08,0.0,1.0
550.0,18.3,307.0,0.0,0.0,0.0,0.0,0.0,0.0,
170.0,5.63,4.0,0.0,0.0,0.52,0.52,0.0,0.0,1.0
890.0,29.63,4.0,0.0,0.0,1.0,1.0,0.0,0.0,1.0
40.0,1.3,4.0,0.0,0.0,0.65,0.65,0.0,0.0,1.0
600.0,19.97,430.0,0.0,0.0,0.0,0.0,0.0,0.0,
90.0,2.97,10.0,0.0,0.0,0.8,0.8,0.0,0.0,0.0
102.51864145959911,3.3984643884326906,5.631835857597715,9.896782413475039,0.30513883254919844,0.7196270655781543,0.710926221272561,0.6992169857855177,4.208308030680848,0.0
930.0,30.97,342.0,0.0,0.0,0.0,0.0,0.0,0.0,
710.0,23.63,7.0,0.0,0.0,0.0,0.0,0.0,0.0,
68.93865094041655,2.1712234500775636,3.8233668877722926,0.0,0.0,0.7899790641203518,0.7826415354615517,0.0,0.0,1.0
203.35409966046888,7.453089198828387,6.12512542870134,0.0,0.0,0.2450735588917802,0.26391155135500366,0.0,2.7912010190523232e-08,0.0
850.0,28.3,520.0,0.0,0.0,0.4,0.4,0.0,0.0,
900.0,29.97,6.0,0.0,0.0,0.2133333333333333,0.2133333333333333,0.0,0.0,
426.84863654286164,14.50151183287759,0.9390255812692705,37.10585504636426,1.0415186177622326,0.9767013839770068,0.8688569887533006,0.19841347766049314,0.2777415759663208,1.0
541.0579035914832,17.18701760081465,159.14080255430062,34.46152733954333,1.0225836641108865,1.586502637723382e-08,1.0633110483744457,0.06763103492501335,0.23349186099905486,1.0
597.1029869130092,19.50291275968531,283.4343843858502,1.693769001889318e-07,4.348785584087362e-08,0.35916863182710945,0.3274144989203945,0.0,1.0276901383564904e-07,0.0
440.0,14.63,4.0,0.0,0.0,0.12,0.12,0.0,0.0,
310.0,10.3,7.0,0.0,0.0,0.12,0.12,0.0,0.0,
920.0,30.63,448.0,0.0,0.0,0.08,0.08,0.0,0.0,
30.0,0.97,12.0,0.0,0.0,0.0,0.0,0.0,0.0,
940.0,31.3,342.0,0.0,0.0,0.0,0.0,0.0,0.0,
424.30070440598445,14.581751462188347,117.558830744535,3.273172281095335e-08,0.0,0.20963451570341132,2.319132675438731e-08,1.3699855870431184e-08,3.686262341720366e-08,1.0
360.9182825440965,11.839922286196837,6.544532470334417,2.1940114592198377e-08,0.0,0.9530750176157163,0.9959088226102772,7.953862918158334e-08,7.955091993737763e-08,0.0
760.0,25.3,6.0,0.0,0.0,0.4,0.4,0.0,0.0,
170.0,5.63,10.0,0.0,0.0,0.4,0.4,0.0,0.0,0.0
522.9301129003585,17.234582038338356,6.239586522138191,3.8130954009321145e-08,0.0,0.2409838467740388,0.28933608258663135,1.518775205588007e-08,0.0,0.0
930.0,30.97,62.0,0.0,0.0,0.9866666666666668,0.9866666666666668,0.0,0.0,
970.0,32.3,593.0,42.09928532485386,1.0,0.5238095238095238,0.5238095238095238,0.2505831867680111,0.2554635345650579,
31.40351046729876,0.9464182547856009,2.1812035533445653,3.684718272856415e-10,0.0,1.6525900317031548e-08,2.5813511762978237e-08,0.0,0.0,1.0
740.0,24.63,62.0,0.0,0.0,0.88,0.88,0.0,0.0,
440.0,14.63,1.0,40.70264433096412,1.0,1.0,1.0,0.1990873054854614,0.3004558556609427,1.0
760.0,25.3,4.0,0.0,0.0,0.8,0.8,0.0,0.0,1.0
850.0,28.3,307.0,0.0,0.0,0.2,0.2,0.0,0.0,
810.0,26.97,520.0,0.0,0.0,0.6,0.6,0.0,0.0,
510.0,16.97,341.0,0.0,0.0,0.8421052631578947,0.8421052631578947,0.0,0.0,0.0
630.0,20.97,164.0,37.38082022818376,1.0,0.0,1.0,0.0281632233528624,0.1389309939880826,1.0
560.0,18.63,164.0,34.17083894044855,0.9866666666666668,0.0,0.9866666666666668,1.0033126293995858,5.552124955356503,1.0
230.0,7.63,7.0,0.0,0.0,0.0,0.0,0.0,0.0,
610.0,20.3,189.0,0.0,0.0,0.0,0.0,0.0,0.0,
600.3688980721009,21.40695963701472,5.365089786404565,0.0,0.0,0.4321660324365022,0.4942662179554726,3.235139313245668e-08,0.0,0.0
578.4999962323396,19.16042695750621,8.90391405954411,1.859056398418246e-08,0.0,0.7925179838469352,0.76964976133883,0.0,3.2742470561792446e-08,0.0
900.0,29.97,333.0,0.0,0.0,0.0,0.0,0.0,0.0,
136.43845212549155,4.26211439011216,5.580267211856718,0.0,0.0,0.5897602452120523,0.5985204406879082,2.697872073859764e-08,6.414270835560289e-08,0.0
408.754532790119,13.700798400709207,175.27203117094746,33.648330892283525,1.0962235158583569,0.0,1.0038021855165886,0.15075422964379645,0.367196573121718,1.0
98.47837046127114,3.023568739992064,5.8475461736099135,12.614475332717122,0.39987250869435753,0.7677459997587044,0.7274504649968073,0.7679518301478578,4.854415665491973,0.0
750.0,24.97,10.0,0.0,0.0,0.4,0.4,0.0,0.0,0.0
930.0,30.97,7.0,0.0,0.0,0.0,0.0,0.0,0.0,
830.0,27.63,234.0,0.0,0.0,0.4,0.4,0.0,0.0,
110.0,3.63,42.0,0.0,0.0,0.7142857142857143,0.7142857142857143,0.0,0.0,
359.31350081735667,12.888169374179169,127.48598618842627,2.1271998725278972e-08,2.5732095101736673e-08,5.6125965520851823e-08,5.68843179186963e-08,1.776486471978402e-08,2.4765789445232837e-08,1.0
490.0,16.3,189.0,0.0,0.0,0.2,0.2,0.0,0.0,
900.0,29.97,442.0,0.0,0.0,0.4133333333333333,0.4133333333333333,0.0,0.0,
910.0,30.3,559.0,14.0855183715715,0.4838709677419355,0.0,0.4838709677419355,4.74210798688977,9.52422797044952,
720.0,23.97,4.0,0.0,0.0,0.6266666666666667,0.6266666666666667,0.0,0.0,
760.0,25.3,333.0,0.0,0.0,0.2,0.2,0.0,0.0,
820.0,27.3,520.0,0.0,0.0,0.4285714285714285,0.4285714285714285,0.0,0.0,
517.2547345619598,21.809918462569808,10.528925547607928,8.474354234000749e-09,0.0,0.5208975868994539,0.4992679967233083,5.038400819887585e-08,0.0,0.0
527.4014716975477,18.348703593878028,331.05786878814376,2.5841830554864456e-08,9.060806057409475e-09,3.7501290196263045e-08,0.0,2.1512303268599853e-08,0.0,1.0
56.251760218580614,1.8387669136664682,9.598137164045575,0.0,3.978608830807488e-08,0.47755949917738505,0.5143274476296508,1.239820196900202e-07,0.0,0.0
720.0,23.97,448.0,0.0,0.0,0.6,0.4,0.0,0.0,
216.57157656475,7.4092770915125685,6.101267684794424,5.747854720550767e-08,0.0,0.26891540138638237,0.25255357858261407,1.3913343868123587e-08,0.0,0.0
700.0,23.3,6.0,0.0,0.0,0.4266666666666667,0.4266666666666667,0.0,0.0,
620.0,20.63,1.0,40.577773184891214,1.0,1.0,1.0,0.241258384225455,0.3448549448893895,
600.0,19.97,292.0,0.0,0.0,0.6,0.6,0.0,0.0,0.0
410.0,13.63,6.0,0.0,0.0,1.0,1.0,0.0,0.0,0.0
250.0,8.3,127.0,0.0,0.0,0.6842105263157895,0.6842105263157895,0.0,0.0,
80.0,2.63,2.0,0.0,0.0,0.3866666666666666,0.3866666666666666,0.0,0.0,0.0
171.1088593871374,5.641306077554104,9.461597814297942,6.642256680284792e-12,3.962010250336997e-08,0.40721752320414084,0.4081392972680999,0.0,5.098395639170393e-08,0.0
400.0,13.3,164.0,34.33575688822427,1.0,0.0,1.0,0.1461057377109565,0.3701153091353252,1.0
360.0,11.97,217.0,31.36566008517228,1.0,0.0,0.5333333333333333,0.3744676732481614,0.5325385390440195,
180.0,5.97,72.0,0.0,0.0,0.5333333333333333,0.5333333333333333,0.0,0.0,
820.0,27.3,448.0,0.0,0.0,0.3466666666666667,0.3466666666666667,0.0,0.0,
49.04001077992303,1.571722854032893,6.154210415598467,19.008984242343125,0.5654259747298185,0.6598228384977841,0.7421157626984084,1.0823622421100187,5.2111126601195465,0.0
458.978074939881,13.932011128725646,10.003751423059615,0.0,3.1950823125779277e-08,0.8074824581072054,0.7388931940856172,3.606660383301373e-09,0.0,0.0
153.77076609324902,4.934848153514227,4.150174660161887,0.0,2.0531444113614947e-08,0.7694465705311436,0.8122786696974001,0.0,0.0,1.0
885.4680897597119,30.126727937234115,534.8016465276894,3.4570812747969974e-08,1.0416484432889238e-08,1.0242168827456946e-07,0.0,1.379378645368972e-08,0.0,1.0
510.0,16.97,234.0,0.0,0.0,0.0,0.0,0.0,0.0,
60.0,1.97,30.0,0.0,0.0,0.0,0.0,0.0,0.0,
1000.0,33.3,62.0,0.0,0.0,0.2533333333333333,0.2533333333333333,0.0,0.0,
710.0,23.63,442.0,0.0,0.0,0.0,0.0,0.0,0.0,
358.15979234063684,12.585891042474358,158.13492978953664,30.774132314617276,0.8860657760097014,3.386032170115083e-08,0.8592438525890448,0.6754114544082219,4.0867576199239295,1.0
470.9650005845426,15.752114097234152,5.61103186489191,6.058741914688714e-09,3.472815635670585e-08,1.014615244545631,1.1491845697914924,3.3713639383919e-08,5.079248809734116e-08,0.0
260.0,8.63,127.0,0.0,0.0,0.625,0.625,0.0,0.0,
132.85943802578095,4.1102025268935645,3.8325294714608225,0.0,3.670537084865475e-08,1.0140121042615393,0.9733589441182653,0.0,3.309221392638755e-08,1.0
40.0,1.3,25.0,24.48347107438017,0.6818181818181818,0.0,0.2727272727272727,4.896694214876033,12.613071293596024,
794.1987656979732,30.45022729967456,494.84563674469223,5.03816596373812e-08,0.0,0.0,5.167593138989373e-09,0.0,0.0,1.0
560.0,18.63,363.0,0.0,0.0,0.0,0.0,0.0,0.0,
641.2084579903864,21.40969895595919,311.4875799659957,3.045168034277513e-08,5.784443501288355e-08,0.6212467376093648,0.612735458529491,0.0,0.0,0.0
51.11308088198397,1.6349971241813521,3.6017297832669684,0.0,0.0,0.728908762133102,0.7716753558792278,0.0,0.0,1.0
780.0,25.97,496.0,0.0,0.0,0.0,0.0,0.0,0.0,
712.3873617798588,23.967039407427933,352.83233101576025,1.0397888875788858e-07,7.59394347626077e-08,1.4577705405166632e-08,0.0,0.0,0.0,1.0
620.0,20.63,448.0,0.0,0.0,0.0,0.0,0.0,0.0,
190.0,6.3,41.0,0.0,0.0,0.6,0.6,0.0,0.0,1.0
740.0,24.63,10.0,0.0,0.0,0.4,0.4,0.0,0.0,0.0
410.0,13.63,164.0,34.19888987926423,1.0,0.0,1.0,0.0941576857629043,0.3113174592319866,1.0
570.0,18.97,342.0,0.0,0.0,0.0,0.0,0.0,0.0,1.0
640.0,21.3,1.0,40.83348440190072,1.0,1.0,1.0,0.2849795110226497,0.3327423167652034,
590.9156313522841,19.76462063909083,6.092808318896153,0.0,5.4947784719049784e-08,0.4679677626913853,0.4838226943483828,0.0,1.3078710460521025e-08,0.0
694.8195743997854,20.78520628312868,481.1378325831802,6.852881901033835e-08,0.0,2.924055477571326e-08,2.109349038269689e-08,2.037031486104936e-08,9.157164633154944e-09,1.0
610.0,20.3,10.0,0.0,0.0,0.5466666666666666,0.5466666666666666,0.0,0.0,0.0
770.9252818968815,26.62587221783633,518.2695523070131,7.115776648677294e-08,3.537468304065409e-08,7.455865942698642e-08,3.284257901863209e-08,0.0,0.0,1.0
370.0,12.3,41.0,0.0,0.0,0.2,0.2,0.0,0.0,1.0
860.0,28.63,1.0,40.56242643136299,1.0,1.0,1.0,0.1233095884215289,0.2705579413826778,
680.0,22.63,10.0,0.0,0.0,0.4,0.4,0.0,0.0,0.0
482.3418614722456,18.24006616670227,3.7962852510387877,0.0,1.0990080869989786e-07,0.9307411404648962,1.0554110286748346,0.0,2.9747706016209324e-08,1.0
530.0,17.63,363.0,0.0,0.0,0.0,0.0,0.0,0.0,
110.0,3.63,12.0,0.0,0.0,0.6,0.6,0.0,0.0,0.0
380.0,12.63,216.0,28.57924669281336,0.98,0.3,0.72,0.5878742461794463,0.6730976321807512,
19.81363522397925,0.677843018762491,6.258632396205058,31.679579346152146,1.0342741407141505,0.2919104705315329,0.3310766433184111,0.5497154464256411,0.5170542585607935,0.0
770.0,25.63,442.0,0.0,0.0,0.0,0.0,0.0,0.0,
520.0,17.3,164.0,34.11078248656241,1.0,0.0,1.0,0.0681063122923589,0.2326928854022728,1.0
565.0252241881117,18.317517709942805,9.59000684797393,4.861188483606227e-09,0.0,0.6659274654571152,0.7107634852022342,2.1553339994274054e-08,4.752791834132255e-08,0.0
90.0,2.97,30.0,0.0,0.0,0.0,0.0,0.0,0.0,
700.0,23.3,1.0,40.84801687681826,1.0,1.0,1.0,0.2180168783630863,0.3273372855773931,
277.7698264243796,10.105197380669917,0.9184528254508606,41.74801453102247,0.9711480341707466,0.918616561357162,1.042906267733241,0.13042352218253678,0.30610425406392594,1.0
98.52489698766493,3.2997389730928655,11.730326298071988,1.0947861425281856e-08,0.0,0.560430631433891,0.532472197784804,0.0,0.0,0.0
630.0,20.97,430.0,0.0,0.0,0.0,0.0,0.0,0.0,
440.0,14.63,292.0,0.0,0.0,0.0,0.0,0.0,0.0,0.0
980.0,32.63,520.0,0.0,0.0,0.0,0.0,0.0,0.0,
484.65149510814643,17.903515421316737,0.9681194034346656,36.996975594163885,0.9874835275015924,0.94904359000966,0.9899711434633234,0.18904585102242885,0.29990916486492664,1.0
20.0,0.63,9.0,0.0,0.0,0.0,0.0,0.0,0.0,
360.0,11.97,164.0,28.16463828328486,0.8,0.0,0.8,1.6479599815761004,7.153821805057786,1.0
270.0,8.97,164.0,6.415783704786261,0.1764705882352941,0.0,0.1764705882352941,3.1165509682133714,10.178545158770024,
830.0,27.63,307.0,0.0,0.0,0.2,0.2,0.0,0.0,
920.0,30.63,4.0,0.0,0.0,1.0,1.0,0.0,0.0,1.0
933.1398472672931,27.05506357134144,9.93987223844456,5.5619270661873064e-08,0.0,0.5359986789882968,0.5980634578640043,0.0,1.1710532502994377e-09,0.0
580.0,19.3,363.0,0.0,0.0,0.0,0.0,0.0,0.0,
431.1412982620019,13.807356472026088,5.3469425120546274,0.0,1.4192796786255107e-08,1.1076249151983941,0.943185140466845,0.0,0.0,0.0
431.0812103281993,14.311930916672553,308.45768641893875,0.0,3.383049740286807e-08,0.0,0.0,0.0,5.526371118330061e-09,0.0
580.0,19.3,10.0,0.0,0.0,0.4533333333333333,0.4533333333333333,0.0,0.0,0.0
700.0,23.3,476.0,16.286937772953323,0.4333333333333333,0.0,0.4333333333333333,2.1752751139593385,8.613839696078758,
160.0,5.3,6.0,0.0,0.0,0.5066666666666667,0.5066666666666667,0.0,0.0,
730.0,24.3,1.0,40.26478687688548,1.0,1.0,1.0,0.1641909432240313,0.3025474109956476,
452.889681838518,12.605036650719894,167.3479635152327,35.887878666373936,0.9849186076806036,2.48484622887615e-08,0.9328059193310833,0.17343161489531592,0.38026777084798247,1.0
250.0,8.3,164.0,4.897959183673469,0.1428571428571428,0.0,0.1428571428571428,4.897959183673469,12.450394957758215,
310.0,10.3,10.0,0.0,0.0,0.5466666666666666,0.5466666666666666,0.0,0.0,
588.6542423158363,18.946054801558677,313.1361134896195,0.0,1.0283364231183051e-07,0.6084023151979315,0.6207533228314515,3.668044750142923e-08,0.0,0.0
820.0,27.3,333.0,0.0,0.0,0.0,0.0,0.0,0.0,
450.0,14.97,189.0,0.0,0.0,0.2,0.2,0.0,0.0,
382.4061255002044,13.735210048404086,217.79869996001077,6.1529356627647715e-09,0.0,0.1576751365681575,0.15354606887365513,0.0,1.0066225693958906e-09,1.0
800.0,26.63,292.0,0.0,0.0,0.0,0.0,0.0,0.0,0.0
640.0,21.3,430.0,0.0,0.0,0.0,0.0,0.0,0.0,1.0
484.7325214601613,16.821894899515346,10.07572303285745,0.0,0.0,0.91609058695094,0.8924570711513724,0.0,0.0,0.0
640.0,21.3,62.0,0.0,0.0,0.2,0.2,0.0,0.0,
960.0,31.97,559.0,16.688633000369958,0.6792452830188679,0.0,0.6792452830188679,3.7313023408334174,8.28500262761395,
930.0,30.97,4.0,0.0,0.0,1.0,1.0,0.0,0.0,1.0
269.16090415442966,9.479702769881165,162.18872233819647,11.62687079957494,0.3223141828159207,0.0,0.3091169087889313,3.3871938948883074,10.40867524668575,1.0
529.3675062023617,21.105060794002547,9.873630006516109,1.0362030469716802e-08,0.0,0.7142185334555173,0.744868223941236,2.1316285526790554e-08,0.0,0.0
460.0,15.3,164.0,34.418604651162795,1.0,0.0,1.0,0.0553709856035439,0.2085744195738889,1.0
30.0,0.97,9.0,0.0,0.0,0.0,0.0,0.0,0.0,
330.0,10.97,152.0,0.0,0.0,0.0,0.0,0.0,0.0,
980.0,32.63,534.0,0.0,0.0,0.0,0.0,0.0,0.0,
129.37950689803205,4.433459956602102,4.162778445851336,0.0,0.0,0.8969751416350497,1.0235291705065546,0.0,1.984260138239806e-08,1.0
841.8069790836314,28.22538591581329,10.24218575784061,3.9157187996911776e-08,0.0,0.8733429904095724,0.8036730547421534,0.0,0.0,0.0
310.0,10.3,127.0,0.0,0.0,0.2533333333333333,0.2533333333333333,0.0,0.0,
390.0,12.97,226.0,0.0,0.0,0.3,0.3,0.0,0.0,1.0
420.0,13.97,217.0,16.9631816131212,0.6,0.2,0.8,1.3370216581195966,5.070376506473294,
220.0,7.3,55.0,30.01004116988496,1.0,0.32,1.0,0.4309188762555827,0.442884272871004,
740.0,24.63,1.0,40.194696708298814,1.0,1.0,1.0,0.1366642325432382,0.2889155177426523,
950.0,31.63,333.0,0.0,0.0,0.0,0.0,0.0,0.0,
188.56853782930128,6.672590977943846,1.0644607824877976,38.40120957640175,1.0207387199667848,0.973640318847498,1.038901632623889,0.15051234253630352,0.2486989811052044,1.0
800.0,26.63,10.0,0.0,0.0,0.2,0.2,0.0,0.0,0.0
140.40938495347973,4.786901782038182,9.994532482210461,1.6588125364935695e-09,2.6276916811687143e-08,0.6182777930458194,0.5948985248040549,0.0,2.306751160217323e-09,0.0
90.0,2.97,22.0,0.0,0.0,0.0,0.0,0.0,0.0,
800.0,26.63,6.0,0.0,0.0,0.12,0.12,0.0,0.0,
840.0,27.97,6.0,0.0,0.0,0.2,0.2,0.0,0.0,
850.0,28.3,470.0,0.0,0.0,0.0,0.0,0.0,0.0,1.0
274.42141832453956,9.209486187672402,0.9996156875693645,44.308208805716404,1.007495531584081,1.1452240018534685,1.0346380260808865,0.17890045595229706,0.3577323303371775,1.0
576.2418806659861,19.90600279678866,3.9005343242044255,0.0,0.0,1.005995435601795,1.0424201151398498,3.762388691694185e-08,2.9703593870262882e-09,1.0
590.0,19.63,1.0,39.65312831656367,1.0,1.0,1.0,0.1592114135741844,0.2607731854446115,
93.2261184763685,3.1407343062577997,5.881962022739578,9.52890174304771,0.28672224877307645,0.8213077651026038,0.7324672286415831,0.7402400187563303,4.446976044937739,0.0
790.0,26.3,448.0,0.0,0.0,0.2,0.2,0.0,0.0,
280.2589663501733,9.238247364054352,155.35788672922206,11.10340693956397,0.3154911540820155,8.915021048707466e-08,0.34065960964064523,3.2071660144421057,10.29595488247949,1.0
150.0,4.97,4.0,0.0,0.0,0.7866666666666666,0.7866666666666666,0.0,0.0,1.0
860.0,28.63,62.0,0.0,0.0,0.48,0.48,0.0,0.0,
470.35108673776057,15.904296471131554,9.96677166272807,0.0,5.7784020146868673e-08,0.7467212579438008,0.7837344356661418,4.095166200492823e-08,0.0,0.0
527.482405378405,18.876351500118048,9.780252972768485,0.0,0.0,0.3806006332469763,0.4083266919031774,0.0,3.319910857185908e-08,0.0
660.0,21.97,62.0,0.0,0.0,0.2,0.2,0.0,0.0,
500.0,16.63,4.0,0.0,0.0,0.48,0.48,0.0,0.0,
180.5883371117613,7.131906395953445,38.39921905736404,0.0,6.2684446926064295e-09,0.6312820919950798,0.6412496403864086,0.0,2.3418152125257444e-10,1.0
590.0,19.63,10.0,0.0,0.0,0.4,0.4,0.0,0.0,0.0
940.0,31.3,62.0,0.0,0.0,0.8533333333333334,0.8533333333333334,0.0,0.0,
1000.0,33.3,593.0,41.45097054135889,1.0,0.803921568627451,0.803921568627451,0.3337812165151685,0.363452298689342,
598.9965291048956,21.363332059710395,10.966159702448103,0.0,0.0,0.42109156584105917,0.3961979294090651,0.0,0.0,0.0
970.0,32.3,4.0,0.0,0.0,1.0,1.0,0.0,0.0,
430.0,14.3,4.0,0.0,0.0,0.2,0.2,0.0,0.0,
490.0,16.3,62.0,0.0,0.0,0.6607142857142857,0.6607142857142857,0.0,0.0,
890.0,29.63,6.0,0.0,0.0,0.2,0.2,0.0,0.0,
870.0,28.97,292.0,0.0,0.0,0.0,0.0,0.0,0.0,0.0
670.0,22.3,1.0,40.88254645096277,1.0,1.0,1.0,0.2867620422169457,0.3315509864540389,
450.0,14.97,234.0,0.0,0.0,0.0,0.0,0.0,0.0,
540.0,17.97,374.0,0.0,0.0,0.0,0.0,0.0,0.0,
293.02317446239107,9.760354563734055,157.0241873619693,28.834645663005073,0.8705870195660379,0.7411907796026614,0.8260955330094062,5.094804319913225,12.131339604561695,1.0
785.2604227024011,28.136367214575156,296.6172699569603,1.6934300057660416e-08,0.0,0.0,8.707632057720227e-08,0.0,4.0668916273088364e-08,0.0
781.5124897391794,26.457869264456956,499.7043604013634,3.9078791957904205e-08,3.385547905101099e-08,2.3941462846551486e-08,0.0,9.203028073481399e-09,0.0,1.0
890.0,29.63,470.0,0.0,0.0,0.08,0.08,0.0,0.0,1.0
660.0,21.97,333.0,0.0,0.0,0.2,0.2,0.0,0.0,
120.0,3.97,1.0,40.54347319347318,1.0,1.0,1.0,0.0972707847707849,0.2242882138398815,1.0
466.197476730651,18.153829823051257,0.9048210749513491,39.64917785870449,0.9409078206295253,1.0072054743496546,0.9532966786851671,0.16656669622661974,0.2991527739949172,1.0
620.0,20.63,342.0,0.0,0.0,0.0,0.0,0.0,0.0,1.0
890.8030486527334,28.86611504141211,9.902501578006275,0.0,6.502337603375778e-09,0.5054350378353095,0.4131385719790744,0.0,0.0,0.0
840.0,27.97,234.0,0.0,0.0,0.4,0.4,0.0,0.0,
680.0,22.63,7.0,0.0,0.0,0.0,0.0,0.0,0.0,
120.0,3.97,31.0,18.84441773043528,0.6,0.0,0.6,3.846880929791271,8.113840847561548,1.0
560.0,18.63,62.0,0.0,0.0,0.72,0.72,0.0,0.0,
573.9230856254281,17.72745843883468,10.046701239036091,1.2184608198507307e-08,3.451706287181673e-08,0.6261729299398079,0.574550236441741,0.0,3.6031816108578515e-08,0.0
540.0,17.97,4.0,0.0,0.0,1.0,1.0,0.0,0.0,1.0
340.0,11.3,6.0,0.0,0.0,1.0,1.0,0.0,0.0,0.0
260.0,8.63,6.0,0.0,0.0,0.68,0.68,0.0,0.0,0.0
560.0,18.63,1.0,39.19127993422347,1.0,1.0,1.0,0.1386328725038405,0.2636001441192409,
750.0,24.97,470.0,0.0,0.0,0.0,0.0,0.0,0.0,1.0
680.0,22.63,333.0,0.0,0.0,0.2,0.2,0.0,0.0,
710.0,23.63,333.0,0.0,0.0,0.32,0.32,0.0,0.0,
50.0,1.63,25.0,21.653606971444702,0.59375,0.0,0.3125,4.597344619666048,12.171373573141684,
614.9254918047193,18.79775186658922,4.078449031527591,0.0,1.9427876917944402e-08,1.029398806655084,1.0223812553663099,4.270176043497786e-08,0.0,1.0
615.4754472606339,18.11965221530069,5.814290620685118,2.897929706155699e-08,0.0,0.2699673868430771,0.2509920211008248,0.0,2.5527334346005688e-09,0.0
790.0,26.3,333.0,0.0,0.0,0.0,0.0,0.0,0.0,
710.0,23.63,234.0,0.0,0.0,0.4,0.4,0.0,0.0,
640.0,21.3,189.0,0.0,0.0,0.3466666666666667,0.3466666666666667,0.0,0.0,
940.0,31.3,4.0,0.0,0.0,1.0,1.0,0.0,0.0,
170.2120461451794,6.158308988588592,6.056216458677301,1.0207111357175952e-08,0.0,0.3295906979213893,0.34496140012856835,0.0,0.0,0.0
10.0,0.3,4.0,0.0,0.0,0.0,0.0,0.0,0.0,
790.0,26.3,307.0,0.0,0.0,0.0,0.0,0.0,0.0,
135.03196441643684,4.49128200554412,6.326342253858134,3.8878418126196143e-08,0.0,0.6382136765086551,0.6088092460561513,8.897428071388795e-09,5.929755056929888e-09,0.0
250.0,8.3,156.0,0.0,0.0,0.0,0.0,0.0,0.0,
313.7955403395918,10.97262904741671,89.09902741992975,6.551161429824291e-08,5.081296669934945e-09,0.12793439542761378,0.11381656849510874,1.0469423188074006e-08,0.0,1.0
285.4185807072674,9.59153162315199,6.524041211221395,1.1872498899026179e-08,5.794568839132802e-09,0.9850510310685584,1.0515493137492502,0.0,0.0,0.0
400.0,13.3,10.0,0.0,0.0,0.4,0.4,0.0,0.0,0.0
790.0,26.3,7.0,0.0,0.0,0.0,0.0,0.0,0.0,
840.0,27.97,470.0,0.0,0.0,0.0,0.0,0.0,0.0,1.0
690.0,22.97,333.0,0.0,0.0,0.2133333333333333,0.2133333333333333,0.0,0.0,
977.4816702616005,34.12088173359468,9.604147051620567,0.0,7.935637108852317e-09,0.6237532391849742,0.5827885512029195,9.800679785379365e-08,0.0,0.0
280.0,9.3,156.0,0.0,0.0,0.2884615384615384,0.2884615384615384,0.0,0.0,
950.089677559649,28.692223971701253,3.5971682746043787,0.0,3.846811758521135e-08,1.0473914267532733,0.9643272288243561,0.0,0.0,1.0
550.6968595952366,18.209255871958202,167.11154645078847,36.526696375819114,0.8579615838910025,0.0,0.9512006027935973,0.986055088802516,5.784576337388891,1.0
290.0,9.63,164.0,9.57902001380262,0.2592592592592592,0.0,0.2592592592592592,2.654704393834828,9.483528020791107,1.0
150.0,4.97,64.0,0.0,0.0,0.0,0.0,0.0,0.0,
890.0,29.63,292.0,0.0,0.0,0.0,0.0,0.0,0.0,1.0
940.0,31.3,366.0,0.0,0.0,0.25,0.25,0.0,0.0,
500.0,16.63,6.0,0.0,0.0,0.72,0.72,0.0,0.0,0.0
50.0,1.63,2.0,0.0,0.0,0.12,0.12,0.0,0.0,1.0
233.27140394866575,8.879039122043254,0.9337003456822482,42.321664269527076,0.9408525252603078,0.9399179593577325,0.9945222975954817,0.21680167023116367,0.37371795403266916,1.0
610.0,20.3,430.0,0.0,0.0,0.0,0.0,0.0,0.0,1.0
690.0,22.97,1.0,40.92652793244426,1.0,1.0,1.0,0.2676573043622083,0.3423116190266754,
69.21659866294046,2.169080594949667,2.0173308200519506,0.0,2.0613662665716184e-08,0.33146862989242126,0.3893330328193894,2.9554203254199008e-08,0.0,1.0
870.0,28.97,448.0,0.0,0.0,0.2,0.2,0.0,0.0,
900.0,29.97,520.0,0.0,0.0,0.2,0.2,0.0,0.0,
420.0,13.97,262.0,0.0,0.0,0.0555555555555555,0.0555555555555555,0.0,0.0,
770.0,25.63,234.0,0.0,0.0,0.4,0.4,0.0,0.0,
550.0,18.3,189.0,0.0,0.0,0.0,0.0,0.0,0.0,
360.0,11.97,41.0,0.0,0.0,0.2,0.2,0.0,0.0,1.0
450.0,14.97,4.0,0.0,0.0,0.0,0.0,0.0,0.0,
300.0,9.97,157.0,31.31873897001736,1.0,0.6666666666666666,0.8840579710144928,0.3937345124347938,0.4639389300122663,
20.0,0.63,22.0,0.0,0.0,0.0,0.0,0.0,0.0,
580.0,19.3,62.0,0.0,0.0,0.4533333333333333,0.4533333333333333,0.0,0.0,
40.0,1.3,10.0,0.0,0.0,0.375,0.375,0.0,0.0,0.0
730.0,24.3,342.0,0.0,0.0,0.0,0.0,0.0,0.0,1.0
92.21912199890872,3.052946832064358,12.273036897339761,8.11045475611386e-08,0.0,0.4255813068286528,0.4084214743361348,4.478253857861532e-08,4.737611126971691e-08,0.0
680.0,22.63,470.0,0.0,0.0,0.0,0.0,0.0,0.0,1.0
452.3441198372048,15.203959585774259,289.8841646872091,0.0,1.0019362675228426e-07,0.0,0.0,2.3370944247322963e-08,1.356769384472545e-08,0.0
370.0,12.3,217.0,30.511677587495942,1.0,0.0,0.65,0.4245754512923962,0.5423551775779187,
740.0,24.63,470.0,0.0,0.0,0.0,0.0,0.0,0.0,1.0
470.0,15.63,292.0,0.0,0.0,0.0,0.0,0.0,0.0,0.0
630.0,20.97,307.0,0.0,0.0,0.2133333333333333,0.2133333333333333,0.0,0.0,
315.1989172855159,9.847740325970776,10.224949676909878,2.7492042046863222e-08,0.0,0.28995093119309684,0.29598762323619354,4.130781746250764e-08,2.589973455743185e-08,0.0
830.0,27.63,520.0,0.0,0.0,0.3333333333333333,0.3333333333333333,0.0,0.0,
930.0,30.97,366.0,0.0,0.0,0.5,0.5,0.0,0.0,
240.0,7.97,10.0,0.0,0.0,0.3866666666666666,0.3866666666666666,0.0,0.0,
134.92520071128678,4.293498950474131,0.9717981491255665,39.907854263285124,1.066860904419318,1.1087991856802952,1.0179507660733393,0.09852886661888306,0.21864552197801743,1.0
880.0,29.3,62.0,0.0,0.0,0.6,0.6,0.0,0.0,
650.0,21.63,292.0,0.0,0.0,0.32,0.32,0.0,0.0,0.0
83.00194633246659,2.567667072436897,1.9894427486688149,6.149148608021977e-08,1.008832175635188e-07,0.42970452824641625,0.35040836872088604,5.882550309562362e-08,1.0878621613882879e-07,0.0
430.0,14.3,189.0,0.0,0.0,0.1466666666666666,0.1466666666666666,0.0,0.0,
150.0,4.97,41.0,0.0,0.0,0.4324324324324324,0.4324324324324324,0.0,0.0,0.0
770.0,25.63,333.0,0.0,0.0,0.12,0.12,0.0,0.0,
700.0,23.3,333.0,0.0,0.0,0.3466666666666667,0.3466666666666667,0.0,0.0,
61.21082095756442,2.078094775156355,4.044964136328613,1.689372357184949e-08,6.755648829555717e-08,0.7850145259216313,0.7168493778915007,0.0,0.0,1.0
530.0,17.63,127.0,0.0,0.0,0.0,0.0,0.0,0.0,
580.0,19.3,6.0,0.0,0.0,0.3466666666666667,0.3466666666666667,0.0,0.0,0.0
443.8958484616916,14.398111726254488,301.0638523901596,0.0,0.0,0.3453802613462671,0.3614702313476107,0.0,0.0,0.0
490.0,16.3,127.0,0.0,0.0,0.0,0.0,0.0,0.0,
937.6350435408923,30.570661875922905,10.08545501523045,0.0,3.478821896522048e-08,0.4038273874076251,0.42190914628459264,1.4112032818932326e-08,0.0,0.0
20.0,0.63,21.0,0.0,0.0,0.0,0.0,0.0,0.0,
130.0,4.3,6.0,0.0,0.0,0.6,0.6,0.0,0.0,0.0
761.1325344645859,29.61602571011481,3.9445909670240797,0.0,0.0,0.9216837557979436,0.9208257111796592,6.541512617192409e-09,0.0,1.0
980.0,32.63,7.0,0.0,0.0,0.0,0.0,0.0,0.0,
200.8033786426357,7.510245666598031,6.155186607852184,1.2311460413653988e-07,0.0,0.2409394289708962,0.2572471178950878,3.5453760270130127e-08,0.0,0.0
750.0,24.97,1.0,40.09584938451733,1.0,1.0,1.0,0.1207622533401175,0.2866665989064098,
780.0,25.97,490.0,0.0,0.0,0.56,0.56,0.0,0.0,
193.06321327949166,6.982942556840399,5.708858055086439,0.0,3.0628547356194706e-08,0.35858985342808797,0.3092926648393637,2.5978052602356105e-08,4.433969139668262e-08,0.0
190.0,6.3,4.0,0.0,0.0,0.4,0.4,0.0,0.0,1.0
890.0,29.63,1.0,40.17661890661388,1.0,1.0,1.0,0.1534353763773235,0.2756371641574751,
790.0,26.3,6.0,0.0,0.0,0.2533333333333333,0.2533333333333333,0.0,0.0,
403.9667906514892,15.349081915425414,10.928307534168402,3.1698915128077298e-09,8.86363224624912e-09,0.8611664666257962,0.8069685543930938,1.9245294123940176e-08,0.0,0.0
322.41922863833537,10.959771521938684,42.942241256820836,0.0,0.0,0.24100467118318128,0.2659991003879024,6.940908996493456e-08,1.0895391263998676e-08,0.0
520.0,17.3,4.0,0.0,0.0,0.7466666666666667,0.7466666666666667,0.0,0.0,1.0
180.0,5.97,30.0,0.0,0.0,0.0,0.0,0.0,0.0,
280.0,9.3,41.0,0.0,0.0,0.6533333333333333,0.6533333333333333,0.0,0.0,
440.0,14.63,164.0,34.407530454042075,1.0,0.0,1.0,0.0442967884828351,0.1878824399470967,1.0
279.04367870713804,9.523676144682604,9.873660505462025,1.0388050073727139e-08,1.0696709057613047e-07,0.39241856770288525,0.4236934646354589,3.2133060745074764e-08,0.0,0.0
707.4946049436223,26.576114765922558,10.252605412173171,6.663824132323343e-08,0.0,0.41136953368005413,0.3887228280792958,0.0,0.0,0.0
867.8667028023189,31.515818456508214,9.828280634797277,9.197388453437588e-08,5.815739681142709e-09,0.7159345773884507,0.6869460739481911,0.0,0.0,0.0
562.6385743126068,19.915607593711865,303.2709267516184,0.0,6.352011948969258e-09,0.19732185980714492,0.2080902748161228,4.7771806132696403e-08,3.213956770681831e-08,0.0
460.0,15.3,269.0,33.131688300775515,1.0,0.4285714285714285,0.7428571428571429,0.5305697073807881,0.575992738807869,
304.9651821287865,9.509846102946296,6.061390136058892,2.4460466279995858e-08,6.404735651817005e-08,0.965100215090074,0.9808012488624891,3.638850452575428e-08,0.0,0.0
840.0,27.97,62.0,0.0,0.0,0.5866666666666667,0.5866666666666667,0.0,0.0,
420.0,13.97,4.0,0.0,0.0,0.2,0.2,0.0,0.0,
160.0,5.3,74.0,40.326797385620914,1.0,0.0,0.0,0.1307189542483655,0.259387383437704,
960.0,31.97,448.0,0.0,0.0,0.2,0.2,0.0,0.0,
920.0,30.63,534.0,0.0,0.0,0.0,0.0,0.0,0.0,
20.0,0.63,12.0,0.0,0.0,0.0,0.0,0.0,0.0,
681.2121163760995,22.288376571593744,301.9911687669101,2.760150564696675e-08,3.277765538237665e-09,1.0952208665865614e-08,2.7330779734895864e-08,9.158279286319425e-09,0.0,1.0
840.0,27.97,448.0,0.0,0.0,0.4,0.4,0.0,0.0,
796.2242847675215,25.655180910829273,10.007021887041285,0.0,0.0,0.20193349117383877,0.2179293730276618,8.787031153646692e-08,0.0,0.0
480.0,15.97,62.0,0.0,0.0,0.5869565217391305,0.5869565217391305,0.0,0.0,
50.32100653355232,1.627610230154133,4.2159563856105216,4.3670791318271774e-08,2.221974803005928e-08,0.6856215130887974,0.6515832687552191,6.503114045139062e-08,0.0,1.0
560.0,18.63,6.0,0.0,0.0,0.2666666666666666,0.2666666666666666,0.0,0.0,0.0
110.92543381240529,4.002990668860615,11.469236479492857,9.496655195440742e-09,0.0,0.8684064957507508,0.9698334038342689,0.0,7.013814355625066e-08,0.0
800.0,26.63,189.0,0.0,0.0,0.08,0.08,0.0,0.0,
343.8088517570262,11.561851085661862,6.081826116024512,1.0912591890037972e-07,0.0,1.0579770655352398,0.9706687338492126,0.0,1.0237640201085276e-07,0.0
579.4489106469672,19.677467973037274,3.934640971298429,0.0,2.36707311421234e-09,0.91920720555657,1.0626918445296278,0.0,4.050416004893007e-08,1.0
770.0,25.63,62.0,0.0,0.0,1.0,1.0,0.0,0.0,
80.30646173125437,2.733788054766469,10.101504590489242,0.0,0.0,0.6665847614340379,0.6904866931866955,2.6812483176085564e-08,0.0,0.0
270.0,8.97,6.0,0.0,0.0,0.8133333333333334,0.8133333333333334,0.0,0.0,0.0
608.7196140855954,18.98339701361408,160.6540696401356,32.8556595027745,0.9570674055985355,0.0,0.9391370607869927,1.106246238537795,5.5767597666102375,1.0
660.0,21.97,234.0,0.0,0.0,0.0149253731343283,0.0149253731343283,0.0,0.0,
263.4803686424807,8.900133872573475,5.979211031294695,0.0,1.7266541162923225e-08,0.7813924499926708,0.7870127870976114,3.919115992965967e-08,0.0,0.0
220.0,7.3,74.0,14.253890365848168,0.3768115942028985,0.1594202898550724,0.3478260869565217,1.6605837113777395,7.245929137021021,
30.0,0.97,2.0,0.0,0.0,0.0,0.0,0.0,0.0,1.0
644.5717401574535,22.243593353301296,9.79571427058474,1.696707345521341e-08,0.0,0.5304387040367602,0.5433290374308151,7.274414827294864e-08,3.981673210831778e-08,0.0
390.0,12.97,189.0,0.0,0.0,0.2,0.2,0.0,0.0,
754.7378799618222,25.395043044309983,10.476594983398911,1.0365905739954932e-07,8.978863053861129e-08,0.42015531953089225,0.3970926864957889,1.0880762503454196e-08,8.821421277900507e-09,0.0
690.2740190547146,23.74680146698035,252.25841897609914,0.0,0.0,0.39450933092729523,0.3941385737008024,0.0,0.0,1.0
230.0,7.63,6.0,0.0,0.0,0.28,0.28,0.0,0.0,0.0
40.0,1.3,31.0,22.573529411764703,0.0,0.0,0.0,0.3676470588235299,0.6807500733621711,
630.0,20.97,333.0,0.0,0.0,0.2,0.2,0.0,0.0,
820.0,27.3,292.0,0.0,0.0,0.0,0.0,0.0,0.0,0.0
726.7955929827197,22.831494500946718,291.6105964441627,1.014041291037991e-07,1.2951274808205766e-09,0.0,1.6596836582286563e-08,0.0,0.0,1.0
420.0,13.97,263.0,0.0,0.0,0.4545454545454545,0.4545454545454545,0.0,0.0,0.0
499.11151781212635,17.00533436678665,6.184805703638222,0.0,2.3936737841802234e-08,0.9021604220169601,0.8580650535624829,9.475756252487902e-08,0.0,0.0
153.33204188333386,5.721307710643052,10.713850685050717,0.0,3.390469618408132e-08,0.3921633461813895,0.36389582521045793,7.621310215162227e-08,2.84950800106326e-09,0.0
580.0,19.3,333.0,0.0,0.0,0.2,0.2,0.0,0.0,
537.5819790541282,19.696102546152456,9.915300716066703,0.0,3.151482645855804e-08,0.4116311806990682,0.3784658155055067,4.964704989371924e-08,5.953252687239495e-08,0.0
540.0,17.97,307.0,0.0,0.0,0.0,0.0,0.0,0.0,
88.01154547622731,2.693099386780761,12.850373644930915,2.6824830904834356e-08,0.0,0.28953742789102455,0.28021656338191075,7.596603902297158e-09,0.0,0.0
940.0,31.3,10.0,0.0,0.0,0.5466666666666666,0.5466666666666666,0.0,0.0,0.0
900.0,29.97,342.0,0.0,0.0,0.0,0.0,0.0,0.0,
482.2438975642358,15.174695183259155,234.54302146400016,0.0,5.083605093577368e-08,9.507449354865128e-08,2.1655422867845294e-09,0.0,5.336070934766342e-08,1.0
304.97587282139443,9.938740941824134,216.86705017915176,4.484560834141412e-08,5.32032925537127e-08,0.0,0.0,0.0,0.0,1.0
47.99751287090344,1.684457845188066,10.494919427687336,0.0,0.0,0.40259968049232353,0.40531593732202875,3.3713948582564317e-08,0.0,0.0
1000.0,33.3,342.0,0.0,0.0,0.2,0.2,0.0,0.0,
389.2913187430991,12.921924402443876,10.14356238800769,2.3920024284345807e-08,9.343728904944881e-09,0.4235273365045671,0.3995831298715904,0.0,8.557585485042073e-08,0.0
660.0,21.97,307.0,0.0,0.0,0.6,0.6,0.0,0.0,
526.2770776477363,17.854263448629816,341.705919238046,3.8281579346395354e-08,0.0,0.0,0.0,3.335182865027294e-08,0.0,1.0
160.0,5.3,30.0,0.0,0.0,0.0,0.0,0.0,0.0,
760.0,25.3,189.0,0.0,0.0,0.0533333333333333,0.0533333333333333,0.0,0.0,
920.0,30.63,578.0,36.16454399063094,1.0,0.0,1.0,0.48565363782755,0.7217899843953739,
680.0,22.63,6.0,0.0,0.0,0.6133333333333333,0.6133333333333333,0.0,0.0,
351.91153746078885,12.63199059159349,6.2354832149270685,0.0,0.0,1.0092810805345775,1.0539375269054605,7.7860424338673e-08,0.0,0.0
710.0,23.63,307.0,0.0,0.0,0.32,0.32,0.0,0.0,
740.0,24.63,6.0,0.0,0.0,0.4,0.4,0.0,0.0,
150.0,4.97,31.0,15.081082408525484,0.5733333333333334,0.0,0.5733333333333334,2.8545382669196706,7.248078509596401,
481.206978260928,15.484714669089989,10.217424690290345,6.881103908722838e-08,5.119954601136673e-12,0.8929654520970582,0.9721599579850465,7.465624842303228e-08,6.079722960217904e-08,0.0
388.18537585793155,15.348954960830817,6.1126319209153115,0.0,0.0,1.001974672344866,0.9649731345121617,5.070317626880258e-08,0.0,0.0
450.0,14.97,248.0,0.0,0.0,0.04,0.04,0.0,0.0,
880.0,29.3,470.0,0.0,0.0,0.0,0.0,0.0,0.0,1.0
960.0,31.97,520.0,0.0,0.0,0.0,0.0,0.0,0.0,
51.04126414567734,1.5946879473256912,10.247601381149897,2.2562333775432267e-08,0.0,0.42964031159602567,0.414124062344361,0.0,7.943259982474384e-08,0.0
100.0,3.3,12.0,0.0,0.0,0.5466666666666666,0.5466666666666666,0.0,0.0,0.0
339.20404985788514,11.817161060870824,235.5802865868601,4.285399253482639e-08,0.0,0.0,9.94070791261529e-09,1.5717422726914517e-08,0.0,1.0
740.5171880507323,24.785554218389652,253.61805725372628,1.6096107687605349e-09,5.38457633900827e-09,0.0,0.0,6.39087800169311e-08,1.7011583411010472e-08,1.0
157.20751490831762,5.346338183967699,10.083880737210436,0.0,0.0,0.6143233952349797,0.6180175770286781,0.0,9.062104289063e-08,0.0
510.0,16.97,62.0,0.0,0.0,0.76,0.76,0.0,0.0,
478.69453954161725,15.368297970965232,10.033491558037852,9.135192132351652e-08,0.0,0.9112813859184473,0.9611271499270624,0.0,0.0,0.0
890.0,29.63,333.0,0.0,0.0,0.0,0.0,0.0,0.0,
50.0,1.63,22.0,0.0,0.0,0.0,0.0,0.0,0.0,
150.0,4.97,10.0,0.0,0.0,0.5866666666666667,0.5866666666666667,0.0,0.0,0.0
360.0,11.97,127.0,0.0,0.0,0.0,0.0,0.0,0.0,1.0
121.38745003682351,4.442600640145562,39.21471080787912,7.487374506173904e-09,5.905958794386084e-08,0.6891499144961715,0.6154486935196719,4.123450272401666e-08,0.0,0.0
210.0,6.97,6.0,0.0,0.0,0.2533333333333333,0.2533333333333333,0.0,0.0,0.0
506.3904843859721,15.303576316075665,308.0671677491793,9.090215466426312e-08,0.0,0.0,0.0,5.4179651437759244e-08,0.0,0.0
184.70867240809994,6.318547084303097,39.49858372566983,0.0,6.411158606204203e-08,0.6854196320904616,0.6132390448926811,1.3423447049267081e-08,0.0,0.0
870.0,28.97,7.0,0.0,0.0,0.0,0.0,0.0,0.0,
513.0981618013992,16.375639479818126,9.045482923740645,0.0,0.0,0.8966273406989831,1.035115932868127,1.3380678386089286e-08,3.644019590332696e-08,0.0
10.0,0.3,7.0,0.0,0.0,0.0,0.0,0.0,0.0,
800.0,26.63,4.0,0.0,0.0,1.0,1.0,0.0,0.0,1.0
72.1889480969381,2.4153190472768986,9.756957535800849,0.0,0.0,0.6046520303103393,0.5330362044406036,4.875464041881256e-08,1.4640205674716374e-08,0.0
830.0,27.63,4.0,0.0,0.0,1.0,1.0,0.0,0.0,1.0
410.0,13.63,216.0,30.498099874373366,0.9866666666666668,0.2,0.88,0.480597230854434,0.6062557607457132,
77.26980127000316,2.488250938553877,11.189555921825843,0.0,2.8599879428179558e-08,0.24849305074558486,0.29117415221622306,3.357528452506626e-08,0.0,0.0
250.0,8.3,157.0,32.51300618086061,1.0,0.0,0.5789473684210527,0.3083746891796426,0.4790268404734655,
143.58073681261783,4.419903058673231,1.050478486302605,38.473802058376855,0.9916036883841283,0.911826557049468,1.0506826592754848,0.09433162848377902,0.23568656336148786,1.0
730.0,24.3,62.0,0.0,0.0,0.7466666666666667,0.7466666666666667,0.0,0.0,
476.35917288909474,14.92940369185998,9.618525826577661,3.0389371864320225e-09,0.0,0.8386687627557377,0.8563747222355806,4.886906938030927e-08,3.505658796332582e-08,0.0
720.0,23.97,62.0,0.0,0.0,0.6133333333333333,0.6133333333333333,0.0,0.0,
1005.159833749447,30.486379778453877,294.47855644271203,1.8381249952281417e-08,0.0,3.085941736182149e-08,4.249328988162354e-08,2.851626804218716e-09,1.9212148029013493e-08,1.0
947.022586227167,31.182242003670197,9.889678022501663,0.0,0.0,0.3982851734121144,0.39268593490582543,0.0,3.982361402737649e-09,0.0
530.0,17.63,307.0,0.0,0.0,0.0,0.0,0.0,0.0,
320.0,10.63,176.0,34.726992376483054,0.9090909090909092,0.0,0.4090909090909091,3.5054414928364497,10.59730162635413,
987.222602217494,28.362700525569235,10.141587857623731,0.0,0.0,0.5872868036268827,0.5526615905274844,0.0,4.407485729837849e-08,0.0
250.0,8.3,7.0,0.0,0.0,0.0,0.0,0.0,0.0,
303.59320544171686,10.836044445533958,41.11961258582018,0.0,1.1154152011174428e-08,0.29243792949637104,0.2935061529826083,0.0,1.0445215830967802e-07,1.0
791.9698179845786,27.268647518013868,474.10162818526095,3.7094957856041307e-08,0.0,2.1628163719802093e-08,0.0,0.0,0.0,1.0
904.4294484237361,30.12875745806219,552.6147568435268,0.0,1.5457173870463857e-08,1.4255439081280569e-08,0.0,0.0,0.0,1.0
150.0,4.97,30.0,0.0,0.0,0.0,0.0,0.0,0.0,
420.0,13.97,164.0,34.19888987926424,1.0,0.0,1.0,0.0941576857629043,0.3113174592319866,1.0
540.0,17.97,127.0,0.0,0.0,0.0,0.0,0.0,0.0,
427.9819231719557,13.944940183485881,287.68504411280014,1.3497999537112076e-08,0.0,0.26610730284527256,0.25947150016586795,0.0,3.6861289989779096e-09,0.0
201.55037043286285,6.782633088961177,8.87665034927934,0.0,0.0,0.2806704114731538,0.30395366912384847,1.8494489428854658e-08,1.943401394171779e-08,0.0
480.0,15.97,10.0,0.0,0.0,1.0,1.0,0.0,0.0,0.0
83.44116052158277,2.6257230546418313,11.980706768466565,4.0018472038850383e-08,4.2273223479646156e-08,0.2527328154905284,0.27815012110977394,2.411792372172858e-08,0.0,0.0
750.0,24.97,62.0,0.0,0.0,1.0,1.0,0.0,0.0,
430.0,14.3,7.0,0.0,0.0,0.2533333333333333,0.2533333333333333,0.0,0.0,
472.43467287043796,15.83210120699458,295.2623614911428,0.0,0.0,0.0,3.25336982114785e-08,0.0,0.0,0.0
910.0,30.3,333.0,0.0,0.0,0.0,0.0,0.0,0.0,
150.0,4.97,6.0,0.0,0.0,0.5866666666666667,0.5866666666666667,0.0,0.0,
106.68344138894062,3.5650332989765983,12.228952314938908,5.6138776644321206e-08,5.1665754776551596e-08,0.5653054534833066,0.544955195881783,2.6927961706562673e-08,0.0,0.0
707.6808206820989,24.421095645101644,10.379717345743062,0.0,6.720150759644458e-08,0.2198832841179364,0.19692120165869553,0.0,0.0,0.0
360.0,11.97,189.0,0.0,0.0,0.2777777777777778,0.2777777777777778,0.0,0.0,
760.0,25.3,7.0,0.0,0.0,0.0,0.0,0.0,0.0,
214.93968972601658,7.079267319017849,9.739453991524883,0.0,3.7127531270858507e-09,0.4045737797843172,0.39422695312852546,8.483142666755587e-08,0.0,0.0
560.0,18.63,10.0,0.0,0.0,0.72,0.72,0.0,0.0,0.0
218.25063978376477,7.596574932366014,1.057505642943104,40.28300196716626,1.033487651219349,1.055112264426033,0.9950611208171819,0.186681767492067,0.369594484304312,1.0
410.0,13.63,7.0,0.0,0.0,0.48,0.48,0.0,0.0,
896.6969636496507,35.15256859059583,308.09008384874176,0.0,0.0,0.0,1.0093592888653988e-07,0.0,0.0,1.0
190.0,6.3,6.0,0.0,0.0,0.3466666666666667,0.3466666666666667,0.0,0.0,0.0
890.0,29.63,10.0,0.0,0.0,0.72,0.72,0.0,0.0,0.0
940.0,31.3,534.0,0.0,0.0,0.0,0.0,0.0,0.0,
520.0,17.3,307.0,0.0,0.0,0.0,0.0,0.0,0.0,
140.0,4.63,41.0,0.0,0.0,0.5555555555555556,0.5555555555555556,0.0,0.0,0.0
630.0,20.97,448.0,0.0,0.0,0.0,0.0,0.0,0.0,
709.1610638330474,24.099731644615154,341.7413674802715,0.0,0.0,0.0,0.0,0.0,1.1300733715802431e-07,1.0
780.0,25.97,448.0,0.0,0.0,0.2,0.2,0.0,0.0,
200.0,6.63,74.0,20.07180480088824,0.5306122448979592,0.0,0.2653061224489796,2.3383729813278378,8.53006444670271,1.0
767.5817372828109,25.84304275114691,473.40392844733293,0.0,6.031605110596306e-08,0.0,1.600563604480447e-08,2.166695544251433e-08,1.270343176411735e-08,1.0
720.0,23.97,333.0,0.0,0.0,0.2,0.2,0.0,0.0,
260.0,8.63,133.0,0.0,0.0,0.1363636363636363,0.1363636363636363,0.0,0.0,
280.0,9.3,1.0,41.25331249249584,1.0,1.0,1.0,0.172919041734712,0.3607369502488626,1.0
361.31520056961915,13.602197714838207,9.786090104708434,8.298600895228551e-09,0.0,0.5007398716462861,0.44945075135493784,1.1830295967535302e-07,0.0,0.0
360.0,11.97,4.0,0.0,0.0,0.6266666666666667,0.6266666666666667,0.0,0.0,
120.0,3.97,12.0,0.0,0.0,0.6,0.6,0.0,0.0,0.0
930.0,30.97,470.0,0.0,0.0,0.2,0.2,0.0,0.0,1.0
200.0,6.63,7.0,0.0,0.0,0.0,0.0,0.0,0.0,
407.4894613233907,15.30138689125764,0.9666734874983323,39.69517151747858,1.0448418087636102,1.0372258950970366,0.9941970113055629,0.20090443441202138,0.3218509164238576,1.0
690.0,22.97,62.0,0.0,0.0,0.4,0.4,0.0,0.0,
240.0,7.97,4.0,0.0,0.0,0.6133333333333333,0.6133333333333333,0.0,0.0,
814.6446496742996,22.248546874947124,459.4221264716273,2.1069303860223258e-08,0.0,0.0,3.967277838374789e-08,0.0,0.0,1.0
80.81397929921391,2.456544068912298,9.71624621515808,3.130778793386464e-08,0.0,0.6583003136095372,0.6405903434848502,6.318875708868953e-10,3.1509247257328765e-08,0.0
165.24394033343427,5.372227393851194,10.030037192576204,3.659790268862621e-08,4.308161291072173e-08,0.38661620933332286,0.41896667537846083,0.0,0.0,0.0
647.9585340304579,21.904208927900353,9.478822825444064,0.0,0.0,0.41137904176330053,0.37730182599733986,2.6144706065277923e-08,4.3424546169811644e-08,0.0
127.7311950670946,4.101258654211788,9.840756659840137,0.0,1.3699387131414464e-09,0.8652585510395966,0.85261492592073,0.0,4.44825430633184e-08,0.0
896.1725432783486,27.26626653393932,300.83497883763386,0.0,0.0,4.9003881805057004e-08,8.493191612402511e-08,2.8394605069754186e-08,6.049691954039826e-08,0.0
890.0,29.63,307.0,0.0,0.0,0.52,0.52,0.0,0.0,
651.4849059681275,22.75671104760605,468.4216566583999,3.450827041645764e-08,0.0,1.0341227325593518,1.027295220169958,3.0823806388799554e-08,0.0,0.0
179.9064354811099,5.771208744606839,74.34837052819985,32.470023970729585,0.8921036753955228,0.0,0.42486811808015335,2.7364100059547085,9.089530004912373,1.0
350.0,11.63,217.0,31.81162891986063,1.0,0.0,0.3,0.2950058072009296,0.5087197594910066,
222.43097143959818,6.286889202283575,43.25730283801694,0.0,0.0,0.5856707408336842,0.6096326831781921,0.0,0.0,0.0
723.5142134584128,24.23415202231426,9.374880726979319,0.0,0.0,0.3979897752516021,0.4074594601270574,1.4318969338834217e-08,4.89091919729915e-09,0.0
700.0,23.3,342.0,0.0,0.0,0.0,0.0,0.0,0.0,1.0
615.247573752483,20.8092505169223,352.1846586154167,0.0,0.0,0.0,5.117484876937731e-08,0.0,3.3775658344498405e-08,1.0
220.0,7.3,107.0,0.0,0.0,0.4074074074074074,0.4074074074074074,0.0,0.0,
550.0,18.3,1.0,38.88248150445731,1.0,1.0,1.0,0.1183435739887356,0.2425191444162604,
10.0,0.3,5.0,0.0,0.0,0.0,0.0,0.0,0.0,
110.0,3.63,31.0,17.971952087286525,0.5,0.0,0.5,4.191413662239088,8.360720000748813,1.0
590.0,19.63,6.0,0.0,0.0,0.48,0.48,0.0,0.0,0.0
195.43888089285906,6.972464758280158,10.041598061776378,0.0,3.3673387717755755e-08,0.27898644387417854,0.267121198910505,0.0,0.0,0.0
760.0,25.3,292.0,0.0,0.0,0.0,0.0,0.0,0.0,1.0
219.7988473588327,8.376669716084237,5.836969489104531,1.3453888329362232e-08,0.0,0.3028197392406668,0.2739662236141907,2.3734724116651586e-08,5.036953191135998e-08,0.0
834.7778062628657,27.332747141891527,4.064211737894694,0.0,0.0,1.0691829686106284,1.027317237379432,2.2129448664225012e-08,0.0,1.0
519.3694190790643,18.95123197521981,6.199629515633809,3.221942636481122e-08,4.039405936021188e-08,0.19676402771919704,0.17994576961630818,5.479059950073899e-08,6.992473032109781e-08,0.0
334.47348920271867,10.215890412805555,127.2728739471751,8.55400477002125e-08,1.7077907598771696e-08,0.0,0.0,6.044434316235646e-08,0.0,1.0
480.3018629479893,16.25798276505952,0.9743322468534679,36.540264439294255,0.9623254692449907,1.0288178160302361,0.987262062965898,0.1694006974122581,0.3042566444728655,1.0
487.82388554493366,15.094430886056678,349.0529096134653,1.0171754241833608e-08,2.488787291042983e-08,0.0,3.753448767734903e-08,0.0,6.221413376608784e-08,1.0
990.0,32.97,534.0,0.0,0.0,0.0,0.0,0.0,0.0,
644.4335490698207,22.72181001345683,285.4257182134799,4.757677784927787e-09,0.0,0.3319539078782244,0.3004239602361745,0.0,1.9702932157236284e-08,0.0
400.0,13.3,6.0,0.0,0.0,1.0,1.0,0.0,0.0,0.0
774.0672215626477,26.553966787334293,4.034891819299201,3.526367296017357e-08,0.0,1.0328446197092274,1.0325889787520346,0.0,0.0,1.0
880.0,29.3,520.0,0.0,0.0,0.2533333333333333,0.2533333333333333,0.0,0.0,
617.3245072898208,18.65512371405986,272.13849863115365,5.456646487192007e-08,0.0,0.6373146449972696,0.5802293606267817,0.0,0.0,0.0
970.0,32.3,578.0,34.38236540671359,1.0,0.0,1.0,0.2457878239692477,0.4577022747523295,
315.3720816963626,11.313101979379187,6.072887051602612,8.013487793501051e-08,3.08458384807911e-08,0.964325088947852,1.086417717430662,0.0,2.411114022448551e-08,0.0
630.8092628569377,18.832624538940152,397.69135307354645,1.1463811976117519e-07,0.0,1.3104343269905427e-08,9.62785490961662e-08,7.17272193965112e-08,5.129048539621773e-08,1.0
159.151843731015,5.173518905629665,41.01498941085326,1.84805714267389e-08,0.0,0.560515861108658,0.6260957000465751,1.1252368022298473e-07,1.536756282525357e-08,0.0
658.2398078616784,21.44647122024657,164.79664892392321,36.32355597967222,0.9902505447427762,0.0,0.9578514917116169,0.6449528158601453,3.760407488628078,1.0
560.0,18.63,4.0,0.0,0.0,1.0,1.0,0.0,0.0,1.0
453.5992481907358,18.002742814718296,10.117213438189028,4.9280920774127085e-08,0.0,0.8077466183321317,0.9502017544649509,0.0,1.346888339963827e-08,0.0
970.0,32.3,448.0,0.0,0.0,0.2,0.2,0.0,0.0,
582.432428577346,18.925215793923197,10.541957430684047,4.686326346552634e-08,2.4058691580999074e-08,0.8103436788395608,0.7689485968428786,3.032863689505287e-08,1.122573806134937e-08,0.0
436.887867500283,17.15386143142755,6.071818490570266,0.0,0.0,0.8767116291145377,0.8859805250503473,0.0,1.2586308268606273e-07,0.0
290.0,9.63,4.0,0.0,0.0,0.8,0.8,0.0,0.0,
550.0,18.3,10.0,0.0,0.0,0.8,0.8,0.0,0.0,0.0
933.3096687953342,33.02665897029864,267.7211078840111,0.0,1.5046169892304134e-08,0.0,2.0665011173188883e-08,4.396034550442483e-08,9.390134861542933e-10,1.0
452.26544817637836,15.142571072537704,168.93437649543927,35.93311434756278,1.0261489519940643,4.1436584562025156e-08,1.0354375684858204,0.05074148573280555,0.21117402560284423,1.0
600.0,19.97,1.0,39.91921574143938,1.0,1.0,1.0,0.1726634878808791,0.2828146106452906,
373.37903079725396,13.76794599655632,0.9771819052901896,43.369853166042596,0.9841561832682483,1.0465255261881807,0.9477236237803429,0.19399854763881894,0.25670591164802714,1.0
990.0,32.97,62.0,0.0,0.0,0.3866666666666666,0.3866666666666666,0.0,0.0,
390.75717197470567,10.981343028071192,39.923905438979666,0.0,9.51806324836805e-08,0.2723946810138225,0.2775703013096186,0.0,1.0514889723093987e-09,0.0
770.0,25.63,307.0,0.0,0.0,0.0,0.0,0.0,0.0,
540.0,17.97,62.0,0.0,0.0,0.8266666666666667,0.8266666666666667,0.0,0.0,
540.0,17.97,342.0,0.0,0.0,0.0,0.0,0.0,0.0,1.0
1000.0,33.3,307.0,0.0,0.0,0.0,0.0,0.0,0.0,
441.02943952238496,13.875752966190628,168.74278111824032,35.84417148555843,0.9307359037088838,0.0,1.0395899980290413,0.10223626315616144,0.2962773768408181,1.0
758.2463860187665,25.09806448721492,4.221346423177793,0.0,0.0,0.9614545652928528,1.0480068119080679,2.1186355886909524e-08,5.0168389226284214e-08,1.0
960.0,31.97,470.0,0.0,0.0,0.1866666666666666,0.1866666666666666,0.0,0.0,1.0
129.07356079883297,4.098550855552199,63.45203975548191,7.002176654547851e-08,1.121471449388951e-08,4.101980428963064e-08,2.5474147656516888e-08,1.5441667874797648e-08,1.3612319417628576e-08,0.0
970.0,32.3,62.0,0.0,0.0,0.6533333333333333,0.6533333333333333,0.0,0.0,
38.21047707953086,1.3673333686775972,2.059753962541408,9.55029053546603e-08,3.488356481290715e-08,1.8540409225522953e-08,3.2567379709884266e-08,3.276495589940335e-08,9.282298894839496e-09,1.0
574.0274610595103,17.96133129379193,316.8685996945035,0.0,0.0,0.0,3.161210178530315e-08,6.17553054314299e-09,0.0,1.0
39.29299264389167,1.3452571899064922,1.7951917824499053,3.2636414677151776e-08,0.0,0.0,0.0,0.0,0.0,1.0
125.99321087700392,4.3952815986112235,9.51622527114999,0.0,0.0,0.824890334198734,0.8884823101409121,0.0,1.1615595591386105e-07,0.0
550.6104404102499,19.72707725253279,368.04507189291655,2.566058408899553e-08,0.0,0.0,0.0,5.355096020132519e-08,0.0,1.0
419.78622318390677,14.347323811136128,316.46939043305207,7.192631299989891e-09,7.651799609649474e-08,5.099067358091969e-08,0.0,0.0,0.0,0.0
531.6241790265726,16.981622611612725,10.225336726371184,6.273971103074804e-08,2.6614633498500928e-08,0.9296005574192566,0.8782849181440653,0.0,0.0,0.0
557.6431788320198,16.46719589549167,298.2586785129691,5.247883353095121e-08,1.5889205282868615e-08,0.15130352467183392,0.15166095432147433,7.58473301641538e-09,9.73972557310346e-08,0.0
576.7443654079376,20.08871902234052,9.82158748815167,3.5043018897092466e-08,2.797455351685947e-08,0.7111865581483999,0.778326247476558,1.9353824689990315e-08,0.0,0.0
589.6411415647923,20.2863263067696,9.300609666784238,1.1023812414254292e-08,5.5491488078953655e-08,0.477367401983232,0.5703573851997101,0.0,7.469484312352207e-08,0.0
660.0,21.97,470.0,0.0,0.0,0.0,0.0,0.0,0.0,1.0
550.0,18.3,333.0,0.0,0.0,0.0,0.0,0.0,0.0,
800.0,26.63,448.0,0.0,0.0,0.2,0.2,0.0,0.0,
160.0324384724309,4.9672922032690225,38.38082713491499,1.051701119836759e-08,0.0,0.5573954365230451,0.520058310298103,0.0,9.328775521927725e-10,0.0
480.0,15.97,127.0,0.0,0.0,0.0,0.0,0.0,0.0,
570.0,18.97,307.0,0.0,0.0,0.0,0.0,0.0,0.0,
500.0,16.63,342.0,0.0,0.0,0.0,0.0,0.0,0.0,0.0
986.9635713285331,32.9329544522912,9.898536591661157,5.149744681605445e-08,0.0,0.5855340120044897,0.5821387797075891,5.841674051818637e-08,5.211089024185648e-09,0.0
860.0,28.63,7.0,0.0,0.0,0.0,0.0,0.0,0.0,
970.0,32.3,534.0,0.0,0.0,0.0,0.0,0.0,0.0,
118.44088208155695,3.971424271251572,6.12102994026062,1.0384962022650635,0.02627813244616478,0.5953544155276201,0.6357970276548958,0.49252098290836266,3.952724063008108,0.0
920.0,30.63,62.0,0.0,0.0,0.88,0.88,0.0,0.0,
460.0,15.3,4.0,0.0,0.0,0.0,0.0,0.0,0.0,
830.0,27.63,292.0,0.0,0.0,0.0,0.0,0.0,0.0,0.0
470.0,15.63,7.0,0.0,0.0,0.0,0.0,0.0,0.0,
920.0,30.63,520.0,0.0,0.0,0.12,0.12,0.0,0.0,
43.235951008228035,1.3088870549351626,6.158491876105561,23.563362542183793,0.7675181671195325,0.6787399638373973,0.6403551781337772,1.3777160999534246,5.801998826373762,0.0
630.0,20.97,62.0,0.0,0.0,0.2,0.2,0.0,0.0,
829.2905855149655,32.54755470085507,300.3063612993191,1.7589899792445077e-08,0.0,0.013396265615990798,0.013569599638927753,0.0,9.768631931554537e-08,0.0
294.07807032688095,9.817691774633595,149.77044118986768,12.583070345984611,0.35886442049033485,3.9297710355906634e-08,0.37584094373182125,2.6374386187775483,9.903363284185362,1.0
430.0,14.3,164.0,34.33784404289225,1.0,0.0,1.0,0.0559111903411393,0.2106514176100968,1.0
673.3610629020651,18.59954684913847,454.60921694787015,1.2917983708785727e-08,0.0,1.002638279137157,0.9026280486183115,0.0,0.0,0.0
100.0,3.3,2.0,0.0,0.0,0.3866666666666666,0.3866666666666666,0.0,0.0,
800.0,26.63,307.0,0.0,0.0,0.0,0.0,0.0,0.0,
490.0,16.3,338.0,0.0,0.0,0.0,0.0,0.0,0.0,
970.0,32.3,292.0,0.0,0.0,0.1466666666666666,0.1466666666666666,0.0,0.0,0.0
620.0,20.63,4.0,0.0,0.0,0.92,0.92,0.0,0.0,
710.0,23.63,1.0,40.65179509100249,1.0,1.0,1.0,0.2199840903686614,0.3312225515566724,
479.31965635381204,15.579661623764306,0.9672222883728703,41.104863828258246,0.8917247866750283,1.0656819953786645,0.9761947039086,0.22203773186964498,0.3261741901881921,1.0
600.180519196677,21.235610037468067,293.81281341202066,0.0,0.0,0.29571807868072,0.31609479071218405,5.1468078316812034e-08,5.490833006892385e-08,0.0
660.4700395788603,22.803107873800123,357.3282690466429,1.4267541987887638e-08,5.020176790394955e-09,0.0,0.0,5.3991196153007846e-08,0.0,1.0
720.0,23.97,292.0,0.0,0.0,0.0,0.0,0.0,0.0,1.0
575.2493658693327,22.193319344335766,4.258895538723558,4.019720297420075e-08,0.0,0.9920746087192994,0.9898979637611781,9.543078613537234e-08,0.0,1.0
820.0,27.3,62.0,0.0,0.0,0.8,0.8,0.0,0.0,
210.0,6.97,55.0,31.94316820710524,1.0,0.4133333333333333,0.9066666666666666,0.4291618631778147,0.4094099681656406,
360.0,11.97,216.0,26.50660897655781,0.9666666666666668,0.0333333333333333,0.5333333333333333,0.4587466392553061,0.4084156762494559,
660.0,21.97,342.0,0.0,0.0,0.0,0.0,0.0,0.0,1.0
710.0,23.63,448.0,0.0,0.0,0.48,0.28,0.0,0.0,
360.0,11.97,226.0,0.0,0.0,0.0,0.0,0.0,0.0,1.0
640.0,21.3,342.0,0.0,0.0,0.0,0.0,0.0,0.0,1.0
986.2738252704821,30.771229714279333,10.276568497318609,0.0,4.665213549557139e-08,0.5999639098899052,0.6484333151471358,9.563294350107869e-09,6.10385921645969e-09,0.0
960.0,31.97,333.0,0.0,0.0,0.0,0.0,0.0,0.0,
810.0,26.97,10.0,0.0,0.0,0.2133333333333333,0.2133333333333333,0.0,0.0,0.0
529.2649652448554,16.569951427758248,5.636485302001538,4.571062756488472e-08,0.0,0.7492461014342016,0.7098901879093137,0.0,0.0,0.0
550.0,18.3,62.0,0.0,0.0,0.8,0.8,0.0,0.0,
773.7149556373859,25.645927496515586,10.113534159733925,5.978228503407735e-09,0.0,0.593832585133249,0.5399096567131972,0.0,0.0,0.0
530.0,17.63,1.0,38.65825133464279,1.0,1.0,1.0,0.1716961120484391,0.2941309075340803,1.0
1001.3295106654716,30.866666825636383,10.253578675184803,3.558585480589332e-08,0.0,0.6388060290103214,0.611790516524201,0.0,3.13799849911609e-08,0.0
770.0,25.63,476.0,27.78865992134526,0.7466666666666667,0.0,0.7466666666666667,3.2973955975647526,10.16309405155397,
627.0740077470282,20.06882639922993,4.028090194564209,6.448294401018011e-09,0.0,0.9404580375826407,0.9256061829657892,6.397867190600529e-08,0.0,1.0
610.0,20.3,448.0,0.0,0.0,0.0,0.0,0.0,0.0,
580.0,19.3,1.0,39.52725877020231,1.0,1.0,1.0,0.1571513910223586,0.2694655657260643,
100.0,3.3,25.0,26.78586209673897,0.68,0.0,0.6533333333333333,2.6743713989092144,9.545466522398174,
670.0,22.3,164.0,33.14694400059801,0.8933333333333333,0.0,0.8933333333333333,1.1320120726226175,5.930155263246252,1.0
18.450250441312047,0.6137907037659525,6.428733109746766,29.090799301494673,1.080577212614993,0.3059038298878996,0.3326469449879342,0.5548755924798956,0.5349693455348566,0.0
779.2848288915313,26.530988473770616,4.166239837074628,0.0,1.3642074184570576e-08,1.0660203836996458,1.0221316738792308,8.530546187309292e-08,0.0,1.0
370.0,12.3,6.0,0.0,0.0,1.0,1.0,0.0,0.0,0.0
440.0,14.63,127.0,0.0,0.0,0.2,0.0,0.0,0.0,1.0
840.0,27.97,333.0,0.0,0.0,0.0,0.0,0.0,0.0,
830.0,27.63,448.0,0.0,0.0,0.4,0.4,0.0,0.0,
750.0,24.97,476.0,26.32175423103216,0.7066666666666667,0.0,0.7066666666666667,3.297196432056856,10.264628997329371,
650.0,21.63,476.0,0.0,0.0,0.0,0.0,0.0,0.0,
60.23647092290663,1.9290765963058598,9.764404218643993,2.148304400869668e-08,0.0,0.5299425637918675,0.5361853801217537,0.0,0.0,0.0
200.0,6.63,4.0,0.0,0.0,0.4,0.4,0.0,0.0,
140.0,4.63,55.0,37.6587139796849,0.9545454545454546,0.6363636363636364,0.2727272727272727,2.832063955058606,9.000934540509693,
820.0,27.3,307.0,0.0,0.0,0.1466666666666666,0.1466666666666666,0.0,0.0,
40.0,1.3,2.0,0.0,0.0,0.0,0.0,0.0,0.0,1.0
800.0,26.63,7.0,0.0,0.0,0.0,0.0,0.0,0.0,
230.0,7.63,10.0,0.0,0.0,0.4,0.4,0.0,0.0,
579.978371480209,15.160421914504985,325.485873116058,0.0,3.8618409371260023e-08,1.3048612697547528e-07,2.3619126462666887e-08,6.600740919927082e-08,0.0,1.0
900.3071562364472,26.212969377787232,9.447044651072309,0.0,5.3138270876229964e-08,0.8282997939186701,0.8250665574326074,9.307751443614582e-09,0.0,0.0
340.0,11.3,127.0,0.0,0.0,0.0,0.0,0.0,0.0,1.0
270.0,8.97,4.0,0.0,0.0,0.8,0.8,0.0,0.0,
380.0,12.63,1.0,41.528972170840525,1.0,1.0,1.0,0.1607002672059639,0.2683499197407915,1.0
512.5587201691709,17.289997978906175,11.09530129704127,2.0699367064349358e-08,6.074704766028986e-08,0.7077046262582398,0.8324455765622405,5.945090505848128e-08,1.1420603536383003e-08,0.0
350.0,11.63,127.0,0.0,0.0,0.0,0.0,0.0,0.0,1.0
510.0,16.97,10.0,0.0,0.0,1.0,1.0,0.0,0.0,0.0
253.57299563402,9.212943795136272,42.511951551307995,0.0,0.0,0.7296371922012445,0.7740137337560948,0.0,1.1897179898266415e-08,1.0
900.0,29.97,10.0,0.0,0.0,0.5866666666666667,0.5866666666666667,0.0,0.0,0.0
850.0,28.3,333.0,0.0,0.0,0.0,0.0,0.0,0.0,
352.8718111443283,11.69958011632172,166.02403725192138,31.487052897538167,0.9555129066816569,0.0,0.899430261828927,1.247607439897002,5.935941794160627,1.0
550.0,18.3,363.0,0.0,0.0,0.0,0.0,0.0,0.0,
890.0,29.63,442.0,0.0,0.0,0.4,0.4,0.0,0.0,
499.7974308865934,15.920004380221634,1.0467471624752884,38.53835560007206,1.0624891857248282,0.9553191502124897,0.9839328671294768,0.21661335425939698,0.3364524948442901,1.0
460.0,15.3,6.0,0.0,0.0,1.0,1.0,0.0,0.0,0.0
533.9288112646296,17.85183199876947,10.320169442452153,6.615817052325936e-08,5.631263352156899e-08,0.8221859585491663,0.8401340968431592,2.7748971225729023e-08,0.0,0.0
399.17619406909347,12.602444375593437,11.678195534452176,0.0,5.698156673461599e-08,0.4474373939906374,0.47387473613737063,0.0,6.250136312641902e-08,0.0
70.0,2.3,1.0,41.08784965034963,1.0,0.8,0.8,0.0801490176490175,0.2172855946013134,1.0
681.8897350519675,20.946956509624798,9.626432743902548,8.72885085943939e-08,4.357701589136903e-08,0.3637597191572448,0.380404342442709,5.267610105823205e-08,0.0,0.0
20.0,0.63,4.0,0.0,0.0,0.3,0.3,0.0,0.0,
910.0,30.3,442.0,0.0,0.0,0.5466666666666666,0.5466666666666666,0.0,0.0,
830.0,27.63,442.0,0.0,0.0,0.2,0.2,0.0,0.0,
440.0,14.63,269.0,30.49053444936044,1.0,0.4,0.4,0.7168407908756923,0.7754568734223117,
350.0,11.63,216.0,25.943954104040536,0.95,0.0,0.3,0.3677035468077951,0.4002627986290487,
190.0,6.3,10.0,0.0,0.0,0.2533333333333333,0.2533333333333333,0.0,0.0,0.0
640.0,21.3,333.0,0.0,0.0,0.2,0.2,0.0,0.0,
220.0,7.3,72.0,0.0,0.0,0.5857142857142857,0.5857142857142857,0.0,0.0,
660.0,21.97,164.0,36.62754837925975,0.9866666666666668,0.0,0.9866666666666668,0.6242106541829014,4.1437575882384365,1.0
840.0,27.97,4.0,0.0,0.0,1.0,1.0,0.0,0.0,1.0
710.0,23.63,189.0,0.0,0.0,0.32,0.32,0.0,0.0,
310.0,10.3,4.0,0.0,0.0,0.8,0.8,0.0,0.0,
323.00843624765355,12.230045247498857,9.678598191278468,0.0,0.0,0.6323402621747313,0.6167243523530686,3.6257635700124847e-09,0.0,0.0
600.0,19.97,307.0,0.0,0.0,0.0,0.0,0.0,0.0,
569.4782439955167,17.836460336635252,9.83563266646827,6.602181905356035e-08,2.4192382286167797e-08,0.5946251927891064,0.5571575166907898,9.137807523592303e-09,0.0,0.0
280.0,9.3,6.0,0.0,0.0,0.9466666666666668,0.9466666666666668,0.0,0.0,0.0
747.1401097493967,22.54432234502047,10.36708648300976,0.0,4.601666769396976e-08,0.3891945997586628,0.39615732165923473,0.0,0.0,0.0
800.0,26.63,520.0,0.0,0.0,0.4,0.4,0.0,0.0,
980.0,32.63,470.0,0.0,0.0,0.0,0.0,0.0,0.0,
430.91590115838443,14.907563413600517,6.488355484319639,0.0,5.094823382169593e-08,1.0531943947718492,0.8642782505129359,0.0,4.192236145785141e-08,0.0
423.86888369629213,14.163848436367047,244.29560005827557,0.0,0.0,0.23462504021529323,0.2509064123297391,2.6940677377337e-08,0.0,1.0
410.0,13.63,259.0,0.0,0.0,0.625,0.625,0.0,0.0,
433.77882071348813,15.483874482532178,6.118867073493772,0.0,1.2829769403965163e-07,1.0824940352554473,1.0464905904425328,4.285828802154466e-09,0.0,0.0
670.0,22.3,307.0,0.0,0.0,0.6,0.6,0.0,0.0,
638.404577406897,22.562678598125373,275.7639665479926,0.0,0.0,0.5005621058122487,0.5282986921041661,0.0,0.0,0.0
260.0,8.63,72.0,0.0,0.0,0.8,0.8,0.0,0.0,
790.0,26.3,490.0,0.0,0.0,0.4,0.4,0.0,0.0,
200.0,6.63,41.0,0.0,0.0,0.6,0.6,0.0,0.0,0.0
160.0,5.3,10.0,0.0,0.0,0.4533333333333333,0.4533333333333333,0.0,0.0,0.0
463.57702487618815,16.168812136339135,1.0187413354431065,42.932112420391306,1.0112321932323527,1.055328185538259,1.0338512163285078,0.20639358213404219,0.30897056283585395,1.0
610.0,20.3,4.0,0.0,0.0,1.0,1.0,0.0,0.0,1.0
360.0,11.97,7.0,0.0,0.0,0.4666666666666667,0.4666666666666667,0.0,0.0,
590.0,19.63,342.0,0.0,0.0,0.0,0.0,0.0,0.0,1.0
668.95801755677,22.37420070492795,229.40735954477927,0.0,3.591546447884822e-08,0.15151841395929308,0.13873412667891544,4.541500917059594e-08,4.248506589299781e-08,1.0
21.127468464421042,0.6133767486436815,9.012117703975315,0.0,4.5462025007850644e-08,0.2794952042902604,0.29195747631972774,0.0,0.0,0.0
911.5396563194915,29.72896458137422,10.402465088315537,6.026129447597588e-08,0.0,0.5890328850059019,0.5228553593205935,0.0,0.0,0.0
880.0,29.3,333.0,0.0,0.0,0.0,0.0,0.0,0.0,
490.0,16.3,292.0,0.0,0.0,0.0,0.0,0.0,0.0,0.0
679.0594894849543,21.648425878897218,326.692067553376,0.0,0.0,2.8021674121245037e-08,0.0,3.858921751035438e-08,2.709527494099561e-08,1.0
810.0,26.97,1.0,39.7779963092463,1.0,1.0,1.0,0.0510101010101012,0.1675255007746585,
810.0,26.97,6.0,0.0,0.0,0.0,0.0,0.0,0.0,
20.370698607262987,0.5986091989868706,1.8027307991269457,0.0,0.0,3.991686357076889e-08,0.0,0.0,0.0,1.0
823.2402783185928,27.155351478103267,10.473321150844342,0.0,3.390987194190416e-08,0.19349533447835132,0.19453847597491747,0.0,5.820321758773129e-08,0.0
754.6717401150535,25.65838262450903,3.940551115737308,0.0,0.0,1.0652260547129913,0.9843507829711746,0.0,0.0,1.0
550.5191798336685,18.88474588596357,5.797956692237398,6.052688321536586e-08,0.0,0.24954024603434766,0.2568291846269529,1.1825427604907921e-09,0.0,0.0
860.0,28.63,292.0,0.0,0.0,0.0,0.0,0.0,0.0,0.0
210.0,6.97,72.0,0.0,0.0,0.5166666666666667,0.5166666666666667,0.0,0.0,
40.0,1.3,9.0,0.0,0.0,0.0,0.0,0.0,0.0,
650.0,21.63,478.0,0.0,0.0,1.0,1.0,0.0,0.0,0.0
450.0,14.97,10.0,0.0,0.0,0.8,0.8,0.0,0.0,0.0
474.2996116891226,17.080296980315225,0.9333243127116264,38.709761234814614,1.0213539214333018,0.9291094727423664,0.9620870983513892,0.21301042395131684,0.32223908907521803,1.0
590.8517070334342,19.06895559306773,157.13814398194788,35.11792862012595,0.9888974875154314,6.114252269104822e-08,0.8193789480190808,0.9181350350023806,5.503164511237057,1.0
111.64011630421521,3.985304821154239,5.8748836889287785,1.0116304251825152,0.026001603919719313,0.5864558249363071,0.5560098373515032,0.49939755489825605,4.286614255934285,0.0
718.4630674976811,25.51570614002922,302.8907667015077,0.0,5.684703873751076e-08,6.757040627073443e-08,9.495972761134386e-08,0.0,6.27970706585883e-08,1.0
90.0,2.97,4.0,0.0,0.0,1.0,1.0,0.0,0.0,1.0
73.54713023013795,2.5232958734731112,1.927326514252989,3.558557716125679e-08,2.8314722367592476e-08,0.38357591070160296,0.406247529641335,0.0,0.0,1.0
730.0,24.3,476.0,21.9533375832231,0.5866666666666667,0.0,0.5866666666666667,2.7850671121014487,9.602780493350949,
490.0,16.3,4.0,0.0,0.0,0.3466666666666667,0.3466666666666667,0.0,0.0,
970.8363548524461,32.01088238063731,486.7701393380654,0.0,5.484378573345443e-08,0.1885294349187859,0.21749575857671635,1.6425611659173804e-08,0.0,1.0
650.0,21.63,62.0,0.0,0.0,0.2,0.2,0.0,0.0,
240.0,7.97,72.0,0.0,0.0,0.8,0.8,0.0,0.0,
20.0,0.63,10.0,0.0,0.0,0.3,0.3,0.0,0.0,0.0
290.0,9.63,10.0,0.0,0.0,0.28,0.28,0.0,0.0,0.0
520.0,17.3,341.0,0.0,0.0,0.896551724137931,0.896551724137931,0.0,0.0,0.0
350.0,11.63,41.0,0.0,0.0,0.2,0.2,0.0,0.0,
1000.0,33.3,578.0,34.723984026309594,1.0,0.0,1.0,0.1559783885365279,0.3470325620173231,
170.0,5.63,72.0,0.0,0.0,0.3,0.3,0.0,0.0,
690.0,22.97,448.0,0.0,0.0,0.2133333333333333,0.0133333333333333,0.0,0.0,
30.0,0.97,1.0,41.16161616161616,1.0,0.5333333333333333,0.5333333333333333,0.0505050505050505,0.1922031300776231,1.0
550.0,18.3,342.0,0.0,0.0,0.0,0.0,0.0,0.0,1.0
915.6395485892538,28.690407629482184,9.749885730549535,0.0,2.3463503475455e-09,0.7257035982297398,0.739376374488022,0.0,2.9186116153863434e-08,0.0
655.337154248861,23.870597065457787,375.5893546975634,1.312860301189309e-07,0.0,5.6989090055746835e-08,9.165455556825783e-08,0.0,0.0,1.0
900.0,29.97,62.0,0.0,0.0,0.6133333333333333,0.6133333333333333,0.0,0.0,
489.71513209584595,16.883749528442717,165.82692069451036,33.37834345091925,1.0657788641196935,4.4303996168429394e-08,0.981107946006336,0.06431881404941496,0.22928873207619188,1.0
680.0,22.63,307.0,0.0,0.0,0.6,0.6,0.0,0.0,
980.0,32.63,593.0,41.82055336011612,1.0,0.6774193548387096,0.6774193548387096,0.311954750105508,0.3525122884199623,
996.8488897086347,30.345233784646528,3.9789421592248098,0.0,6.9312073041407306e-09,1.0433314402670406,0.9875223590919718,2.555389383821403e-08,9.391876579296676e-08,1.0
302.4988576204668,8.732718999708807,5.848225882399446,5.225582857786646e-09,0.0,0.8716571245665855,0.8619056709304439,0.0,0.0,0.0
490.0,16.3,10.0,0.0,0.0,1.0,1.0,0.0,0.0,0.0
453.1420722168815,14.790838182867303,239.44543433654312,0.0,0.0,0.3743506156597435,0.34912921761088833,0.0,2.6724216588438868e-08,0.0
580.0,19.3,164.0,34.99899629034501,0.9866666666666668,0.0,0.9866666666666668,1.0033126293995858,5.552124955356503,1.0
760.0,25.3,307.0,0.0,0.0,0.0,0.0,0.0,0.0,
190.0,6.3,74.0,25.218421416500608,0.6666666666666666,0.0,0.3333333333333333,2.937955797052924,9.49220678927502,1.0
363.49535230898124,11.983727164702389,10.605569725657569,0.0,0.0,0.42294049239630055,0.4052352324897279,1.994507210638321e-08,0.0,0.0
780.0,25.97,62.0,0.0,0.0,0.9866666666666668,0.9866666666666668,0.0,0.0,
590.0,19.63,164.0,35.5907753137253,0.9866666666666668,0.0,0.9866666666666668,0.979503105590062,5.554491947264927,1.0
584.2162183345613,20.156253936076546,156.34508863497345,40.46830263536609,0.9279921878548498,5.3836423960726374e-08,0.969326145502272,0.05513618421288867,0.21841248284290896,1.0
266.7467950567432,8.395720950087295,6.1297764523795015,5.724178711075848e-08,0.0,0.7244291666744044,0.6330984732366888,3.8738635398414235e-08,0.0,0.0
450.0,14.97,292.0,0.0,0.0,0.0,0.0,0.0,0.0,0.0
840.0,27.97,307.0,0.0,0.0,0.2,0.2,0.0,0.0,
420.0,13.97,10.0,0.0,0.0,0.6133333333333333,0.6133333333333333,0.0,0.0,0.0
663.1324863735994,24.755194093150052,452.1148133207424,2.1887354648171826e-08,2.5937551013527787e-08,0.0,5.2393022946079665e-08,3.786646699759069e-08,6.248726444881191e-10,1.0
700.0,23.3,470.0,0.0,0.0,0.0,0.0,0.0,0.0,1.0
630.0,20.97,1.0,40.7711963875056,1.0,1.0,1.0,0.2512132719776572,0.3355536897549389,
250.0,8.3,1.0,40.90745523538131,1.0,1.0,1.0,0.2245424804850162,0.3815739085293765,1.0
30.0,0.97,5.0,0.0,0.0,0.5333333333333333,0.5333333333333333,0.0,0.0,1.0
880.086611371106,27.588880186205053,455.2648981229886,1.3561285696794045e-08,1.4722354149607116e-08,7.119899149983493e-08,0.0,7.180959207990387e-08,0.0,1.0
410.0,13.63,263.0,0.0,0.0,0.2608695652173913,0.2608695652173913,0.0,0.0,0.0
920.0,30.63,6.0,0.0,0.0,0.4,0.4,0.0,0.0,
260.0,8.63,93.0,0.0,0.0,0.1875,0.1875,0.0,0.0,
760.0,25.3,442.0,0.0,0.0,0.0,0.0,0.0,0.0,
940.0,31.3,448.0,0.0,0.0,0.2,0.2,0.0,0.0,
350.0,11.63,164.0,25.241591270206023,0.7066666666666667,0.0,0.7066666666666667,2.086115816550598,8.266517846750846,1.0
670.0,22.3,6.0,0.0,0.0,0.6133333333333333,0.6133333333333333,0.0,0.0,
39.00568395272607,1.3317791600071731,4.21271860917691,1.0217125883019799e-07,0.0,0.656037549560911,0.6823939806330249,7.594635172469274e-08,4.906702315382231e-08,1.0
500.2293303964056,15.708431657089648,188.25435061396348,30.121527546345938,1.0885260617915993,6.131055708060268e-08,1.0417690755796483,0.06702895077511882,0.2274899473426552,1.0
320.0,10.63,164.0,15.753798858146684,0.4266666666666667,0.0,0.4266666666666667,2.517786561264821,9.227795954487297,1.0
640.0,21.3,4.0,0.0,0.0,0.8266666666666667,0.8266666666666667,0.0,0.0,
330.8745641528095,10.666693292136333,1.0480645416363688,41.752601012839506,1.045855660019539,0.9972545634343614,0.9788894126632023,0.03742855010301051,0.13332183932296154,1.0
932.8280831388215,31.739203033610867,9.980318901774044,0.0,1.7937735044797782e-08,0.6210438476607583,0.632184552070526,2.583590451945313e-08,1.0819944699225332e-07,0.0
130.0,4.3,10.0,0.0,0.0,0.8533333333333334,0.8533333333333334,0.0,0.0,0.0
458.92068014222656,14.584412062657375,9.146059560338147,7.600092785887707e-08,0.0,0.8346674817820534,0.7721299543305306,0.0,1.3859383305794114e-08,0.0
710.0,23.63,470.0,0.0,0.0,0.0,0.0,0.0,0.0,1.0
870.0,28.97,442.0,0.0,0.0,0.4,0.4,0.0,0.0,
693.6286880845656,24.303762479901682,3.65143634471297,0.0,2.0138826844783664e-08,0.7403093259655728,0.8398178610039765,7.005391758433939e-08,0.0,1.0
90.0,2.97,9.0,0.0,0.0,0.0,0.0,0.0,0.0,
848.8335240274249,25.775628450682504,3.923840547885627,0.0,0.0,1.027315225756434,0.9830062758770637,0.0,1.7691676163660003e-08,1.0
300.0,9.97,127.0,0.0,0.0,0.3866666666666666,0.3866666666666666,0.0,0.0,
950.0,31.63,307.0,0.0,0.0,0.12,0.12,0.0,0.0,
420.0,13.97,216.0,31.99560492505091,1.0,0.2,0.9866666666666668,0.5104097451061732,0.625443712288494,
120.0,3.97,10.0,0.0,0.0,0.9866666666666668,0.9866666666666668,0.0,0.0,0.0
285.1152255279548,11.154401805782907,41.06107582776724,0.0,0.0,0.2879985928615226,0.2973743531173516,2.6221725561122842e-08,3.722839914333506e-08,1.0
820.0,27.3,490.0,0.0,0.0,0.2153846153846154,0.2153846153846154,0.0,0.0,
480.89733331686386,16.37966424551208,284.7311662828985,1.683369492485668e-08,3.2675865990698835e-08,3.3329658555745634e-08,8.139936132512354e-08,8.255905761963213e-08,0.0,0.0
850.0,28.3,7.0,0.0,0.0,0.0,0.0,0.0,0.0,
880.0,29.3,342.0,0.0,0.0,0.0,0.0,0.0,0.0,
990.0,32.97,307.0,0.0,0.0,0.0,0.0,0.0,0.0,
700.0,23.3,7.0,0.0,0.0,0.0,0.0,0.0,0.0,
493.48152867366167,17.482199402097926,169.96214334453938,34.119671380560426,0.9470728751080509,0.0,0.9784714165042578,0.07093302211937079,0.24676533072550147,1.0
880.0,29.3,1.0,40.47589572021443,1.0,1.0,1.0,0.1657509130787898,0.2913194912546489,
