timestamp,behavior,mobility,orientation
2026-01-03T07:53:15.156491Z,INTERACTIVE,0.154,63.934
2026-01-03T07:53:15.278145Z,INTERACTIVE,0.154,33.768
2026-01-03T07:53:15.371392Z,INTERACTIVE,0.155,23.642
2026-01-03T07:53:15.482370Z,INTERACTIVE,0.151,18.543
2026-01-03T07:53:15.605169Z,INTERACTIVE,0.148,15.474
2026-01-03T07:53:15.713866Z,INTERACTIVE,0.145,3.313
2026-01-03T07:53:15.823455Z,INTERACTIVE,0.14,3.218
2026-01-03T07:53:15.932336Z,INTERACTIVE,0.134,3.199
2026-01-03T07:53:16.042365Z,INTERACTIVE,0.13,3.18
2026-01-03T07:53:16.164918Z,INTERACTIVE,0.123,3.164
2026-01-03T07:53:16.257990Z,INTERACTIVE,0.115,3.16
2026-01-03T07:53:16.382396Z,INTERACTIVE,0.109,3.138
2026-01-03T07:53:16.491297Z,INTERACTIVE,0.104,3.109
2026-01-03T07:53:16.614311Z,INTERACTIVE,0.101,3.112
2026-01-03T07:53:16.738768Z,INTERACTIVE,0.101,3.127
2026-01-03T07:53:16.850350Z,INTERACTIVE,0.102,3.148
2026-01-03T07:53:16.959298Z,INTERACTIVE,0.103,3.189
2026-01-03T07:53:17.054340Z,INTERACTIVE,0.103,3.203
2026-01-03T07:53:17.149051Z,INTERACTIVE,0.102,3.221
2026-01-03T07:53:17.315210Z,INTERACTIVE,0.101,3.183
2026-01-03T07:53:17.442895Z,INTERACTIVE,0.101,3.141
2026-01-03T07:53:17.598499Z,INTERACTIVE,0.1,3.107
2026-01-03T07:53:17.722919Z,INTERACTIVE,0.1,3.114
2026-01-03T07:53:17.846296Z,INTERACTIVE,0.1,3.117
2026-01-03T07:53:18.000337Z,INTERACTIVE,0.099,3.193
2026-01-03T07:53:18.156138Z,INTERACTIVE,0.098,3.27
2026-01-03T07:53:18.281322Z,INTERACTIVE,0.098,3.342
2026-01-03T07:53:18.405688Z,INTERACTIVE,0.099,3.389
2026-01-03T07:53:18.530648Z,INTERACTIVE,0.098,3.433
2026-01-03T07:53:18.653418Z,INTERACTIVE,0.099,3.459
2026-01-03T07:53:18.777646Z,INTERACTIVE,0.101,3.463
2026-01-03T07:53:18.899481Z,INTERACTIVE,0.099,3.483
2026-01-03T07:53:19.010454Z,INTERACTIVE,0.096,3.487
2026-01-03T07:53:19.134413Z,INTERACTIVE,0.092,3.495
2026-01-03T07:53:19.243978Z,INTERACTIVE,0.087,3.495
2026-01-03T07:53:19.369401Z,INTERACTIVE,0.082,3.525
2026-01-03T07:53:19.492098Z,INTERACTIVE,0.078,3.463
2026-01-03T07:53:19.602197Z,INTERACTIVE,0.075,3.401
2026-01-03T07:53:19.727236Z,INTERACTIVE,0.074,3.367
2026-01-03T07:53:19.836381Z,INTERACTIVE,0.074,3.335
2026-01-03T07:53:19.960179Z,INTERACTIVE,0.073,3.275
2026-01-03T07:53:20.053950Z,INTERACTIVE,0.074,3.281
2026-01-03T07:53:20.181435Z,INTERACTIVE,0.075,3.283
2026-01-03T07:53:20.289884Z,INTERACTIVE,0.076,3.444
2026-01-03T07:53:20.413214Z,INTERACTIVE,0.079,3.595
2026-01-03T07:53:20.522337Z,INTERACTIVE,0.082,3.767
2026-01-03T07:53:20.645265Z,INTERACTIVE,0.086,3.944
2026-01-03T07:53:20.770370Z,INTERACTIVE,0.088,4.119
2026-01-03T07:53:20.881285Z,INTERACTIVE,0.089,4.102
2026-01-03T07:53:20.989947Z,INTERACTIVE,0.089,4.119
2026-01-03T07:53:21.100310Z,INTERACTIVE,0.09,4.123
2026-01-03T07:53:21.221663Z,INTERACTIVE,0.091,4.11
2026-01-03T07:53:21.347405Z,INTERACTIVE,0.092,4.121
2026-01-03T07:53:21.471033Z,INTERACTIVE,0.094,4.106
2026-01-03T07:53:21.595176Z,INTERACTIVE,0.096,4.069
2026-01-03T07:53:21.720576Z,INTERACTIVE,0.097,4.062
2026-01-03T07:53:21.876157Z,INTERACTIVE,0.097,4.064
2026-01-03T07:53:22.109303Z,INTERACTIVE,0.099,4.056
2026-01-03T07:53:22.235641Z,INTERACTIVE,0.099,16.266
2026-01-03T07:53:22.358876Z,INTERACTIVE,0.098,28.486
2026-01-03T07:53:22.485203Z,PASSIVE,0.098,40.677
2026-01-03T07:53:22.639429Z,PASSIVE,0.098,52.873
2026-01-03T07:53:22.760760Z,PASSIVE,0.097,70.829
2026-01-03T07:53:22.885915Z,PASSIVE,0.099,76.597
2026-01-03T07:53:23.010120Z,PASSIVE,0.103,82.354
2026-01-03T07:53:23.134854Z,PASSIVE,0.104,92.224
2026-01-03T07:53:23.258729Z,PASSIVE,0.107,102.104
2026-01-03T07:53:23.383737Z,PASSIVE,0.11,106.21
2026-01-03T07:53:23.510724Z,PASSIVE,0.112,110.312
2026-01-03T07:53:23.650678Z,PASSIVE,0.113,114.412
2026-01-03T07:53:23.776105Z,PASSIVE,0.115,118.061
2026-01-03T07:53:23.900965Z,PASSIVE,0.115,121.705
2026-01-03T07:53:24.023613Z,PASSIVE,0.115,125.35
2026-01-03T07:53:24.149373Z,PASSIVE,0.114,128.998
2026-01-03T07:53:24.271626Z,PASSIVE,0.114,135.661
2026-01-03T07:53:24.397602Z,INTERACTIVE,0.116,141.589
2026-01-03T07:53:24.522597Z,INTERACTIVE,0.121,149.896
2026-01-03T07:53:24.644373Z,INTERACTIVE,0.127,160.633
2026-01-03T07:53:24.769676Z,INTERACTIVE,0.134,171.369
2026-01-03T07:53:24.912481Z,INTERACTIVE,0.141,181.327
2026-01-03T07:53:25.035969Z,PASSIVE,0.144,190.62
2026-01-03T07:53:25.160304Z,PASSIVE,0.147,197.53
2026-01-03T07:53:25.283315Z,PASSIVE,0.149,203.949
2026-01-03T07:53:25.409306Z,PASSIVE,0.15,210.37
2026-01-03T07:53:25.534004Z,PASSIVE,0.15,216.528
2026-01-03T07:53:25.660354Z,INTERACTIVE,0.152,220.437
2026-01-03T07:53:25.781300Z,INTERACTIVE,0.155,224.346
2026-01-03T07:53:25.890184Z,INTERACTIVE,0.156,224.306
2026-01-03T07:53:26.015078Z,INTERACTIVE,0.158,224.267
2026-01-03T07:53:26.123157Z,INTERACTIVE,0.161,222.252
2026-01-03T07:53:26.248006Z,INTERACTIVE,0.162,222.279
2026-01-03T07:53:26.356785Z,INTERACTIVE,0.163,220.245
2026-01-03T07:53:26.481492Z,INTERACTIVE,0.164,220.227
2026-01-03T07:53:26.591948Z,INTERACTIVE,0.166,222.246
2026-01-03T07:53:26.701797Z,INTERACTIVE,0.17,224.273
2026-01-03T07:53:26.826478Z,INTERACTIVE,0.173,225.999
2026-01-03T07:53:26.948165Z,INTERACTIVE,0.175,231.586
2026-01-03T07:53:27.042686Z,INTERACTIVE,0.178,238.832
2026-01-03T07:53:27.153099Z,INTERACTIVE,0.18,245.722
2026-01-03T07:53:27.274390Z,INTERACTIVE,0.18,252.593
2026-01-03T07:53:27.398168Z,INTERACTIVE,0.181,257.72
2026-01-03T07:53:27.507004Z,INTERACTIVE,0.185,262.597
2026-01-03T07:53:27.617479Z,INTERACTIVE,0.198,267.328
2026-01-03T07:53:27.741923Z,INTERACTIVE,0.215,268.735
2026-01-03T07:53:27.837831Z,INTERACTIVE,0.229,268.56
2026-01-03T07:53:27.960846Z,INTERACTIVE,0.241,266.727
2026-01-03T07:53:28.053706Z,INTERACTIVE,0.249,261.702
2026-01-03T07:53:28.164761Z,INTERACTIVE,0.247,255.163
2026-01-03T07:53:28.272282Z,INTERACTIVE,0.241,248.36
2026-01-03T07:53:28.395752Z,INTERACTIVE,0.236,241.303
2026-01-03T07:53:28.521218Z,INTERACTIVE,0.233,235.905
2026-01-03T07:53:28.645385Z,INTERACTIVE,0.232,230.157
2026-01-03T07:53:28.739214Z,INTERACTIVE,0.229,224.411
2026-01-03T07:53:28.864230Z,INTERACTIVE,0.231,218.619
2026-01-03T07:53:28.958521Z,INTERACTIVE,0.23,214.678
2026-01-03T07:53:29.082052Z,INTERACTIVE,0.229,210.736
2026-01-03T07:53:29.176645Z,INTERACTIVE,0.229,208.79
2026-01-03T07:53:29.301250Z,INTERACTIVE,0.229,206.842
2026-01-03T07:53:29.409616Z,INTERACTIVE,0.226,206.844
2026-01-03T07:53:29.520658Z,INTERACTIVE,0.225,204.591
2026-01-03T07:53:29.613217Z,INTERACTIVE,0.224,202.336
2026-01-03T07:53:29.741110Z,INTERACTIVE,0.222,200.08
2026-01-03T07:53:29.867897Z,INTERACTIVE,0.217,195.572
2026-01-03T07:53:29.992319Z,INTERACTIVE,0.212,188.508
2026-01-03T07:53:30.086879Z,INTERACTIVE,0.207,181.243
2026-01-03T07:53:30.213034Z,INTERACTIVE,0.203,171.128
2026-01-03T07:53:30.336115Z,INTERACTIVE,0.201,157.975
2026-01-03T07:53:30.447026Z,INTERACTIVE,0.2,143.493
2026-01-03T07:53:30.570323Z,INTERACTIVE,0.199,127.418
2026-01-03T07:53:30.665772Z,INTERACTIVE,0.199,113.8
2026-01-03T07:53:30.759530Z,INTERACTIVE,0.195,97.313
2026-01-03T07:53:30.886163Z,INTERACTIVE,0.181,72.392
2026-01-03T07:53:31.010267Z,INTERACTIVE,0.163,50.919
2026-01-03T07:53:31.105019Z,INTERACTIVE,0.146,33.577
2026-01-03T07:53:31.214910Z,INTERACTIVE,0.131,16.182
2026-01-03T07:53:31.309297Z,INTERACTIVE,0.12,4.51
2026-01-03T07:53:31.416909Z,INTERACTIVE,0.119,4.273
2026-01-03T07:53:31.539178Z,INTERACTIVE,0.126,4.163
2026-01-03T07:53:31.646586Z,INTERACTIVE,0.132,4.018
2026-01-03T07:53:31.756074Z,INTERACTIVE,0.138,3.926
2026-01-03T07:53:31.883758Z,INTERACTIVE,0.145,3.888
2026-01-03T07:53:31.979136Z,INTERACTIVE,0.154,4.081
2026-01-03T07:53:32.087897Z,INTERACTIVE,0.2,4.256
2026-01-03T07:53:32.211796Z,INTERACTIVE,0.271,16.403
2026-01-03T07:53:32.337463Z,INTERACTIVE,0.376,34.208
2026-01-03T07:53:32.463115Z,INTERACTIVE,0.499,51.96
2026-01-03T07:53:32.584175Z,INTERACTIVE,0.651,73.246
2026-01-03T07:53:32.707967Z,INTERACTIVE,0.789,94.564
2026-01-03T07:53:32.817858Z,INTERACTIVE,0.903,103.981
2026-01-03T07:53:32.940144Z,INTERACTIVE,0.984,107.735
2026-01-03T07:53:33.063815Z,INTERACTIVE,1.049,111.488
2026-01-03T07:53:33.176059Z,INTERACTIVE,1.1,111.561
2026-01-03T07:53:33.300335Z,INTERACTIVE,1.137,111.624
2026-01-03T07:53:33.411248Z,INTERACTIVE,1.182,111.676
2026-01-03T07:53:33.537281Z,INTERACTIVE,1.248,111.762
2026-01-03T07:53:33.659113Z,INTERACTIVE,1.342,111.875
2026-01-03T07:53:33.753307Z,INTERACTIVE,1.465,114.809
2026-01-03T07:53:33.862798Z,INTERACTIVE,1.625,117.78
2026-01-03T07:53:33.985640Z,INTERACTIVE,1.806,122.59
2026-01-03T07:53:34.109308Z,INTERACTIVE,2.008,129.591
2026-01-03T07:53:34.219208Z,INTERACTIVE,2.203,136.622
2026-01-03T07:53:34.345045Z,INTERACTIVE,2.356,140.797
2026-01-03T07:53:34.454901Z,INTERACTIVE,2.474,146.898
2026-01-03T07:53:34.581030Z,INTERACTIVE,2.577,151.148
2026-01-03T07:53:34.734616Z,INTERACTIVE,2.72,153.175
2026-01-03T07:53:34.857021Z,INTERACTIVE,2.839,155.147
2026-01-03T07:53:34.965714Z,INTERACTIVE,2.953,157.102
2026-01-03T07:53:35.105925Z,INTERACTIVE,3.053,157.096
2026-01-03T07:53:35.214711Z,INTERACTIVE,3.139,157.095
2026-01-03T07:53:35.352438Z,INTERACTIVE,3.139,157.095
2026-01-03T07:53:35.445486Z,INTERACTIVE,3.139,157.095
2026-01-03T07:53:35.541763Z,INTERACTIVE,3.139,157.095
2026-01-03T07:53:35.649485Z,INTERACTIVE,3.139,157.095
2026-01-03T07:53:35.758106Z,INTERACTIVE,3.139,157.095
2026-01-03T07:53:35.868214Z,INTERACTIVE,3.139,157.095
2026-01-03T07:53:35.976217Z,INTERACTIVE,3.139,157.095
2026-01-03T07:53:36.069061Z,INTERACTIVE,3.139,157.095
2026-01-03T07:53:36.178889Z,INTERACTIVE,3.139,157.095
2026-01-03T07:53:36.271868Z,INTERACTIVE,3.139,157.095
2026-01-03T07:53:36.395702Z,INTERACTIVE,3.139,157.095
2026-01-03T07:53:36.535326Z,INTERACTIVE,3.139,157.095
2026-01-03T07:53:36.693658Z,INTERACTIVE,3.235,157.281
2026-01-03T07:53:36.817326Z,INTERACTIVE,3.331,157.465
2026-01-03T07:53:36.956950Z,INTERACTIVE,3.43,157.648
2026-01-03T07:53:37.084605Z,INTERACTIVE,3.537,157.83
2026-01-03T07:53:37.207990Z,INTERACTIVE,3.647,158.014
2026-01-03T07:53:37.316229Z,INTERACTIVE,3.657,158.001
2026-01-03T07:53:37.441447Z,INTERACTIVE,3.629,157.987
2026-01-03T07:53:37.646894Z,INTERACTIVE,3.573,155.203
2026-01-03T07:53:37.802965Z,INTERACTIVE,3.488,149.184
2026-01-03T07:53:37.926968Z,INTERACTIVE,3.388,143.163
2026-01-03T07:53:38.038025Z,INTERACTIVE,3.26,133.952
2026-01-03T07:53:38.147240Z,INTERACTIVE,3.152,124.741
2026-01-03T07:53:38.257068Z,INTERACTIVE,3.077,118.295
2026-01-03T07:53:38.382865Z,INTERACTIVE,3.031,115.101
2026-01-03T07:53:38.489946Z,INTERACTIVE,3.002,111.893
2026-01-03T07:53:38.613904Z,INTERACTIVE,2.997,114.937
2026-01-03T07:53:38.721603Z,INTERACTIVE,3.006,117.984
2026-01-03T07:53:38.845046Z,INTERACTIVE,2.999,120.994
2026-01-03T07:53:38.968983Z,INTERACTIVE,2.96,123.986
2026-01-03T07:53:39.077982Z,INTERACTIVE,2.886,126.993
2026-01-03T07:53:39.171726Z,INTERACTIVE,2.775,124.275
2026-01-03T07:53:39.296113Z,INTERACTIVE,2.621,121.518
2026-01-03T07:53:39.420223Z,INTERACTIVE,2.445,116.364
2026-01-03T07:53:39.545947Z,INTERACTIVE,2.249,108.054
2026-01-03T07:53:39.671335Z,INTERACTIVE,2.059,103.966
2026-01-03T07:53:39.792229Z,INTERACTIVE,1.908,102.517
2026-01-03T07:53:39.887175Z,INTERACTIVE,1.789,98.095
2026-01-03T07:53:40.011563Z,INTERACTIVE,1.683,96.111
2026-01-03T07:53:40.106054Z,INTERACTIVE,1.54,97.274
2026-01-03T07:53:40.201471Z,INTERACTIVE,1.326,98.241
2026-01-03T07:53:40.326017Z,INTERACTIVE,1.113,99.244
2026-01-03T07:53:40.433887Z,INTERACTIVE,0.915,103.257
2026-01-03T07:53:40.558094Z,INTERACTIVE,0.724,107.273
2026-01-03T07:53:40.666645Z,INTERACTIVE,0.611,111.302
2026-01-03T07:53:40.792761Z,INTERACTIVE,0.593,114.967
2026-01-03T07:53:40.887239Z,INTERACTIVE,0.577,118.632
2026-01-03T07:53:41.009834Z,INTERACTIVE,0.56,122.299
2026-01-03T07:53:41.104319Z,INTERACTIVE,0.537,125.964
2026-01-03T07:53:41.229594Z,INTERACTIVE,0.514,129.63
2026-01-03T07:53:41.353818Z,INTERACTIVE,0.488,129.628
2026-01-03T07:53:41.477947Z,PASSIVE,0.457,129.626
2026-01-03T07:53:41.572787Z,PASSIVE,0.417,129.624
2026-01-03T07:53:41.697596Z,PASSIVE,0.381,129.609
2026-01-03T07:53:41.806085Z,PASSIVE,0.345,129.595
2026-01-03T07:53:41.916666Z,PASSIVE,0.299,129.953
2026-01-03T07:53:42.025858Z,PASSIVE,0.252,130.312
2026-01-03T07:53:42.133572Z,PASSIVE,0.213,130.672
2026-01-03T07:53:42.257828Z,PASSIVE,0.19,131.04
2026-01-03T07:53:42.366990Z,PASSIVE,0.172,131.408
2026-01-03T07:53:42.491084Z,PASSIVE,0.162,131.406
2026-01-03T07:53:42.598906Z,PASSIVE,0.161,131.403
2026-01-03T07:53:42.721573Z,PASSIVE,0.164,131.398
2026-01-03T07:53:42.846627Z,PASSIVE,0.164,131.396
2026-01-03T07:53:42.957171Z,PASSIVE,0.166,127.807
2026-01-03T07:53:43.080135Z,PASSIVE,0.17,124.218
2026-01-03T07:53:43.189785Z,PASSIVE,0.173,120.63
2026-01-03T07:53:43.301121Z,PASSIVE,0.173,117.045
2026-01-03T07:53:43.409950Z,PASSIVE,0.168,113.459
2026-01-03T07:53:43.534017Z,PASSIVE,0.165,109.34
2026-01-03T07:53:43.655868Z,PASSIVE,0.163,105.221
2026-01-03T07:53:43.765960Z,PASSIVE,0.162,101.101
2026-01-03T07:53:43.874229Z,PASSIVE,0.162,96.978
2026-01-03T07:53:43.999071Z,PASSIVE,0.171,92.859
2026-01-03T07:53:44.092570Z,PASSIVE,0.178,87.176
2026-01-03T07:53:44.203600Z,PASSIVE,0.182,81.494
2026-01-03T07:53:44.323968Z,PASSIVE,0.193,75.807
2026-01-03T07:53:44.445010Z,PASSIVE,0.206,70.118
2026-01-03T07:53:44.555817Z,PASSIVE,0.216,64.462
2026-01-03T07:53:44.664996Z,INTERACTIVE,0.226,64.484
2026-01-03T07:53:44.775077Z,INTERACTIVE,0.237,64.5
2026-01-03T07:53:44.897938Z,INTERACTIVE,0.243,70.108
2026-01-03T07:53:45.007331Z,INTERACTIVE,0.245,79.804
2026-01-03T07:53:45.133427Z,INTERACTIVE,0.245,89.462
2026-01-03T07:53:45.239240Z,INTERACTIVE,0.246,95.11
2026-01-03T07:53:45.348701Z,INTERACTIVE,0.248,100.765
2026-01-03T07:53:45.457929Z,INTERACTIVE,0.249,104.947
2026-01-03T07:53:45.568871Z,INTERACTIVE,0.246,108.727
2026-01-03T07:53:45.691929Z,INTERACTIVE,0.243,112.511
2026-01-03T07:53:45.787342Z,INTERACTIVE,0.239,120.31
2026-01-03T07:53:45.896465Z,INTERACTIVE,0.232,128.109
2026-01-03T07:53:46.005209Z,INTERACTIVE,0.22,131.793
2026-01-03T07:53:46.131753Z,INTERACTIVE,0.212,131.793
2026-01-03T07:53:46.240646Z,INTERACTIVE,0.203,131.794
2026-01-03T07:53:46.369426Z,INTERACTIVE,0.193,134.671
2026-01-03T07:53:46.519880Z,INTERACTIVE,0.188,137.548
2026-01-03T07:53:46.641934Z,INTERACTIVE,0.189,143.045
2026-01-03T07:53:46.735975Z,INTERACTIVE,0.191,148.541
2026-01-03T07:53:46.847850Z,INTERACTIVE,0.194,154.036
2026-01-03T07:53:46.974277Z,INTERACTIVE,0.196,156.657
2026-01-03T07:53:47.143245Z,INTERACTIVE,0.195,161.831
2026-01-03T07:53:47.253510Z,INTERACTIVE,0.191,164.391
2026-01-03T07:53:47.377339Z,INTERACTIVE,0.18,166.948
2026-01-03T07:53:47.502010Z,INTERACTIVE,0.17,169.509
2026-01-03T07:53:47.594189Z,INTERACTIVE,0.161,174.582
2026-01-03T07:53:47.718211Z,INTERACTIVE,0.149,179.288
2026-01-03T07:53:47.812558Z,INTERACTIVE,0.133,183.987
2026-01-03T07:53:47.921385Z,INTERACTIVE,0.121,188.69
2026-01-03T07:53:48.031748Z,INTERACTIVE,0.109,195.551
2026-01-03T07:53:48.141583Z,INTERACTIVE,0.098,199.901
2026-01-03T07:53:48.264015Z,INTERACTIVE,0.092,199.874
2026-01-03T07:53:48.373370Z,INTERACTIVE,0.09,199.808
2026-01-03T07:53:48.468124Z,INTERACTIVE,0.088,199.742
2026-01-03T07:53:48.593882Z,INTERACTIVE,0.087,199.787
2026-01-03T07:53:48.716348Z,INTERACTIVE,0.085,201.844
2026-01-03T07:53:48.810343Z,INTERACTIVE,0.083,206.04
2026-01-03T07:53:48.934145Z,INTERACTIVE,0.082,208.286
2026-01-03T07:53:49.045632Z,INTERACTIVE,0.08,212.506
2026-01-03T07:53:49.165991Z,INTERACTIVE,0.08,216.501
2026-01-03T07:53:49.259833Z,INTERACTIVE,0.08,220.328
2026-01-03T07:53:49.382962Z,INTERACTIVE,0.081,224.203
2026-01-03T07:53:49.477176Z,INTERACTIVE,0.083,230.074
2026-01-03T07:53:49.600737Z,INTERACTIVE,0.085,233.967
2026-01-03T07:53:49.695928Z,INTERACTIVE,0.087,234.087
2026-01-03T07:53:49.803820Z,INTERACTIVE,0.088,232.364
2026-01-03T07:53:49.915394Z,INTERACTIVE,0.086,228.846
2026-01-03T07:53:50.023749Z,INTERACTIVE,0.084,225.323
2026-01-03T07:53:50.146863Z,INTERACTIVE,0.079,221.801
2026-01-03T07:53:50.268856Z,INTERACTIVE,0.074,220.003
2026-01-03T07:53:50.395027Z,INTERACTIVE,0.07,216.216
2026-01-03T07:53:50.502900Z,INTERACTIVE,0.069,214.223
2026-01-03T07:53:50.624998Z,INTERACTIVE,0.068,212.231
2026-01-03T07:53:50.718854Z,INTERACTIVE,0.073,210.241
2026-01-03T07:53:50.844099Z,INTERACTIVE,0.081,208.249
2026-01-03T07:53:50.951600Z,INTERACTIVE,0.089,206.049
2026-01-03T07:53:51.076788Z,INTERACTIVE,0.096,203.847
2026-01-03T07:53:51.184706Z,INTERACTIVE,0.103,201.646
2026-01-03T07:53:51.294861Z,INTERACTIVE,0.106,197.333
2026-01-03T07:53:51.406070Z,INTERACTIVE,0.106,195.245
2026-01-03T07:53:51.531110Z,INTERACTIVE,0.106,197.577
2026-01-03T07:53:51.639366Z,PASSIVE,0.106,199.937
2026-01-03T07:53:51.886305Z,PASSIVE,0.107,202.296
2026-01-03T07:53:52.010777Z,PASSIVE,0.107,206.735
2026-01-03T07:53:52.118474Z,PASSIVE,0.109,208.899
2026-01-03T07:53:52.214052Z,PASSIVE,0.111,206.658
2026-01-03T07:53:52.324676Z,PASSIVE,0.112,204.391
2026-01-03T07:53:52.431553Z,PASSIVE,0.113,199.95
2026-01-03T07:53:52.556826Z,INTERACTIVE,0.113,193.029
2026-01-03T07:53:52.663940Z,INTERACTIVE,0.118,183.621
2026-01-03T07:53:52.759085Z,PASSIVE,0.126,176.395
2026-01-03T07:53:52.869925Z,PASSIVE,0.137,171.604
2026-01-03T07:53:52.992693Z,PASSIVE,0.149,168.99
2026-01-03T07:53:53.101221Z,PASSIVE,0.166,168.891
2026-01-03T07:53:53.209830Z,PASSIVE,0.182,171.327
2026-01-03T07:53:53.304281Z,PASSIVE,0.194,173.764
2026-01-03T07:53:53.414176Z,PASSIVE,0.207,173.771
2026-01-03T07:53:53.539633Z,PASSIVE,0.22,173.779
2026-01-03T07:53:53.646772Z,PASSIVE,0.228,173.785
2026-01-03T07:53:53.754608Z,PASSIVE,0.233,173.792
2026-01-03T07:53:53.881263Z,PASSIVE,0.238,173.797
2026-01-03T07:53:54.004671Z,PASSIVE,0.242,173.797
2026-01-03T07:53:54.132520Z,PASSIVE,0.249,173.791
2026-01-03T07:53:54.255188Z,PASSIVE,0.263,171.281
2026-01-03T07:53:54.379689Z,PASSIVE,0.286,168.773
2026-01-03T07:53:54.503340Z,PASSIVE,0.311,166.265
2026-01-03T07:53:54.627228Z,PASSIVE,0.343,166.189
2026-01-03T07:53:54.735756Z,PASSIVE,0.371,166.114
2026-01-03T07:53:54.860422Z,PASSIVE,0.395,165.983
2026-01-03T07:53:54.985639Z,INTERACTIVE,0.413,162.901
2026-01-03T07:53:55.095733Z,INTERACTIVE,0.431,156.807
2026-01-03T07:53:55.205608Z,PASSIVE,0.444,148.284
2026-01-03T07:53:55.331519Z,PASSIVE,0.457,139.542
2026-01-03T07:53:55.441140Z,INTERACTIVE,0.469,129.673
2026-01-03T07:53:55.565801Z,INTERACTIVE,0.481,122.756
2026-01-03T07:53:55.693861Z,INTERACTIVE,0.494,122.526
2026-01-03T07:53:55.817756Z,INTERACTIVE,0.506,125.242
2026-01-03T07:53:55.924889Z,INTERACTIVE,0.516,128.183
2026-01-03T07:53:56.033635Z,INTERACTIVE,0.519,134.811
2026-01-03T07:53:56.142688Z,INTERACTIVE,0.515,141.435
2026-01-03T07:53:56.329138Z,INTERACTIVE,0.505,141.4
2026-01-03T07:53:56.452804Z,INTERACTIVE,0.492,138.419
2026-01-03T07:53:56.576801Z,INTERACTIVE,0.475,135.431
2026-01-03T07:53:56.686350Z,INTERACTIVE,0.461,132.444
2026-01-03T07:53:56.812598Z,INTERACTIVE,0.45,129.46
2026-01-03T07:53:56.921719Z,INTERACTIVE,0.44,129.459
2026-01-03T07:53:57.044580Z,INTERACTIVE,0.429,129.457
2026-01-03T07:53:57.137158Z,INTERACTIVE,0.423,129.458
2026-01-03T07:53:57.232572Z,INTERACTIVE,0.417,132.328
2026-01-03T07:53:57.343680Z,INTERACTIVE,0.413,137.914
2026-01-03T07:53:57.481563Z,INTERACTIVE,0.409,143.501
2026-01-03T07:53:57.591543Z,INTERACTIVE,0.402,149.09
2026-01-03T07:53:57.702147Z,INTERACTIVE,0.384,154.674
2026-01-03T07:53:57.824767Z,INTERACTIVE,0.36,157.39
2026-01-03T07:53:57.948758Z,INTERACTIVE,0.333,157.39
2026-01-03T07:53:58.043538Z,INTERACTIVE,0.3,154.491
2026-01-03T07:53:58.170333Z,INTERACTIVE,0.272,151.593
2026-01-03T07:53:58.292955Z,INTERACTIVE,0.251,148.691
2026-01-03T07:53:58.418318Z,INTERACTIVE,0.236,145.787
2026-01-03T07:53:58.543131Z,INTERACTIVE,0.222,142.893
2026-01-03T07:53:58.666678Z,INTERACTIVE,0.216,142.922
2026-01-03T07:53:58.793300Z,INTERACTIVE,0.209,140.042
2026-01-03T07:53:58.917324Z,INTERACTIVE,0.202,137.165
2026-01-03T07:53:59.025574Z,INTERACTIVE,0.195,134.29
2026-01-03T07:53:59.120291Z,INTERACTIVE,0.185,127.704
2026-01-03T07:53:59.229956Z,INTERACTIVE,0.173,117.046
2026-01-03T07:53:59.354343Z,INTERACTIVE,0.162,109.294
2026-01-03T07:53:59.476400Z,INTERACTIVE,0.154,101.542
2026-01-03T07:53:59.615524Z,INTERACTIVE,0.149,93.788
2026-01-03T07:53:59.740235Z,INTERACTIVE,0.147,89.736
2026-01-03T07:53:59.848310Z,INTERACTIVE,0.149,89.731
2026-01-03T07:53:59.957666Z,INTERACTIVE,0.149,89.73
2026-01-03T07:54:00.084326Z,INTERACTIVE,0.149,89.727
2026-01-03T07:54:00.194240Z,INTERACTIVE,0.148,89.728
2026-01-03T07:54:00.303198Z,INTERACTIVE,0.146,89.73
2026-01-03T07:54:00.428615Z,INTERACTIVE,0.143,89.731
2026-01-03T07:54:00.537903Z,INTERACTIVE,0.141,89.725
2026-01-03T07:54:00.676557Z,INTERACTIVE,0.139,84.222
2026-01-03T07:54:00.801585Z,INTERACTIVE,0.136,67.491
2026-01-03T07:54:00.909853Z,INTERACTIVE,0.133,50.76
2026-01-03T07:54:01.034527Z,PASSIVE,0.127,34.036
2026-01-03T07:54:01.144377Z,PASSIVE,0.123,17.302
2026-01-03T07:54:01.266679Z,PASSIVE,0.118,6.081
2026-01-03T07:54:01.375629Z,PASSIVE,0.115,6.117
2026-01-03T07:54:01.469376Z,PASSIVE,0.114,6.149
2026-01-03T07:54:01.595732Z,INTERACTIVE,0.117,6.21
2026-01-03T07:54:01.719654Z,INTERACTIVE,0.12,6.27
2026-01-03T07:54:01.859416Z,INTERACTIVE,0.127,6.424
2026-01-03T07:54:01.984765Z,PASSIVE,0.135,6.48
2026-01-03T07:54:02.079220Z,PASSIVE,0.139,6.251
2026-01-03T07:54:02.205217Z,PASSIVE,0.141,5.975
2026-01-03T07:54:02.313436Z,PASSIVE,0.143,5.705
2026-01-03T07:54:02.437648Z,PASSIVE,0.144,5.32
2026-01-03T07:54:02.560404Z,PASSIVE,0.144,4.988
2026-01-03T07:54:02.670780Z,PASSIVE,0.147,4.984
2026-01-03T07:54:02.777820Z,PASSIVE,0.151,4.991
2026-01-03T07:54:02.902504Z,PASSIVE,0.155,5.032
2026-01-03T07:54:03.041219Z,PASSIVE,0.161,5.073
2026-01-03T07:54:03.151225Z,PASSIVE,0.166,5.131
2026-01-03T07:54:03.259986Z,PASSIVE,0.169,5.146
2026-01-03T07:54:03.369993Z,PASSIVE,0.175,5.149
2026-01-03T07:54:03.494918Z,PASSIVE,0.185,5.354
2026-01-03T07:54:03.603587Z,PASSIVE,0.198,5.572
2026-01-03T07:54:03.727540Z,PASSIVE,0.218,5.789
2026-01-03T07:54:03.870290Z,PASSIVE,0.24,17.464
2026-01-03T07:54:04.007606Z,PASSIVE,0.263,29.151
2026-01-03T07:54:04.132306Z,INTERACTIVE,0.281,40.608
2026-01-03T07:54:04.226749Z,INTERACTIVE,0.293,52.052
2026-01-03T07:54:04.350259Z,INTERACTIVE,0.298,69.292
2026-01-03T07:54:04.445976Z,INTERACTIVE,0.302,75.078
2026-01-03T07:54:04.555209Z,INTERACTIVE,0.304,80.866
2026-01-03T07:54:04.679809Z,INTERACTIVE,0.31,86.663
2026-01-03T07:54:04.804495Z,INTERACTIVE,0.329,92.466
2026-01-03T07:54:04.912023Z,INTERACTIVE,0.352,92.474
2026-01-03T07:54:05.022760Z,INTERACTIVE,0.379,92.481
2026-01-03T07:54:05.117092Z,INTERACTIVE,0.407,96.581
2026-01-03T07:54:05.243679Z,INTERACTIVE,0.427,104.401
2026-01-03T07:54:05.351848Z,INTERACTIVE,0.434,112.221
2026-01-03T07:54:05.476653Z,INTERACTIVE,0.433,120.039
2026-01-03T07:54:05.570558Z,INTERACTIVE,0.429,127.858
2026-01-03T07:54:05.694518Z,INTERACTIVE,0.425,131.586
2026-01-03T07:54:05.803581Z,INTERACTIVE,0.422,131.586
2026-01-03T07:54:05.915490Z,INTERACTIVE,0.42,131.588
2026-01-03T07:54:06.026713Z,INTERACTIVE,0.42,131.59
2026-01-03T07:54:06.137582Z,INTERACTIVE,0.417,131.591
2026-01-03T07:54:06.247597Z,INTERACTIVE,0.416,131.591
2026-01-03T07:54:06.358800Z,PASSIVE,0.415,131.595
2026-01-03T07:54:06.469394Z,PASSIVE,0.415,131.598
2026-01-03T07:54:06.564244Z,PASSIVE,0.419,131.601
2026-01-03T07:54:06.674421Z,PASSIVE,0.422,131.604
2026-01-03T07:54:06.799483Z,PASSIVE,0.419,131.598
2026-01-03T07:54:06.909374Z,PASSIVE,0.411,131.587
2026-01-03T07:54:07.033872Z,PASSIVE,0.394,131.576
2026-01-03T07:54:07.143668Z,PASSIVE,0.372,128.111
2026-01-03T07:54:07.267417Z,PASSIVE,0.349,124.64
2026-01-03T07:54:07.391782Z,PASSIVE,0.33,121.176
2026-01-03T07:54:07.500705Z,PASSIVE,0.318,117.705
2026-01-03T07:54:07.609651Z,PASSIVE,0.312,110.153
2026-01-03T07:54:07.734106Z,PASSIVE,0.308,106.055
2026-01-03T07:54:07.829695Z,PASSIVE,0.305,101.962
2026-01-03T07:54:07.952391Z,PASSIVE,0.297,97.865
2026-01-03T07:54:08.077418Z,PASSIVE,0.276,93.774
2026-01-03T07:54:08.185532Z,PASSIVE,0.246,93.76
2026-01-03T07:54:08.295310Z,PASSIVE,0.213,93.748
2026-01-03T07:54:08.418389Z,PASSIVE,0.178,88.122
2026-01-03T07:54:08.513007Z,PASSIVE,0.147,70.24
2026-01-03T07:54:08.622382Z,PASSIVE,0.127,52.387
2026-01-03T07:54:08.732544Z,INTERACTIVE,0.117,34.539
2026-01-03T07:54:08.842251Z,INTERACTIVE,0.11,16.657
2026-01-03T07:54:08.966437Z,INTERACTIVE,0.105,4.419
2026-01-03T07:54:09.074302Z,INTERACTIVE,0.101,4.443
2026-01-03T07:54:09.183705Z,PASSIVE,0.098,4.387
2026-01-03T07:54:09.308493Z,PASSIVE,0.095,4.275
2026-01-03T07:54:09.432534Z,PASSIVE,0.094,4.201
2026-01-03T07:54:09.553395Z,PASSIVE,0.091,4.089
2026-01-03T07:54:09.662409Z,PASSIVE,0.087,3.831
2026-01-03T07:54:09.774004Z,PASSIVE,0.081,3.618
2026-01-03T07:54:09.898514Z,PASSIVE,0.072,3.45
2026-01-03T07:54:10.006999Z,PASSIVE,0.062,3.262
2026-01-03T07:54:10.115875Z,PASSIVE,0.053,3.067
2026-01-03T07:54:10.241416Z,PASSIVE,0.046,3.02
2026-01-03T07:54:10.364421Z,PASSIVE,0.042,2.978
2026-01-03T07:54:10.486380Z,PASSIVE,0.039,2.945
2026-01-03T07:54:10.598505Z,PASSIVE,0.038,2.922
2026-01-03T07:54:10.720517Z,PASSIVE,0.037,2.9
2026-01-03T07:54:10.813376Z,PASSIVE,0.037,2.875
2026-01-03T07:54:10.937110Z,PASSIVE,0.037,2.854
2026-01-03T07:54:11.031234Z,PASSIVE,0.037,2.836
2026-01-03T07:54:11.154402Z,PASSIVE,0.037,2.823
2026-01-03T07:54:11.277544Z,PASSIVE,0.036,2.829
2026-01-03T07:54:11.402410Z,PASSIVE,0.037,2.831
2026-01-03T07:54:11.511294Z,PASSIVE,0.038,2.827
2026-01-03T07:54:11.621247Z,PASSIVE,0.038,2.734
2026-01-03T07:54:11.731381Z,PASSIVE,0.039,2.638
2026-01-03T07:54:11.842263Z,PASSIVE,0.04,2.598
2026-01-03T07:54:11.966531Z,PASSIVE,0.04,2.622
2026-01-03T07:54:12.077413Z,PASSIVE,0.04,14.749
2026-01-03T07:54:12.264400Z,PASSIVE,0.04,26.971
2026-01-03T07:54:12.372562Z,INTERACTIVE,0.039,39.181
2026-01-03T07:54:12.497804Z,INTERACTIVE,0.038,51.323
2026-01-03T07:54:12.620698Z,INTERACTIVE,0.038,69.301
2026-01-03T07:54:12.745330Z,INTERACTIVE,0.037,75.179
2026-01-03T07:54:12.870994Z,INTERACTIVE,0.036,85.138
2026-01-03T07:54:12.980356Z,INTERACTIVE,0.036,95.116
2026-01-03T07:54:13.104359Z,INTERACTIVE,0.036,105.102
2026-01-03T07:54:13.212883Z,INTERACTIVE,0.035,109.195
2026-01-03T07:54:13.307552Z,INTERACTIVE,0.034,113.29
2026-01-03T07:54:13.431500Z,INTERACTIVE,0.034,113.296
2026-01-03T07:54:13.554372Z,INTERACTIVE,0.033,113.297
2026-01-03T07:54:13.664492Z,INTERACTIVE,0.033,113.296
2026-01-03T07:54:13.776509Z,INTERACTIVE,0.033,113.296
2026-01-03T07:54:13.900533Z,INTERACTIVE,0.032,116.96
2026-01-03T07:54:14.023500Z,INTERACTIVE,0.032,120.628
2026-01-03T07:54:14.118412Z,PASSIVE,0.033,124.298
2026-01-03T07:54:14.242417Z,PASSIVE,0.036,127.969
2026-01-03T07:54:14.351139Z,PASSIVE,0.039,131.639
2026-01-03T07:54:14.474106Z,PASSIVE,0.044,131.645
2026-01-03T07:54:14.596632Z,PASSIVE,0.049,134.499
2026-01-03T07:54:14.720315Z,PASSIVE,0.054,140.228
2026-01-03T07:54:14.815715Z,PASSIVE,0.057,145.956
2026-01-03T07:54:14.925277Z,PASSIVE,0.059,151.685
2026-01-03T07:54:15.050145Z,PASSIVE,0.06,157.413
2026-01-03T07:54:15.175478Z,PASSIVE,0.06,160.291
2026-01-03T07:54:15.299718Z,PASSIVE,0.06,160.292
2026-01-03T07:54:15.409508Z,PASSIVE,0.06,160.291
2026-01-03T07:54:15.534172Z,PASSIVE,0.06,160.309
2026-01-03T07:54:15.657318Z,PASSIVE,0.06,160.326
2026-01-03T07:54:15.780408Z,PASSIVE,0.061,160.341
2026-01-03T07:54:15.903492Z,PASSIVE,0.062,160.358
2026-01-03T07:54:15.997133Z,PASSIVE,0.061,157.363
2026-01-03T07:54:16.091856Z,PASSIVE,0.061,154.356
2026-01-03T07:54:16.201153Z,PASSIVE,0.06,148.291
2026-01-03T07:54:16.311418Z,PASSIVE,0.062,142.225
2026-01-03T07:54:16.419729Z,PASSIVE,0.07,136.16
2026-01-03T07:54:16.530558Z,PASSIVE,0.081,136.055
2026-01-03T07:54:16.654551Z,PASSIVE,0.095,135.942
2026-01-03T07:54:16.778303Z,INTERACTIVE,0.111,138.887
2026-01-03T07:54:16.902346Z,INTERACTIVE,0.126,144.722
2026-01-03T07:54:16.997412Z,INTERACTIVE,0.137,153.073
2026-01-03T07:54:17.105635Z,INTERACTIVE,0.148,158.476
2026-01-03T07:54:17.214677Z,INTERACTIVE,0.158,163.884
2026-01-03T07:54:17.325003Z,INTERACTIVE,0.166,171.804
2026-01-03T07:54:17.449979Z,INTERACTIVE,0.176,176.834
2026-01-03T07:54:17.558445Z,INTERACTIVE,0.183,179.347
2026-01-03T07:54:17.683423Z,INTERACTIVE,0.189,181.862
2026-01-03T07:54:17.808397Z,INTERACTIVE,0.193,184.369
2026-01-03T07:54:17.917697Z,INTERACTIVE,0.195,184.415
2026-01-03T07:54:18.025980Z,INTERACTIVE,0.195,181.991
2026-01-03T07:54:18.136286Z,INTERACTIVE,0.194,182.062
2026-01-03T07:54:18.258390Z,INTERACTIVE,0.193,182.134
2026-01-03T07:54:18.382338Z,INTERACTIVE,0.194,182.207
2026-01-03T07:54:18.491725Z,INTERACTIVE,0.195,182.232
2026-01-03T07:54:18.614316Z,INTERACTIVE,0.196,184.727
2026-01-03T07:54:18.738594Z,INTERACTIVE,0.199,186.779
2026-01-03T07:54:18.849029Z,INTERACTIVE,0.202,186.711
2026-01-03T07:54:18.972477Z,INTERACTIVE,0.204,186.644
2026-01-03T07:54:19.095727Z,INTERACTIVE,0.216,186.578
2026-01-03T07:54:19.203621Z,INTERACTIVE,0.231,186.511
2026-01-03T07:54:19.311563Z,INTERACTIVE,0.252,184.402
2026-01-03T07:54:19.421536Z,INTERACTIVE,0.28,186.415
2026-01-03T07:54:19.517279Z,INTERACTIVE,0.315,188.426
2026-01-03T07:54:19.641234Z,INTERACTIVE,0.339,190.433
2026-01-03T07:54:19.748410Z,INTERACTIVE,0.356,192.437
2026-01-03T07:54:19.875323Z,INTERACTIVE,0.363,194.468
2026-01-03T07:54:19.983243Z,INTERACTIVE,0.36,194.499
2026-01-03T07:54:20.092422Z,INTERACTIVE,0.352,194.529
2026-01-03T07:54:20.217147Z,INTERACTIVE,0.346,192.393
2026-01-03T07:54:20.340636Z,INTERACTIVE,0.346,187.748
2026-01-03T07:54:20.464308Z,INTERACTIVE,0.358,185.543
2026-01-03T07:54:20.559588Z,INTERACTIVE,0.373,180.795
2026-01-03T07:54:20.750376Z,INTERACTIVE,0.391,173.508
2026-01-03T07:54:20.858292Z,INTERACTIVE,0.406,168.392
2026-01-03T07:54:20.965991Z,INTERACTIVE,0.42,167.75
2026-01-03T07:54:21.072887Z,INTERACTIVE,0.425,164.632
2026-01-03T07:54:21.199172Z,INTERACTIVE,0.426,164.055
2026-01-03T07:54:21.310209Z,INTERACTIVE,0.427,163.504
2026-01-03T07:54:21.434302Z,INTERACTIVE,0.429,162.951
2026-01-03T07:54:21.542574Z,INTERACTIVE,0.432,157.443
2026-01-03T07:54:21.667451Z,INTERACTIVE,0.436,151.935
2026-01-03T07:54:21.789998Z,INTERACTIVE,0.443,149.132
2026-01-03T07:54:21.915422Z,INTERACTIVE,0.449,151.524
2026-01-03T07:54:22.009714Z,INTERACTIVE,0.46,156.339
2026-01-03T07:54:22.134422Z,INTERACTIVE,0.471,161.749
2026-01-03T07:54:22.242106Z,INTERACTIVE,0.485,167.159
2026-01-03T07:54:22.366720Z,INTERACTIVE,0.498,169.863
2026-01-03T07:54:22.491245Z,INTERACTIVE,0.502,169.889
2026-01-03T07:54:22.601664Z,INTERACTIVE,0.5,167.491
2026-01-03T07:54:22.710184Z,INTERACTIVE,0.492,167.475
2026-01-03T07:54:22.834228Z,INTERACTIVE,0.476,165.109
2026-01-03T07:54:22.960175Z,INTERACTIVE,0.456,165.157
2026-01-03T07:54:23.083354Z,INTERACTIVE,0.446,167.736
2026-01-03T07:54:23.176999Z,INTERACTIVE,0.435,172.508
2026-01-03T07:54:23.303268Z,INTERACTIVE,0.429,175.082
2026-01-03T07:54:23.410576Z,INTERACTIVE,0.425,180.005
2026-01-03T07:54:23.519608Z,INTERACTIVE,0.424,182.513
2026-01-03T07:54:23.645294Z,INTERACTIVE,0.417,182.488
2026-01-03T07:54:23.769181Z,INTERACTIVE,0.408,182.545
2026-01-03T07:54:23.893346Z,INTERACTIVE,0.387,182.618
2026-01-03T07:54:24.017192Z,INTERACTIVE,0.363,182.69
2026-01-03T07:54:24.112207Z,INTERACTIVE,0.337,184.983
2026-01-03T07:54:24.221280Z,INTERACTIVE,0.313,189.589
2026-01-03T07:54:24.375860Z,INTERACTIVE,0.29,192.371
2026-01-03T07:54:24.498778Z,INTERACTIVE,0.279,197.352
2026-01-03T07:54:24.609038Z,INTERACTIVE,0.273,204.303
2026-01-03T07:54:24.734096Z,INTERACTIVE,0.268,209.034
2026-01-03T07:54:24.857143Z,INTERACTIVE,0.265,211.451
2026-01-03T07:54:24.983212Z,INTERACTIVE,0.264,215.488
2026-01-03T07:54:25.093117Z,INTERACTIVE,0.262,221.347
2026-01-03T07:54:25.217322Z,INTERACTIVE,0.26,223.621
2026-01-03T07:54:25.312257Z,INTERACTIVE,0.256,223.831
2026-01-03T07:54:25.437186Z,INTERACTIVE,0.248,222.185
2026-01-03T07:54:25.547437Z,INTERACTIVE,0.237,218.469
2026-01-03T07:54:25.670760Z,INTERACTIVE,0.224,212.93
2026-01-03T07:54:25.798211Z,INTERACTIVE,0.209,209.006
2026-01-03T07:54:25.938330Z,INTERACTIVE,0.195,207.147
2026-01-03T07:54:26.047315Z,INTERACTIVE,0.184,207.143
2026-01-03T07:54:26.156644Z,INTERACTIVE,0.173,207.142
2026-01-03T07:54:26.283740Z,INTERACTIVE,0.161,207.137
2026-01-03T07:54:26.393485Z,INTERACTIVE,0.147,205.07
2026-01-03T07:54:26.519183Z,INTERACTIVE,0.132,200.835
2026-01-03T07:54:26.629514Z,INTERACTIVE,0.118,194.185
2026-01-03T07:54:26.724262Z,INTERACTIVE,0.107,187.537
2026-01-03T07:54:26.846993Z,INTERACTIVE,0.1,180.892
2026-01-03T07:54:26.970424Z,INTERACTIVE,0.096,176.312
2026-01-03T07:54:27.094578Z,INTERACTIVE,0.095,173.898
2026-01-03T07:54:27.202395Z,INTERACTIVE,0.093,171.361
2026-01-03T07:54:27.309994Z,INTERACTIVE,0.092,168.822
2026-01-03T07:54:27.435198Z,INTERACTIVE,0.092,166.283
2026-01-03T07:54:27.559139Z,INTERACTIVE,0.091,160.887
2026-01-03T07:54:27.667324Z,INTERACTIVE,0.09,152.398
2026-01-03T07:54:27.763281Z,INTERACTIVE,0.088,142.889
2026-01-03T07:54:27.887220Z,INTERACTIVE,0.085,133.379
2026-01-03T07:54:28.012070Z,INTERACTIVE,0.082,119.873
2026-01-03T07:54:28.118251Z,INTERACTIVE,0.078,109.222
2026-01-03T07:54:28.229072Z,INTERACTIVE,0.074,101.667
2026-01-03T07:54:28.352048Z,INTERACTIVE,0.07,91.902
2026-01-03T07:54:28.446820Z,INTERACTIVE,0.065,69.716
2026-01-03T07:54:28.556105Z,PASSIVE,0.06,51.426
2026-01-03T07:54:28.679029Z,PASSIVE,0.055,33.06
2026-01-03T07:54:28.772697Z,PASSIVE,0.051,14.684
2026-01-03T07:54:28.898120Z,PASSIVE,0.048,2.068
2026-01-03T07:54:29.102349Z,PASSIVE,0.044,1.879
2026-01-03T07:54:29.196839Z,PASSIVE,0.042,1.793
2026-01-03T07:54:29.337965Z,PASSIVE,0.039,1.784
2026-01-03T07:54:29.463202Z,PASSIVE,0.038,1.784
2026-01-03T07:54:29.573252Z,PASSIVE,0.036,1.792
2026-01-03T07:54:29.697219Z,PASSIVE,0.036,1.793
2026-01-03T07:54:29.822193Z,PASSIVE,0.035,1.824
2026-01-03T07:54:29.932089Z,PASSIVE,0.035,1.857
2026-01-03T07:54:30.042176Z,PASSIVE,0.035,1.904
2026-01-03T07:54:30.167042Z,PASSIVE,0.033,1.975
2026-01-03T07:54:30.274873Z,PASSIVE,0.033,2.05
2026-01-03T07:54:30.382335Z,PASSIVE,0.032,2.072
2026-01-03T07:54:30.508089Z,PASSIVE,0.032,2.091
2026-01-03T07:54:30.603673Z,PASSIVE,0.033,2.289
2026-01-03T07:54:30.714327Z,PASSIVE,0.035,2.526
2026-01-03T07:54:30.824130Z,PASSIVE,0.037,2.75
2026-01-03T07:54:30.934665Z,INTERACTIVE,0.04,2.994
2026-01-03T07:54:31.063384Z,INTERACTIVE,0.044,3.279
2026-01-03T07:54:31.186274Z,INTERACTIVE,0.048,3.381
2026-01-03T07:54:31.310116Z,INTERACTIVE,0.052,3.422
2026-01-03T07:54:31.417473Z,INTERACTIVE,0.056,3.477
2026-01-03T07:54:31.542019Z,INTERACTIVE,0.059,3.532
2026-01-03T07:54:31.667353Z,INTERACTIVE,0.061,3.534
2026-01-03T07:54:31.775644Z,INTERACTIVE,0.063,3.536
2026-01-03T07:54:31.902115Z,INTERACTIVE,0.064,3.539
2026-01-03T07:54:32.013732Z,INTERACTIVE,0.064,3.54
2026-01-03T07:54:32.108190Z,INTERACTIVE,0.065,3.543
2026-01-03T07:54:32.235245Z,INTERACTIVE,0.065,3.605
2026-01-03T07:54:32.359079Z,INTERACTIVE,0.065,3.656
2026-01-03T07:54:32.482078Z,INTERACTIVE,0.066,3.706
2026-01-03T07:54:32.592599Z,INTERACTIVE,0.066,3.753
2026-01-03T07:54:32.716082Z,INTERACTIVE,0.067,3.791
2026-01-03T07:54:32.840954Z,INTERACTIVE,0.067,3.782
2026-01-03T07:54:32.966457Z,INTERACTIVE,0.067,3.776
2026-01-03T07:54:33.062991Z,INTERACTIVE,0.067,3.786
2026-01-03T07:54:33.189968Z,INTERACTIVE,0.067,3.88
2026-01-03T07:54:33.298426Z,INTERACTIVE,0.067,3.981
2026-01-03T07:54:33.425068Z,INTERACTIVE,0.068,4.067
2026-01-03T07:54:33.520426Z,INTERACTIVE,0.069,4.144
2026-01-03T07:54:33.647015Z,INTERACTIVE,0.071,4.206
2026-01-03T07:54:33.771202Z,INTERACTIVE,0.072,4.205
2026-01-03T07:54:33.891899Z,INTERACTIVE,0.074,4.261
2026-01-03T07:54:34.000080Z,INTERACTIVE,0.076,4.199
2026-01-03T07:54:34.110060Z,INTERACTIVE,0.077,4.109
2026-01-03T07:54:34.220380Z,INTERACTIVE,0.077,4.019
2026-01-03T07:54:34.345503Z,INTERACTIVE,0.077,3.918
2026-01-03T07:54:34.438963Z,INTERACTIVE,0.075,3.732
2026-01-03T07:54:34.564525Z,PASSIVE,0.071,3.655
2026-01-03T07:54:34.688048Z,PASSIVE,0.068,3.618
2026-01-03T07:54:34.796828Z,PASSIVE,0.065,3.571
2026-01-03T07:54:34.924399Z,PASSIVE,0.062,3.511
2026-01-03T07:54:35.019693Z,PASSIVE,0.06,3.525
2026-01-03T07:54:35.143078Z,PASSIVE,0.058,3.566
2026-01-03T07:54:35.265122Z,PASSIVE,0.057,3.601
2026-01-03T07:54:35.373207Z,PASSIVE,0.056,3.652
2026-01-03T07:54:35.482988Z,PASSIVE,0.055,3.701
2026-01-03T07:54:35.605081Z,PASSIVE,0.055,3.667
2026-01-03T07:54:35.713032Z,PASSIVE,0.055,3.633
2026-01-03T07:54:35.837988Z,PASSIVE,0.055,3.605
2026-01-03T07:54:35.947069Z,PASSIVE,0.054,3.573
2026-01-03T07:54:36.059720Z,PASSIVE,0.054,3.55
2026-01-03T07:54:36.182757Z,PASSIVE,0.053,3.561
2026-01-03T07:54:36.292368Z,PASSIVE,0.052,3.566
2026-01-03T07:54:36.479028Z,PASSIVE,0.052,3.533
2026-01-03T07:54:36.601518Z,PASSIVE,0.052,3.4
2026-01-03T07:54:36.708849Z,PASSIVE,0.052,3.3
2026-01-03T07:54:36.819264Z,PASSIVE,0.052,3.213
2026-01-03T07:54:36.939914Z,PASSIVE,0.052,3.129
2026-01-03T07:54:37.063146Z,PASSIVE,0.051,3.081
2026-01-03T07:54:37.186990Z,PASSIVE,0.05,3.189
2026-01-03T07:54:37.295734Z,PASSIVE,0.048,3.18
2026-01-03T07:54:37.404430Z,PASSIVE,0.045,3.155
2026-01-03T07:54:37.529094Z,PASSIVE,0.041,3.094
2026-01-03T07:54:37.762466Z,PASSIVE,0.039,3.022
2026-01-03T07:54:37.885136Z,PASSIVE,0.037,2.887
2026-01-03T07:54:38.010798Z,PASSIVE,0.036,2.843
2026-01-03T07:54:38.135883Z,PASSIVE,0.035,2.823
2026-01-03T07:54:38.260994Z,PASSIVE,0.035,2.822
2026-01-03T07:54:38.384112Z,PASSIVE,0.036,2.827
2026-01-03T07:54:38.495181Z,PASSIVE,0.036,2.841
2026-01-03T07:54:38.635827Z,PASSIVE,0.037,2.806
2026-01-03T07:54:38.745769Z,PASSIVE,0.038,2.744
2026-01-03T07:54:38.869653Z,PASSIVE,0.04,2.697
2026-01-03T07:54:38.980113Z,PASSIVE,0.041,2.637
2026-01-03T07:54:39.101867Z,PASSIVE,0.042,2.642
2026-01-03T07:54:39.227533Z,PASSIVE,0.043,2.686
2026-01-03T07:54:39.350562Z,PASSIVE,0.043,2.722
2026-01-03T07:54:39.475193Z,PASSIVE,0.043,2.765
2026-01-03T07:54:39.600530Z,PASSIVE,0.043,2.823
2026-01-03T07:54:39.725873Z,PASSIVE,0.044,2.819
2026-01-03T07:54:39.835091Z,PASSIVE,0.044,2.821
2026-01-03T07:54:39.960915Z,PASSIVE,0.044,2.837
2026-01-03T07:54:40.085029Z,PASSIVE,0.044,2.849
2026-01-03T07:54:40.193541Z,PASSIVE,0.044,2.863
2026-01-03T07:54:40.318730Z,PASSIVE,0.043,2.825
2026-01-03T07:54:40.459632Z,PASSIVE,0.041,2.776
2026-01-03T07:54:40.583298Z,PASSIVE,0.04,2.781
2026-01-03T07:54:40.708035Z,PASSIVE,0.04,2.789
2026-01-03T07:54:40.832564Z,PASSIVE,0.04,2.862
2026-01-03T07:54:40.943039Z,PASSIVE,0.042,2.993
2026-01-03T07:54:41.052667Z,PASSIVE,0.044,3.183
2026-01-03T07:54:41.175525Z,PASSIVE,0.049,3.32
2026-01-03T07:54:41.269955Z,PASSIVE,0.055,3.639
2026-01-03T07:54:41.411525Z,PASSIVE,0.062,3.906
2026-01-03T07:54:41.519729Z,PASSIVE,0.071,4.15
2026-01-03T07:54:41.643742Z,INTERACTIVE,0.082,4.338
2026-01-03T07:54:41.738116Z,INTERACTIVE,0.091,4.572
2026-01-03T07:54:41.863345Z,INTERACTIVE,0.1,4.615
2026-01-03T07:54:41.987933Z,INTERACTIVE,0.109,4.645
2026-01-03T07:54:42.082154Z,PASSIVE,0.121,4.68
2026-01-03T07:54:42.192769Z,PASSIVE,0.153,4.742
2026-01-03T07:54:42.288541Z,PASSIVE,0.192,4.785
2026-01-03T07:54:42.411549Z,PASSIVE,0.241,4.848
2026-01-03T07:54:42.536243Z,PASSIVE,0.298,4.85
2026-01-03T07:54:42.662963Z,PASSIVE,0.367,4.857
2026-01-03T07:54:42.788868Z,PASSIVE,0.427,4.86
2026-01-03T07:54:42.898094Z,PASSIVE,0.482,4.846
2026-01-03T07:54:43.007074Z,INTERACTIVE,0.533,4.826
2026-01-03T07:54:43.211500Z,INTERACTIVE,0.593,4.956
2026-01-03T07:54:43.318807Z,INTERACTIVE,0.641,5.261
2026-01-03T07:54:43.429379Z,INTERACTIVE,0.684,5.61
2026-01-03T07:54:43.538093Z,INTERACTIVE,0.745,6.018
2026-01-03T07:54:43.664854Z,INTERACTIVE,0.822,6.707
2026-01-03T07:54:43.789875Z,INTERACTIVE,0.915,7.731
2026-01-03T07:54:43.914786Z,INTERACTIVE,1.005,8.596
2026-01-03T07:54:44.009872Z,INTERACTIVE,1.092,9.474
2026-01-03T07:54:44.133408Z,INTERACTIVE,1.157,10.285
2026-01-03T07:54:44.244276Z,INTERACTIVE,1.199,10.8
2026-01-03T07:54:44.352739Z,INTERACTIVE,1.206,10.894
2026-01-03T07:54:44.446711Z,INTERACTIVE,1.209,10.97
2026-01-03T07:54:44.540719Z,INTERACTIVE,1.209,10.97
2026-01-03T07:54:44.648802Z,INTERACTIVE,1.209,10.97
2026-01-03T07:54:44.759064Z,INTERACTIVE,1.209,10.97
2026-01-03T07:54:44.870619Z,INTERACTIVE,1.209,10.97
2026-01-03T07:54:44.980766Z,INTERACTIVE,1.209,10.97
2026-01-03T07:54:45.087901Z,INTERACTIVE,1.209,10.97
2026-01-03T07:54:45.181670Z,INTERACTIVE,1.209,10.97
2026-01-03T07:54:45.290987Z,INTERACTIVE,1.209,10.97
2026-01-03T07:54:45.382178Z,INTERACTIVE,1.209,10.97
2026-01-03T07:54:45.505172Z,INTERACTIVE,1.209,10.97
2026-01-03T07:54:45.614808Z,INTERACTIVE,1.209,10.97
2026-01-03T07:54:45.725320Z,INTERACTIVE,1.209,10.97
2026-01-03T07:54:45.834111Z,INTERACTIVE,1.209,10.97
2026-01-03T07:54:45.957864Z,INTERACTIVE,1.209,10.97
2026-01-03T07:54:46.051977Z,INTERACTIVE,1.209,10.97
2026-01-03T07:54:46.194562Z,INTERACTIVE,1.444,11.416
2026-01-03T07:54:46.320535Z,INTERACTIVE,1.698,22.309
2026-01-03T07:54:46.430662Z,INTERACTIVE,1.98,33.202
2026-01-03T07:54:46.526400Z,INTERACTIVE,2.281,44.109
2026-01-03T07:54:46.651870Z,INTERACTIVE,2.601,55.012
2026-01-03T07:54:46.773794Z,INTERACTIVE,2.707,70.625
2026-01-03T07:54:46.902147Z,INTERACTIVE,2.811,75.797
2026-01-03T07:54:47.010784Z,INTERACTIVE,2.896,80.982
2026-01-03T07:54:47.135910Z,INTERACTIVE,2.973,89.964
2026-01-03T07:54:47.259928Z,INTERACTIVE,3.032,102.692
2026-01-03T07:54:47.371810Z,INTERACTIVE,3.072,112.942
2026-01-03T07:54:47.478885Z,INTERACTIVE,3.096,123.183
2026-01-03T07:54:47.601984Z,INTERACTIVE,3.108,133.413
2026-01-03T07:54:47.723930Z,INTERACTIVE,3.105,142.524
2026-01-03T07:54:47.846985Z,INTERACTIVE,3.096,147.893
2026-01-03T07:54:47.971632Z,INTERACTIVE,3.082,150.586
2026-01-03T07:54:48.095679Z,INTERACTIVE,3.063,153.281
2026-01-03T07:54:48.191445Z,INTERACTIVE,3.05,155.974
2026-01-03T07:54:48.317458Z,INTERACTIVE,3.044,155.98
2026-01-03T07:54:48.440799Z,INTERACTIVE,3.049,155.989
2026-01-03T07:54:48.564828Z,INTERACTIVE,3.058,155.997
2026-01-03T07:54:48.751526Z,INTERACTIVE,3.057,156.002
2026-01-03T07:54:48.862722Z,INTERACTIVE,3.056,156.008
2026-01-03T07:54:48.984960Z,INTERACTIVE,3.063,156.008
2026-01-03T07:54:49.079596Z,INTERACTIVE,3.049,156.002
2026-01-03T07:54:49.189863Z,INTERACTIVE,3.023,155.98
2026-01-03T07:54:49.316924Z,INTERACTIVE,2.983,155.937
2026-01-03T07:54:49.439877Z,INTERACTIVE,2.938,155.894
2026-01-03T07:54:49.561829Z,INTERACTIVE,2.882,155.844
2026-01-03T07:54:49.686166Z,INTERACTIVE,2.604,155.764
2026-01-03T07:54:49.811198Z,INTERACTIVE,2.323,152.749
2026-01-03T07:54:49.933734Z,INTERACTIVE,2.046,149.757
2026-01-03T07:54:50.059129Z,INTERACTIVE,1.754,146.778
2026-01-03T07:54:50.180828Z,INTERACTIVE,1.445,143.805
2026-01-03T07:54:50.303909Z,INTERACTIVE,1.348,138.04
2026-01-03T07:54:50.415609Z,INTERACTIVE,1.248,135.23
2026-01-03T07:54:50.540729Z,INTERACTIVE,1.164,132.412
2026-01-03T07:54:50.665599Z,INTERACTIVE,1.091,126.104
2026-01-03T07:54:50.789490Z,INTERACTIVE,1.035,115.514
2026-01-03T07:54:50.897229Z,INTERACTIVE,1.0,102.628
2026-01-03T07:54:51.009030Z,INTERACTIVE,0.979,89.714
2026-01-03T07:54:51.117957Z,INTERACTIVE,0.964,76.806
2026-01-03T07:54:51.242979Z,INTERACTIVE,0.938,56.678
2026-01-03T07:54:51.366467Z,INTERACTIVE,0.909,40.844
2026-01-03T07:54:51.488802Z,INTERACTIVE,0.877,30.117
2026-01-03T07:54:51.584099Z,INTERACTIVE,0.852,19.519
2026-01-03T07:54:51.709686Z,INTERACTIVE,0.808,8.926
2026-01-03T07:54:51.819084Z,INTERACTIVE,0.769,8.983
2026-01-03T07:54:51.944857Z,INTERACTIVE,0.723,8.987
2026-01-03T07:54:52.068720Z,INTERACTIVE,0.676,9.004
2026-01-03T07:54:52.177625Z,INTERACTIVE,0.622,8.931
2026-01-03T07:54:52.287405Z,INTERACTIVE,0.58,8.754
2026-01-03T07:54:52.410778Z,INTERACTIVE,0.535,8.585
2026-01-03T07:54:52.506170Z,INTERACTIVE,0.493,8.458
2026-01-03T07:54:52.630865Z,INTERACTIVE,0.448,8.333
2026-01-03T07:54:52.739441Z,INTERACTIVE,0.399,8.193
2026-01-03T07:54:53.021171Z,INTERACTIVE,0.359,8.152
2026-01-03T07:54:53.113728Z,INTERACTIVE,0.334,8.174
2026-01-03T07:54:53.235634Z,INTERACTIVE,0.318,8.19
2026-01-03T07:54:53.357776Z,INTERACTIVE,0.308,8.141
2026-01-03T07:54:53.452971Z,INTERACTIVE,0.305,8.091
2026-01-03T07:54:53.563514Z,INTERACTIVE,0.302,7.995
2026-01-03T07:54:53.687924Z,INTERACTIVE,0.295,7.638
2026-01-03T07:54:53.797715Z,INTERACTIVE,0.291,7.27
2026-01-03T07:54:53.923427Z,INTERACTIVE,0.286,6.708
2026-01-03T07:54:54.032089Z,INTERACTIVE,0.282,6.157
2026-01-03T07:54:54.157757Z,INTERACTIVE,0.276,5.646
2026-01-03T07:54:54.265488Z,INTERACTIVE,0.281,5.451
2026-01-03T07:54:54.390602Z,INTERACTIVE,0.289,5.268
2026-01-03T07:54:54.498179Z,INTERACTIVE,0.301,5.377
2026-01-03T07:54:54.606694Z,INTERACTIVE,0.314,5.501
2026-01-03T07:54:54.730723Z,INTERACTIVE,0.333,5.634
2026-01-03T07:54:54.840750Z,INTERACTIVE,0.344,5.774
2026-01-03T07:54:54.949671Z,INTERACTIVE,0.351,5.917
2026-01-03T07:54:55.075492Z,INTERACTIVE,0.348,5.827
2026-01-03T07:54:55.182546Z,INTERACTIVE,0.344,5.762
2026-01-03T07:54:55.291983Z,INTERACTIVE,0.336,5.81
2026-01-03T07:54:55.415944Z,INTERACTIVE,0.328,5.777
2026-01-03T07:54:55.525704Z,INTERACTIVE,0.322,5.746
2026-01-03T07:54:55.619800Z,INTERACTIVE,0.321,5.912
2026-01-03T07:54:55.744800Z,INTERACTIVE,0.321,6.028
2026-01-03T07:54:55.854173Z,INTERACTIVE,0.322,6.029
2026-01-03T07:54:55.978910Z,INTERACTIVE,0.325,6.015
2026-01-03T07:54:56.103786Z,INTERACTIVE,0.325,6.014
2026-01-03T07:54:56.229127Z,INTERACTIVE,0.325,6.154
2026-01-03T07:54:56.352727Z,INTERACTIVE,0.325,6.298
2026-01-03T07:54:56.474919Z,INTERACTIVE,0.324,6.416
2026-01-03T07:54:56.598945Z,INTERACTIVE,0.325,6.548
2026-01-03T07:54:56.723288Z,INTERACTIVE,0.326,6.698
2026-01-03T07:54:56.847802Z,INTERACTIVE,0.328,6.715
2026-01-03T07:54:56.955571Z,INTERACTIVE,0.328,6.727
2026-01-03T07:54:57.081644Z,INTERACTIVE,0.33,6.751
2026-01-03T07:54:57.206850Z,INTERACTIVE,0.332,6.779
2026-01-03T07:54:57.330431Z,INTERACTIVE,0.335,6.798
2026-01-03T07:54:57.453523Z,INTERACTIVE,0.337,6.807
2026-01-03T07:54:57.548187Z,INTERACTIVE,0.342,6.824
2026-01-03T07:54:57.673791Z,INTERACTIVE,0.335,6.816
2026-01-03T07:54:57.798434Z,INTERACTIVE,0.323,6.812
2026-01-03T07:54:58.000621Z,INTERACTIVE,0.31,6.77
2026-01-03T07:54:58.109073Z,INTERACTIVE,0.296,6.716
2026-01-03T07:54:58.235797Z,INTERACTIVE,0.28,6.658
2026-01-03T07:54:58.357631Z,INTERACTIVE,0.272,6.553
2026-01-03T07:54:58.483815Z,INTERACTIVE,0.264,6.44
2026-01-03T07:54:58.592594Z,INTERACTIVE,0.256,6.323
2026-01-03T07:54:58.716889Z,INTERACTIVE,0.253,6.174
2026-01-03T07:54:58.825916Z,INTERACTIVE,0.251,5.89
2026-01-03T07:54:58.950589Z,INTERACTIVE,0.252,5.691
2026-01-03T07:54:59.058177Z,INTERACTIVE,0.252,5.488
2026-01-03T07:54:59.182206Z,INTERACTIVE,0.255,5.291
2026-01-03T07:54:59.305639Z,INTERACTIVE,0.252,5.165
2026-01-03T07:54:59.430626Z,INTERACTIVE,0.25,5.245
2026-01-03T07:54:59.525956Z,INTERACTIVE,0.25,5.331
2026-01-03T07:54:59.649834Z,INTERACTIVE,0.252,5.433
2026-01-03T07:54:59.774722Z,INTERACTIVE,0.257,5.371
2026-01-03T07:54:59.898277Z,INTERACTIVE,0.263,5.296
2026-01-03T07:55:00.020372Z,INTERACTIVE,0.27,5.099
2026-01-03T07:55:00.143785Z,INTERACTIVE,0.273,4.919
2026-01-03T07:55:00.254150Z,INTERACTIVE,0.274,4.638
2026-01-03T07:55:00.378814Z,INTERACTIVE,0.268,4.511
2026-01-03T07:55:00.488519Z,INTERACTIVE,0.265,4.376
2026-01-03T07:55:00.615111Z,INTERACTIVE,0.261,4.313
2026-01-03T07:55:00.739776Z,INTERACTIVE,0.257,4.234
2026-01-03T07:55:00.862961Z,INTERACTIVE,0.252,4.255
2026-01-03T07:55:00.985680Z,INTERACTIVE,0.249,4.34
2026-01-03T07:55:01.079155Z,INTERACTIVE,0.242,4.399
2026-01-03T07:55:01.203843Z,INTERACTIVE,0.236,4.465
2026-01-03T07:55:01.330746Z,INTERACTIVE,0.233,4.63
2026-01-03T07:55:01.456590Z,INTERACTIVE,0.236,4.782
2026-01-03T07:55:01.563338Z,INTERACTIVE,0.242,5.168
2026-01-03T07:55:01.705884Z,INTERACTIVE,0.259,16.499
2026-01-03T07:55:01.829237Z,INTERACTIVE,0.28,27.796
2026-01-03T07:55:01.940149Z,INTERACTIVE,0.303,44.718
2026-01-03T07:55:02.047526Z,INTERACTIVE,0.32,61.644
2026-01-03T07:55:02.158874Z,INTERACTIVE,0.334,78.294
2026-01-03T07:55:02.358737Z,INTERACTIVE,0.341,84.024
2026-01-03T07:55:02.484259Z,INTERACTIVE,0.344,89.755
2026-01-03T07:55:02.609282Z,INTERACTIVE,0.346,89.758
2026-01-03T07:55:02.703681Z,INTERACTIVE,0.345,89.762
2026-01-03T07:55:02.831385Z,INTERACTIVE,0.348,89.765
2026-01-03T07:55:02.971177Z,INTERACTIVE,0.347,89.763
2026-01-03T07:55:03.095539Z,INTERACTIVE,0.343,89.76
2026-01-03T07:55:03.217734Z,INTERACTIVE,0.337,89.758
2026-01-03T07:55:03.359353Z,INTERACTIVE,0.33,89.751
2026-01-03T07:55:03.485332Z,INTERACTIVE,0.321,89.744
2026-01-03T07:55:03.608500Z,INTERACTIVE,0.312,89.742
2026-01-03T07:55:03.717046Z,INTERACTIVE,0.304,89.741
2026-01-03T07:55:03.840999Z,INTERACTIVE,0.295,89.739
2026-01-03T07:55:03.980945Z,INTERACTIVE,0.289,89.738
2026-01-03T07:55:04.105080Z,INTERACTIVE,0.281,89.738
2026-01-03T07:55:04.215818Z,INTERACTIVE,0.273,89.739
2026-01-03T07:55:04.341267Z,INTERACTIVE,0.269,89.741
2026-01-03T07:55:04.464699Z,INTERACTIVE,0.267,89.742
2026-01-03T07:55:04.588441Z,INTERACTIVE,0.265,89.741
2026-01-03T07:55:04.730059Z,INTERACTIVE,0.264,89.74
2026-01-03T07:55:04.854428Z,INTERACTIVE,0.264,89.739
2026-01-03T07:55:04.980094Z,INTERACTIVE,0.26,89.73
2026-01-03T07:55:05.149638Z,INTERACTIVE,0.246,89.722
2026-01-03T07:55:05.273559Z,INTERACTIVE,0.233,89.698
2026-01-03T07:55:05.395750Z,INTERACTIVE,0.211,84.536
2026-01-03T07:55:05.521402Z,PASSIVE,0.185,79.372
2026-01-03T07:55:05.660977Z,PASSIVE,0.16,62.322
2026-01-03T07:55:05.801138Z,PASSIVE,0.145,45.27
2026-01-03T07:55:05.927682Z,PASSIVE,0.129,28.213
2026-01-03T07:55:06.051846Z,PASSIVE,0.12,16.294
2026-01-03T07:55:06.222356Z,PASSIVE,0.113,4.376
2026-01-03T07:55:06.364613Z,PASSIVE,0.108,4.338
2026-01-03T07:55:06.489663Z,PASSIVE,0.101,4.24
2026-01-03T07:55:06.614510Z,PASSIVE,0.097,4.168
2026-01-03T07:55:06.709398Z,PASSIVE,0.096,4.109
2026-01-03T07:55:06.834387Z,PASSIVE,0.099,4.109
2026-01-03T07:55:07.023461Z,PASSIVE,0.108,15.778
2026-01-03T07:55:07.165080Z,PASSIVE,0.116,33.306
2026-01-03T07:55:07.289156Z,PASSIVE,0.125,54.96
2026-01-03T07:55:07.398768Z,PASSIVE,0.133,80.251
2026-01-03T07:55:07.522241Z,PASSIVE,0.14,105.482
2026-01-03T07:55:07.663335Z,PASSIVE,0.141,119.056
2026-01-03T07:55:07.849626Z,PASSIVE,0.143,126.834
2026-01-03T07:55:08.008202Z,PASSIVE,0.145,130.482
2026-01-03T07:55:08.147302Z,PASSIVE,0.147,130.48
2026-01-03T07:55:08.270970Z,PASSIVE,0.145,130.476
2026-01-03T07:55:08.410021Z,PASSIVE,0.142,130.471
2026-01-03T07:55:08.518616Z,PASSIVE,0.138,130.467
2026-01-03T07:55:08.630445Z,PASSIVE,0.134,133.492
2026-01-03T07:55:08.753653Z,PASSIVE,0.131,136.526
2026-01-03T07:55:08.877415Z,INTERACTIVE,0.13,139.563
2026-01-03T07:55:09.000602Z,INTERACTIVE,0.131,142.6
2026-01-03T07:55:09.124555Z,PASSIVE,0.131,145.636
2026-01-03T07:55:09.248980Z,PASSIVE,0.133,145.644
2026-01-03T07:55:09.391194Z,PASSIVE,0.135,145.651
2026-01-03T07:55:09.549768Z,PASSIVE,0.136,145.653
2026-01-03T07:55:09.690553Z,PASSIVE,0.135,145.653
2026-01-03T07:55:09.846460Z,PASSIVE,0.135,148.616
2026-01-03T07:55:09.987362Z,INTERACTIVE,0.135,151.579
2026-01-03T07:55:10.142387Z,INTERACTIVE,0.138,154.538
2026-01-03T07:55:10.266205Z,INTERACTIVE,0.142,157.503
2026-01-03T07:55:10.407588Z,INTERACTIVE,0.147,160.472
2026-01-03T07:55:10.545613Z,INTERACTIVE,0.152,160.478
2026-01-03T07:55:10.702416Z,INTERACTIVE,0.156,160.482
2026-01-03T07:55:10.825063Z,INTERACTIVE,0.153,160.484
2026-01-03T07:55:10.933952Z,INTERACTIVE,0.145,157.759
2026-01-03T07:55:11.075570Z,INTERACTIVE,0.136,152.029
2026-01-03T07:55:11.262068Z,INTERACTIVE,0.128,142.636
2026-01-03T07:55:11.480480Z,INTERACTIVE,0.12,129.24
2026-01-03T07:55:11.619987Z,INTERACTIVE,0.116,115.846
2026-01-03T07:55:11.764331Z,INTERACTIVE,0.116,105.176
2026-01-03T07:55:11.887824Z,INTERACTIVE,0.117,97.512
2026-01-03T07:55:12.012473Z,PASSIVE,0.119,93.51
2026-01-03T07:55:12.139847Z,INTERACTIVE,0.123,93.512
2026-01-03T07:55:12.261786Z,PASSIVE,0.125,93.517
2026-01-03T07:55:12.478976Z,PASSIVE,0.128,93.527
2026-01-03T07:55:12.602045Z,PASSIVE,0.13,93.541
2026-01-03T07:55:12.727043Z,PASSIVE,0.132,87.945
2026-01-03T07:55:12.852204Z,PASSIVE,0.13,82.353
2026-01-03T07:55:12.976230Z,PASSIVE,0.128,76.749
2026-01-03T07:55:13.101990Z,LECTURING,0.126,71.135
2026-01-03T07:55:13.227029Z,LECTURING,0.126,65.513
2026-01-03T07:55:13.349164Z,LECTURING,0.125,65.508
2026-01-03T07:55:13.473459Z,LECTURING,0.123,65.5
2026-01-03T07:55:13.598319Z,LECTURING,0.122,65.51
2026-01-03T07:55:13.722570Z,PASSIVE,0.121,65.508
2026-01-03T07:55:13.846285Z,PASSIVE,0.117,53.48
2026-01-03T07:55:13.971424Z,PASSIVE,0.115,41.443
2026-01-03T07:55:14.095363Z,PASSIVE,0.112,29.465
2026-01-03T07:55:14.203598Z,PASSIVE,0.109,28.937
2026-01-03T07:55:14.313492Z,PASSIVE,0.107,34.326
2026-01-03T07:55:14.437230Z,PASSIVE,0.105,51.741
2026-01-03T07:55:14.560968Z,PASSIVE,0.104,73.234
2026-01-03T07:55:14.686342Z,PASSIVE,0.105,98.341
2026-01-03T07:55:14.794580Z,PASSIVE,0.107,114.987
2026-01-03T07:55:15.158461Z,LECTURING,0.109,125.732
2026-01-03T07:55:15.728926Z,LECTURING,0.111,136.478
2026-01-03T07:55:16.227943Z,LECTURING,0.111,143.145
2026-01-03T07:55:16.835655Z,LECTURING,0.114,148.907
2026-01-03T07:55:17.409424Z,LECTURING,0.116,151.673
2026-01-03T07:55:17.969076Z,PASSIVE,0.117,156.928
2026-01-03T07:55:18.168255Z,PASSIVE,0.119,162.192
2026-01-03T07:55:18.277551Z,PASSIVE,0.121,167.456
2026-01-03T07:55:18.398868Z,PASSIVE,0.119,169.948
2026-01-03T07:55:18.538345Z,PASSIVE,0.118,172.441
2026-01-03T07:55:18.738809Z,PASSIVE,0.117,172.439
2026-01-03T07:55:18.865469Z,PASSIVE,0.117,172.43
2026-01-03T07:55:19.003098Z,PASSIVE,0.118,172.421
2026-01-03T07:55:19.143897Z,PASSIVE,0.118,172.412
2026-01-03T07:55:19.269417Z,PASSIVE,0.12,174.968
2026-01-03T07:55:19.392355Z,PASSIVE,0.12,177.53
2026-01-03T07:55:19.516356Z,PASSIVE,0.121,180.093
2026-01-03T07:55:19.640065Z,PASSIVE,0.122,182.658
2026-01-03T07:55:19.780595Z,PASSIVE,0.122,185.225
2026-01-03T07:55:19.904351Z,PASSIVE,0.124,187.45
2026-01-03T07:55:20.030230Z,PASSIVE,0.126,189.675
2026-01-03T07:55:20.156801Z,PASSIVE,0.126,194.158
2026-01-03T07:55:20.281806Z,PASSIVE,0.124,200.63
2026-01-03T07:55:20.406552Z,PASSIVE,0.123,205.252
2026-01-03T07:55:20.529343Z,PASSIVE,0.119,207.658
2026-01-03T07:55:20.653566Z,PASSIVE,0.117,212.043
2026-01-03T07:55:20.775432Z,LECTURING,0.114,212.217
2026-01-03T07:55:20.899735Z,LECTURING,0.115,208.188
2026-01-03T07:55:21.026627Z,LECTURING,0.114,203.853
2026-01-03T07:55:21.152047Z,LECTURING,0.113,199.509
2026-01-03T07:55:21.275831Z,PASSIVE,0.113,193.185
2026-01-03T07:55:21.400663Z,PASSIVE,0.114,188.814
2026-01-03T07:55:21.525792Z,PASSIVE,0.11,184.311
2026-01-03T07:55:21.666433Z,PASSIVE,0.108,181.965
2026-01-03T07:55:21.790191Z,PASSIVE,0.106,179.641
2026-01-03T07:55:21.916272Z,PASSIVE,0.104,177.32
2026-01-03T07:55:22.041427Z,PASSIVE,0.103,177.47
2026-01-03T07:55:22.165437Z,PASSIVE,0.106,182.157
2026-01-03T07:55:22.289488Z,PASSIVE,0.108,189.047
2026-01-03T07:55:22.415398Z,PASSIVE,0.111,195.913
2026-01-03T07:55:22.539793Z,PASSIVE,0.113,202.777
2026-01-03T07:55:22.683613Z,PASSIVE,0.117,207.17
2026-01-03T07:55:22.806299Z,PASSIVE,0.119,211.314
2026-01-03T07:55:22.931480Z,PASSIVE,0.122,211.248
2026-01-03T07:55:23.055298Z,PASSIVE,0.124,213.186
2026-01-03T07:55:23.274155Z,PASSIVE,0.125,215.124
2026-01-03T07:55:23.397770Z,PASSIVE,0.126,219.028
2026-01-03T07:55:23.522630Z,PASSIVE,0.128,220.994
2026-01-03T07:55:23.645579Z,PASSIVE,0.13,222.935
2026-01-03T07:55:23.770563Z,PASSIVE,0.134,222.872
2026-01-03T07:55:23.895377Z,PASSIVE,0.138,220.813
2026-01-03T07:55:24.020563Z,PASSIVE,0.139,214.57
2026-01-03T07:55:24.144560Z,PASSIVE,0.141,208.325
2026-01-03T07:55:24.268385Z,PASSIVE,0.141,201.864
2026-01-03T07:55:24.393005Z,PASSIVE,0.14,192.904
2026-01-03T07:55:24.531072Z,PASSIVE,0.14,185.938
2026-01-03T07:55:24.654200Z,PASSIVE,0.138,181.189
2026-01-03T07:55:24.777756Z,INTERACTIVE,0.138,176.443
2026-01-03T07:55:24.918314Z,INTERACTIVE,0.138,173.943
2026-01-03T07:55:25.042040Z,INTERACTIVE,0.139,173.942
2026-01-03T07:55:25.150857Z,INTERACTIVE,0.14,173.943
2026-01-03T07:55:25.275259Z,INTERACTIVE,0.141,173.94
2026-01-03T07:55:25.383351Z,LECTURING,0.141,173.935
2026-01-03T07:55:25.506262Z,LECTURING,0.141,171.433
2026-01-03T07:55:25.616288Z,LECTURING,0.137,168.932
2026-01-03T07:55:25.740910Z,LECTURING,0.135,163.534
2026-01-03T07:55:25.866752Z,LECTURING,0.133,155.105
2026-01-03T07:55:25.993893Z,LECTURING,0.133,143.016
2026-01-03T07:55:26.102793Z,LECTURING,0.131,133.421
2026-01-03T07:55:26.228502Z,LECTURING,0.132,123.827
2026-01-03T07:55:26.352170Z,LECTURING,0.133,117.129
2026-01-03T07:55:26.491155Z,LECTURING,0.133,113.381
2026-01-03T07:55:26.599593Z,LECTURING,0.132,116.865
2026-01-03T07:55:26.726247Z,PASSIVE,0.132,120.188
2026-01-03T07:55:26.853588Z,PASSIVE,0.133,123.512
2026-01-03T07:55:26.978283Z,PASSIVE,0.131,123.202
2026-01-03T07:55:27.102143Z,PASSIVE,0.128,122.973
2026-01-03T07:55:27.305346Z,PASSIVE,0.124,122.87
2026-01-03T07:55:27.431225Z,PASSIVE,0.119,122.927
2026-01-03T07:55:27.572004Z,PASSIVE,0.113,122.986
2026-01-03T07:55:27.694094Z,PASSIVE,0.112,126.676
2026-01-03T07:55:27.802425Z,PASSIVE,0.109,130.369
2026-01-03T07:55:27.912521Z,PASSIVE,0.111,130.367
2026-01-03T07:55:28.022961Z,PASSIVE,0.112,130.365
2026-01-03T07:55:28.148022Z,PASSIVE,0.113,130.362
2026-01-03T07:55:28.291366Z,PASSIVE,0.113,130.362
2026-01-03T07:55:35.820736Z,PASSIVE,0.104,133.466
2026-01-03T07:55:35.945106Z,PASSIVE,0.092,136.569
2026-01-03T07:55:36.115540Z,PASSIVE,0.08,142.567
2026-01-03T07:55:36.225467Z,PASSIVE,0.067,148.566
2026-01-03T07:55:36.349994Z,PASSIVE,0.059,154.513
2026-01-03T07:55:36.458736Z,PASSIVE,0.062,157.358
2026-01-03T07:55:36.582632Z,PASSIVE,0.072,160.208
2026-01-03T07:55:36.676541Z,PASSIVE,0.085,160.163
2026-01-03T07:55:36.787333Z,PASSIVE,0.101,160.118
2026-01-03T07:55:36.914987Z,PASSIVE,0.113,157.139
2026-01-03T07:55:37.022978Z,PASSIVE,0.126,154.155
2026-01-03T07:55:37.146992Z,PASSIVE,0.135,151.17
2026-01-03T07:55:37.271932Z,PASSIVE,0.141,148.185
2026-01-03T07:55:37.398999Z,PASSIVE,0.146,145.203
2026-01-03T07:55:37.524645Z,INTERACTIVE,0.151,145.203
2026-01-03T07:55:37.691197Z,INTERACTIVE,0.154,142.237
2026-01-03T07:55:37.853698Z,INTERACTIVE,0.155,139.271
2026-01-03T07:55:37.947480Z,INTERACTIVE,0.16,136.304
2026-01-03T07:55:38.072928Z,INTERACTIVE,0.166,133.336
2026-01-03T07:55:38.182868Z,INTERACTIVE,0.172,130.373
2026-01-03T07:55:38.293974Z,INTERACTIVE,0.18,130.379
2026-01-03T07:55:38.419022Z,INTERACTIVE,0.19,130.385
2026-01-03T07:55:38.528896Z,INTERACTIVE,0.198,130.391
2026-01-03T07:55:38.654223Z,INTERACTIVE,0.204,130.397
2026-01-03T07:55:38.764257Z,INTERACTIVE,0.209,126.84
2026-01-03T07:55:38.889944Z,INTERACTIVE,0.211,123.284
2026-01-03T07:55:38.984273Z,INTERACTIVE,0.214,115.724
2026-01-03T07:55:39.109878Z,INTERACTIVE,0.215,108.163
2026-01-03T07:55:39.236217Z,INTERACTIVE,0.217,100.602
2026-01-03T07:55:39.359797Z,INTERACTIVE,0.221,96.6
2026-01-03T07:55:39.483835Z,INTERACTIVE,0.228,92.595
2026-01-03T07:55:39.605987Z,INTERACTIVE,0.234,86.97
2026-01-03T07:55:39.714865Z,INTERACTIVE,0.241,81.34
2026-01-03T07:55:39.824638Z,INTERACTIVE,0.243,63.829
2026-01-03T07:55:39.934340Z,INTERACTIVE,0.242,46.251
2026-01-03T07:55:40.042730Z,INTERACTIVE,0.236,28.585
2026-01-03T07:55:40.150566Z,INTERACTIVE,0.225,16.479
2026-01-03T07:55:40.257625Z,PASSIVE,0.21,4.378
2026-01-03T07:55:40.382319Z,PASSIVE,0.199,4.154
2026-01-03T07:55:40.476915Z,PASSIVE,0.188,3.962
2026-01-03T07:55:40.586945Z,PASSIVE,0.179,3.857
2026-01-03T07:55:40.696776Z,PASSIVE,0.173,3.826
2026-01-03T07:55:40.822942Z,PASSIVE,0.168,3.787
2026-01-03T07:55:40.946833Z,PASSIVE,0.164,3.775
2026-01-03T07:55:41.055801Z,PASSIVE,0.161,3.794
2026-01-03T07:55:41.151552Z,PASSIVE,0.159,3.805
2026-01-03T07:55:41.277195Z,PASSIVE,0.157,3.813
2026-01-03T07:55:41.401809Z,PASSIVE,0.152,3.825
2026-01-03T07:55:41.511538Z,PASSIVE,0.147,3.655
2026-01-03T07:55:41.619242Z,PASSIVE,0.14,3.485
2026-01-03T07:55:41.730842Z,PASSIVE,0.13,3.322
2026-01-03T07:55:41.838914Z,PASSIVE,0.121,3.114
2026-01-03T07:55:41.963765Z,PASSIVE,0.115,2.918
2026-01-03T07:55:42.071777Z,PASSIVE,0.11,2.871
2026-01-03T07:55:42.197730Z,PASSIVE,0.107,2.824
2026-01-03T07:55:42.306462Z,PASSIVE,0.104,2.772
2026-01-03T07:55:42.432937Z,PASSIVE,0.103,2.759
2026-01-03T07:55:42.541331Z,PASSIVE,0.102,2.74
2026-01-03T07:55:42.664730Z,PASSIVE,0.099,2.716
2026-01-03T07:55:42.790720Z,PASSIVE,0.095,2.701
2026-01-03T07:55:42.913786Z,PASSIVE,0.091,2.69
2026-01-03T07:55:43.008019Z,PASSIVE,0.087,2.687
2026-01-03T07:55:43.132407Z,PASSIVE,0.083,2.694
2026-01-03T07:55:43.226273Z,PASSIVE,0.083,2.735
2026-01-03T07:55:43.349842Z,PASSIVE,0.084,2.796
2026-01-03T07:55:43.459988Z,PASSIVE,0.091,3.091
2026-01-03T07:55:43.585863Z,PASSIVE,0.103,3.39
2026-01-03T07:55:43.710265Z,PASSIVE,0.121,3.671
2026-01-03T07:55:43.847843Z,INTERACTIVE,0.141,4.003
2026-01-03T07:55:43.972043Z,INTERACTIVE,0.162,4.307
2026-01-03T07:55:44.084251Z,INTERACTIVE,0.178,4.374
2026-01-03T07:55:44.192991Z,INTERACTIVE,0.192,4.445
2026-01-03T07:55:44.317653Z,INTERACTIVE,0.198,4.507
2026-01-03T07:55:44.442947Z,INTERACTIVE,0.207,4.517
2026-01-03T07:55:44.616464Z,INTERACTIVE,0.22,4.865
2026-01-03T07:55:44.740132Z,INTERACTIVE,0.242,16.513
2026-01-03T07:55:44.879755Z,INTERACTIVE,0.269,33.614
2026-01-03T07:55:45.019380Z,INTERACTIVE,0.296,54.601
2026-01-03T07:55:45.145609Z,INTERACTIVE,0.322,75.573
2026-01-03T07:55:45.255458Z,INTERACTIVE,0.344,96.212
2026-01-03T07:55:45.378717Z,INTERACTIVE,0.363,105.579
2026-01-03T07:55:45.503689Z,INTERACTIVE,0.376,109.476
2026-01-03T07:55:45.629575Z,INTERACTIVE,0.392,109.498
2026-01-03T07:55:45.739166Z,INTERACTIVE,0.404,109.509
2026-01-03T07:55:45.863933Z,INTERACTIVE,0.415,113.289
2026-01-03T07:55:45.988038Z,INTERACTIVE,0.421,117.043
2026-01-03T07:55:46.112112Z,INTERACTIVE,0.427,120.803
2026-01-03T07:55:46.236745Z,INTERACTIVE,0.432,124.573
2026-01-03T07:55:46.362381Z,INTERACTIVE,0.437,128.349
2026-01-03T07:55:46.486047Z,INTERACTIVE,0.443,128.358
2026-01-03T07:55:46.597942Z,INTERACTIVE,0.45,128.367
2026-01-03T07:55:46.721012Z,INTERACTIVE,0.456,128.375
2026-01-03T07:55:46.829796Z,INTERACTIVE,0.459,128.379
2026-01-03T07:55:46.940999Z,INTERACTIVE,0.463,128.382
2026-01-03T07:55:47.067431Z,INTERACTIVE,0.459,128.379
2026-01-03T07:55:47.176834Z,INTERACTIVE,0.451,128.377
2026-01-03T07:55:47.299737Z,INTERACTIVE,0.435,128.374
2026-01-03T07:55:47.408521Z,INTERACTIVE,0.417,128.364
2026-01-03T07:55:47.532890Z,INTERACTIVE,0.399,128.355
2026-01-03T07:55:47.672009Z,INTERACTIVE,0.383,128.351
2026-01-03T07:55:47.796894Z,INTERACTIVE,0.37,128.347
2026-01-03T07:55:47.922933Z,INTERACTIVE,0.364,128.344
2026-01-03T07:55:48.049027Z,INTERACTIVE,0.355,128.343
2026-01-03T07:55:48.175892Z,INTERACTIVE,0.339,128.329
2026-01-03T07:55:48.300744Z,INTERACTIVE,0.317,124.825
2026-01-03T07:55:48.425102Z,INTERACTIVE,0.289,117.468
2026-01-03T07:55:48.533237Z,INTERACTIVE,0.262,104.846
2026-01-03T07:55:48.657735Z,INTERACTIVE,0.237,92.225
2026-01-03T07:55:48.799356Z,INTERACTIVE,0.219,79.603
2026-01-03T07:55:48.938932Z,INTERACTIVE,0.205,70.476
2026-01-03T07:55:49.063878Z,PASSIVE,0.195,65.193
2026-01-03T07:55:49.173447Z,PASSIVE,0.182,65.163
2026-01-03T07:55:49.299201Z,PASSIVE,0.173,65.122
2026-01-03T07:55:49.421975Z,PASSIVE,0.164,53.132
2026-01-03T07:55:49.531065Z,PASSIVE,0.159,41.13
2026-01-03T07:55:49.656843Z,PASSIVE,0.153,29.128
2026-01-03T07:55:49.766714Z,PASSIVE,0.146,16.95
2026-01-03T07:55:49.876340Z,PASSIVE,0.14,4.734
2026-01-03T07:55:50.081100Z,PASSIVE,0.132,4.482
2026-01-03T07:55:50.235685Z,PASSIVE,0.123,4.237
2026-01-03T07:55:50.357639Z,PASSIVE,0.115,3.999
2026-01-03T07:55:50.480912Z,PASSIVE,0.109,3.808
2026-01-03T07:55:50.592433Z,PASSIVE,0.103,3.66
2026-01-03T07:55:50.854727Z,PASSIVE,0.099,3.454
2026-01-03T07:55:51.008707Z,PASSIVE,0.096,3.261
2026-01-03T07:55:51.131726Z,PASSIVE,0.095,3.122
2026-01-03T07:55:51.289184Z,PASSIVE,0.096,3.118
2026-01-03T07:55:51.413195Z,PASSIVE,0.098,3.12
2026-01-03T07:55:51.521915Z,PASSIVE,0.099,3.193
2026-01-03T07:55:51.631516Z,PASSIVE,0.101,3.286
2026-01-03T07:55:51.754570Z,PASSIVE,0.101,3.344
2026-01-03T07:55:51.865178Z,PASSIVE,0.103,3.421
2026-01-03T07:55:52.022753Z,PASSIVE,0.106,15.711
2026-01-03T07:55:52.209253Z,PASSIVE,0.108,27.991
2026-01-03T07:55:52.378796Z,PASSIVE,0.108,40.245
2026-01-03T07:55:52.521096Z,PASSIVE,0.111,52.502
2026-01-03T07:55:52.645079Z,PASSIVE,0.114,64.738
2026-01-03T07:55:52.757351Z,PASSIVE,0.113,64.749
2026-01-03T07:55:52.877975Z,PASSIVE,0.111,64.762
2026-01-03T07:55:53.002574Z,PASSIVE,0.111,64.753
2026-01-03T07:55:53.126054Z,PASSIVE,0.107,64.723
2026-01-03T07:55:53.268957Z,PASSIVE,0.105,64.7
2026-01-03T07:55:53.407896Z,PASSIVE,0.104,64.692
2026-01-03T07:55:53.517513Z,PASSIVE,0.106,64.675
2026-01-03T07:55:53.642286Z,PASSIVE,0.108,70.277
2026-01-03T07:55:53.766566Z,PASSIVE,0.111,75.884
2026-01-03T07:55:53.935215Z,PASSIVE,0.112,81.49
2026-01-03T07:55:54.079843Z,PASSIVE,0.114,87.094
2026-01-03T07:55:54.282663Z,PASSIVE,0.115,92.705
2026-01-03T07:55:54.420679Z,PASSIVE,0.116,92.706
2026-01-03T07:55:54.560715Z,PASSIVE,0.116,92.708
2026-01-03T07:55:54.672530Z,PASSIVE,0.116,92.708
2026-01-03T07:55:54.796519Z,PASSIVE,0.115,92.708
2026-01-03T07:55:54.935036Z,PASSIVE,0.114,92.706
2026-01-03T07:55:55.061700Z,PASSIVE,0.112,92.704
2026-01-03T07:55:55.171799Z,PASSIVE,0.11,92.703
2026-01-03T07:55:55.295342Z,PASSIVE,0.107,92.702
2026-01-03T07:55:55.419980Z,PASSIVE,0.107,92.703
2026-01-03T07:55:55.545419Z,PASSIVE,0.107,92.703
2026-01-03T07:55:55.669660Z,PASSIVE,0.109,92.705
2026-01-03T07:55:55.825463Z,PASSIVE,0.11,92.705
2026-01-03T07:55:55.933121Z,PASSIVE,0.109,87.042
2026-01-03T07:55:56.057113Z,PASSIVE,0.107,81.375
2026-01-03T07:55:56.215971Z,PASSIVE,0.107,75.719
2026-01-03T07:55:56.339646Z,PASSIVE,0.105,70.083
2026-01-03T07:55:56.479381Z,PASSIVE,0.106,64.446
2026-01-03T07:55:56.621120Z,PASSIVE,0.11,64.463
2026-01-03T07:55:56.744387Z,PASSIVE,0.113,64.484
2026-01-03T07:55:56.869777Z,PASSIVE,0.115,64.493
2026-01-03T07:55:56.994248Z,PASSIVE,0.117,64.481
2026-01-03T07:55:57.132225Z,PASSIVE,0.116,64.47
2026-01-03T07:55:57.257447Z,PASSIVE,0.113,64.469
2026-01-03T07:55:57.397513Z,PASSIVE,0.11,64.458
2026-01-03T07:55:57.522848Z,PASSIVE,0.107,52.269
2026-01-03T07:55:57.647536Z,PASSIVE,0.104,40.091
2026-01-03T07:55:57.770551Z,PASSIVE,0.103,27.895
2026-01-03T07:55:57.913167Z,PASSIVE,0.102,15.7
2026-01-03T07:55:58.118617Z,PASSIVE,0.105,3.499
2026-01-03T07:55:58.241831Z,PASSIVE,0.108,3.478
2026-01-03T07:55:58.364912Z,PASSIVE,0.111,3.444
2026-01-03T07:55:58.489678Z,PASSIVE,0.115,3.437
2026-01-03T07:55:58.614811Z,PASSIVE,0.12,3.454
2026-01-03T07:55:58.740435Z,PASSIVE,0.123,3.509
2026-01-03T07:55:58.862985Z,PASSIVE,0.125,3.575
2026-01-03T07:55:58.990045Z,PASSIVE,0.126,3.601
2026-01-03T07:55:59.112628Z,PASSIVE,0.126,15.699
2026-01-03T07:55:59.238563Z,PASSIVE,0.124,33.379
2026-01-03T07:55:59.428054Z,PASSIVE,0.121,51.036
2026-01-03T07:55:59.567911Z,PASSIVE,0.121,68.687
2026-01-03T07:55:59.707461Z,PASSIVE,0.121,86.379
2026-01-03T07:55:59.833446Z,PASSIVE,0.123,91.989
2026-01-03T07:55:59.957665Z,PASSIVE,0.128,91.993
2026-01-03T07:56:00.083912Z,PASSIVE,0.131,91.996
2026-01-03T07:56:00.254455Z,PASSIVE,0.13,91.993
2026-01-03T07:56:00.470872Z,PASSIVE,0.131,91.99
2026-01-03T07:56:00.660361Z,PASSIVE,0.129,91.988
2026-01-03T07:56:00.813950Z,PASSIVE,0.125,91.987
2026-01-03T07:56:00.937597Z,PASSIVE,0.124,91.987
2026-01-03T07:56:01.062227Z,PASSIVE,0.125,91.989
2026-01-03T07:56:01.204233Z,PASSIVE,0.126,91.992
2026-01-03T07:56:01.330537Z,PASSIVE,0.127,91.998
2026-01-03T07:56:01.453572Z,PASSIVE,0.129,92.006
2026-01-03T07:56:01.576653Z,PASSIVE,0.13,92.016
2026-01-03T07:56:01.714985Z,PASSIVE,0.13,92.03
2026-01-03T07:56:01.902854Z,PASSIVE,0.129,92.043
2026-01-03T07:56:02.028605Z,PASSIVE,0.128,92.061
2026-01-03T07:56:02.151630Z,PASSIVE,0.125,92.077
2026-01-03T07:56:02.278157Z,PASSIVE,0.12,92.09
2026-01-03T07:56:02.402079Z,PASSIVE,0.116,92.103
2026-01-03T07:56:02.526855Z,PASSIVE,0.111,92.116
2026-01-03T07:56:02.651690Z,INTERACTIVE,0.105,92.12
2026-01-03T07:56:02.777383Z,INTERACTIVE,0.104,92.124
2026-01-03T07:56:02.900502Z,INTERACTIVE,0.105,92.127
2026-01-03T07:56:03.009232Z,INTERACTIVE,0.107,92.127
2026-01-03T07:56:03.120500Z,INTERACTIVE,0.108,86.573
2026-01-03T07:56:03.241733Z,INTERACTIVE,0.111,69.385
2026-01-03T07:56:03.367436Z,INTERACTIVE,0.112,52.231
2026-01-03T07:56:03.491128Z,INTERACTIVE,0.112,35.024
2026-01-03T07:56:03.616128Z,INTERACTIVE,0.114,17.815
2026-01-03T07:56:03.724427Z,INTERACTIVE,0.118,6.222
2026-01-03T07:56:03.848538Z,INTERACTIVE,0.121,6.27
2026-01-03T07:56:03.942846Z,INTERACTIVE,0.13,6.388
2026-01-03T07:56:04.052849Z,INTERACTIVE,0.138,6.575
2026-01-03T07:56:04.162918Z,INTERACTIVE,0.141,6.769
2026-01-03T07:56:04.273514Z,INTERACTIVE,0.143,6.9
2026-01-03T07:56:04.399555Z,INTERACTIVE,0.145,7.007
2026-01-03T07:56:04.493912Z,INTERACTIVE,0.143,7.008
2026-01-03T07:56:04.648499Z,INTERACTIVE,0.142,6.998
2026-01-03T07:56:04.786130Z,INTERACTIVE,0.143,6.981
2026-01-03T07:56:04.925175Z,INTERACTIVE,0.145,6.941
2026-01-03T07:56:05.047624Z,INTERACTIVE,0.147,6.869
2026-01-03T07:56:05.159281Z,INTERACTIVE,0.149,6.744
2026-01-03T07:56:05.283868Z,INTERACTIVE,0.15,6.563
2026-01-03T07:56:05.406888Z,INTERACTIVE,0.15,6.388
2026-01-03T07:56:05.530432Z,INTERACTIVE,0.149,6.098
2026-01-03T07:56:05.651393Z,INTERACTIVE,0.15,5.87
2026-01-03T07:56:05.775188Z,INTERACTIVE,0.15,5.689
2026-01-03T07:56:05.900377Z,INTERACTIVE,0.15,5.516
2026-01-03T07:56:06.039005Z,INTERACTIVE,0.15,5.334
2026-01-03T07:56:06.165663Z,INTERACTIVE,0.15,5.275
2026-01-03T07:56:06.414429Z,INTERACTIVE,0.148,5.17
2026-01-03T07:56:06.538441Z,INTERACTIVE,0.144,5.073
2026-01-03T07:56:06.663478Z,INTERACTIVE,0.141,5.013
2026-01-03T07:56:06.787018Z,INTERACTIVE,0.14,4.983
2026-01-03T07:56:06.911683Z,INTERACTIVE,0.139,4.989
2026-01-03T07:56:07.023516Z,INTERACTIVE,0.139,4.988
2026-01-03T07:56:07.144661Z,INTERACTIVE,0.138,4.967
2026-01-03T07:56:07.270248Z,INTERACTIVE,0.136,4.957
2026-01-03T07:56:07.394956Z,INTERACTIVE,0.13,4.862
2026-01-03T07:56:07.518628Z,INTERACTIVE,0.124,4.769
2026-01-03T07:56:07.656439Z,PASSIVE,0.114,4.544
2026-01-03T07:56:07.781008Z,PASSIVE,0.107,4.316
2026-01-03T07:56:07.921629Z,PASSIVE,0.101,4.072
2026-01-03T07:56:08.044681Z,PASSIVE,0.099,3.886
2026-01-03T07:56:08.141451Z,PASSIVE,0.097,3.689
2026-01-03T07:56:08.265218Z,PASSIVE,0.099,3.623
2026-01-03T07:56:08.389880Z,PASSIVE,0.099,3.583
2026-01-03T07:56:08.514462Z,PASSIVE,0.097,3.558
2026-01-03T07:56:08.636967Z,PASSIVE,0.095,3.508
2026-01-03T07:56:08.762457Z,PASSIVE,0.093,3.453
2026-01-03T07:56:08.857159Z,PASSIVE,0.093,3.43
2026-01-03T07:56:08.982164Z,PASSIVE,0.094,3.402
2026-01-03T07:56:09.106832Z,PASSIVE,0.096,3.364
2026-01-03T07:56:09.217368Z,PASSIVE,0.098,3.368
2026-01-03T07:56:09.341241Z,PASSIVE,0.098,3.402
2026-01-03T07:56:09.466115Z,PASSIVE,0.098,3.444
2026-01-03T07:56:09.591535Z,PASSIVE,0.098,3.522
2026-01-03T07:56:09.712507Z,PASSIVE,0.097,3.606
2026-01-03T07:56:09.838411Z,PASSIVE,0.099,3.676
2026-01-03T07:56:09.963105Z,PASSIVE,0.101,3.743
2026-01-03T07:56:10.089322Z,PASSIVE,0.103,3.81
2026-01-03T07:56:10.213226Z,PASSIVE,0.105,3.84
2026-01-03T07:56:10.366812Z,PASSIVE,0.106,3.821
2026-01-03T07:56:10.508155Z,PASSIVE,0.107,3.817
2026-01-03T07:56:10.633835Z,PASSIVE,0.109,3.809
2026-01-03T07:56:10.775456Z,PASSIVE,0.112,3.796
2026-01-03T07:56:10.913347Z,PASSIVE,0.115,3.779
2026-01-03T07:56:11.051973Z,PASSIVE,0.118,3.794
2026-01-03T07:56:11.177471Z,PASSIVE,0.118,3.75
2026-01-03T07:56:11.300499Z,PASSIVE,0.116,3.701
2026-01-03T07:56:11.425000Z,PASSIVE,0.113,3.664
2026-01-03T07:56:11.564926Z,PASSIVE,0.111,3.637
2026-01-03T07:56:11.674757Z,PASSIVE,0.109,3.723
2026-01-03T07:56:11.784292Z,PASSIVE,0.106,3.841
2026-01-03T07:56:11.924123Z,PASSIVE,0.105,3.95
2026-01-03T07:56:12.077472Z,PASSIVE,0.103,4.038
2026-01-03T07:56:12.200625Z,PASSIVE,0.102,4.143
2026-01-03T07:56:12.342248Z,PASSIVE,0.1,4.152
2026-01-03T07:56:12.466291Z,PASSIVE,0.1,4.208
2026-01-03T07:56:12.589187Z,PASSIVE,0.099,4.263
2026-01-03T07:56:12.794239Z,PASSIVE,0.099,4.329
2026-01-03T07:56:12.919491Z,PASSIVE,0.099,4.419
2026-01-03T07:56:13.045484Z,PASSIVE,0.1,4.498
2026-01-03T07:56:13.172313Z,PASSIVE,0.099,4.489
2026-01-03T07:56:13.281855Z,PASSIVE,0.099,4.466
2026-01-03T07:56:13.436467Z,PASSIVE,0.1,4.482
2026-01-03T07:56:13.561889Z,PASSIVE,0.102,4.459
2026-01-03T07:56:13.673391Z,PASSIVE,0.102,4.446
2026-01-03T07:56:13.797352Z,PASSIVE,0.101,4.446
2026-01-03T07:56:13.924010Z,PASSIVE,0.101,4.448
2026-01-03T07:56:14.048773Z,PASSIVE,0.101,4.436
2026-01-03T07:56:14.172330Z,PASSIVE,0.1,4.43
2026-01-03T07:56:14.295222Z,PASSIVE,0.099,4.495
2026-01-03T07:56:14.389792Z,PASSIVE,0.097,4.577
2026-01-03T07:56:14.515220Z,PASSIVE,0.096,4.733
2026-01-03T07:56:14.654844Z,PASSIVE,0.094,4.905
2026-01-03T07:56:14.780200Z,PASSIVE,0.092,5.068
2026-01-03T07:56:14.888075Z,PASSIVE,0.093,5.163
2026-01-03T07:56:15.012125Z,PASSIVE,0.094,5.255
2026-01-03T07:56:15.137099Z,PASSIVE,0.093,5.271
2026-01-03T07:56:15.262271Z,PASSIVE,0.092,5.25
2026-01-03T07:56:15.401010Z,PASSIVE,0.09,5.159
2026-01-03T07:56:15.524315Z,PASSIVE,0.088,5.072
2026-01-03T07:56:15.649510Z,PASSIVE,0.086,5.002
2026-01-03T07:56:15.773288Z,PASSIVE,0.086,4.941
2026-01-03T07:56:15.882060Z,PASSIVE,0.086,4.849
2026-01-03T07:56:15.991717Z,PASSIVE,0.087,4.825
2026-01-03T07:56:16.085682Z,PASSIVE,0.087,4.769
2026-01-03T07:56:16.209529Z,PASSIVE,0.087,4.7
2026-01-03T07:56:16.332435Z,PASSIVE,0.087,4.635
2026-01-03T07:56:16.456156Z,PASSIVE,0.086,4.648
2026-01-03T07:56:16.568147Z,PASSIVE,0.088,4.678
2026-01-03T07:56:16.692182Z,PASSIVE,0.091,16.765
2026-01-03T07:56:16.786209Z,PASSIVE,0.094,34.502
2026-01-03T07:56:16.910248Z,PASSIVE,0.099,52.229
2026-01-03T07:56:17.017307Z,PASSIVE,0.103,69.904
2026-01-03T07:56:17.125284Z,PASSIVE,0.104,87.564
2026-01-03T07:56:17.252310Z,PASSIVE,0.11,93.195
2026-01-03T07:56:17.375634Z,PASSIVE,0.113,93.194
2026-01-03T07:56:17.503649Z,PASSIVE,0.118,93.197
2026-01-03T07:56:17.628380Z,PASSIVE,0.124,93.201
2026-01-03T07:56:17.750199Z,PASSIVE,0.131,93.2
2026-01-03T07:56:17.861181Z,PASSIVE,0.133,93.199
2026-01-03T07:56:17.985205Z,PASSIVE,0.135,93.194
2026-01-03T07:56:18.111220Z,PASSIVE,0.135,93.189
2026-01-03T07:56:18.300465Z,PASSIVE,0.134,93.182
2026-01-03T07:56:18.425833Z,PASSIVE,0.133,93.178
2026-01-03T07:56:18.549260Z,PASSIVE,0.132,93.175
2026-01-03T07:56:18.659296Z,PASSIVE,0.135,93.175
2026-01-03T07:56:18.769740Z,PASSIVE,0.14,93.175
2026-01-03T07:56:18.879581Z,PASSIVE,0.146,97.194
2026-01-03T07:56:18.988192Z,PASSIVE,0.153,101.218
2026-01-03T07:56:19.110483Z,PASSIVE,0.16,105.254
2026-01-03T07:56:19.232939Z,PASSIVE,0.166,109.29
2026-01-03T07:56:19.389801Z,PASSIVE,0.172,113.322
2026-01-03T07:56:19.544384Z,PASSIVE,0.175,116.953
2026-01-03T07:56:19.761800Z,PASSIVE,0.177,120.579
2026-01-03T07:56:19.889488Z,PASSIVE,0.179,124.194
2026-01-03T07:56:20.029081Z,PASSIVE,0.181,127.809
2026-01-03T07:56:20.273423Z,PASSIVE,0.184,131.426
2026-01-03T07:56:20.396989Z,PASSIVE,0.187,134.492
2026-01-03T07:56:20.522381Z,PASSIVE,0.19,134.538
2026-01-03T07:56:20.664241Z,INTERACTIVE,0.192,130.952
2026-01-03T07:56:20.773068Z,INTERACTIVE,0.192,127.367
2026-01-03T07:56:20.898948Z,INTERACTIVE,0.191,127.462
2026-01-03T07:56:21.026604Z,INTERACTIVE,0.191,127.537
2026-01-03T07:56:21.166228Z,INTERACTIVE,0.188,130.634
2026-01-03T07:56:21.291309Z,INTERACTIVE,0.185,137.364
2026-01-03T07:56:21.416216Z,INTERACTIVE,0.181,144.096
2026-01-03T07:56:21.569862Z,INTERACTIVE,0.173,150.053
2026-01-03T07:56:21.694436Z,INTERACTIVE,0.166,152.961
2026-01-03T07:56:21.819454Z,INTERACTIVE,0.164,155.866
2026-01-03T07:56:21.943134Z,INTERACTIVE,0.163,158.77
2026-01-03T07:56:22.051485Z,INTERACTIVE,0.167,161.669
2026-01-03T07:56:22.178399Z,INTERACTIVE,0.172,161.668
2026-01-03T07:56:22.285586Z,INTERACTIVE,0.177,161.667
2026-01-03T07:56:22.413122Z,INTERACTIVE,0.18,161.668
2026-01-03T07:56:22.538265Z,INTERACTIVE,0.18,161.668
2026-01-03T07:56:22.663413Z,INTERACTIVE,0.177,161.669
2026-01-03T07:56:22.771685Z,INTERACTIVE,0.172,158.8
2026-01-03T07:56:22.898094Z,INTERACTIVE,0.17,155.938
2026-01-03T07:56:23.068832Z,INTERACTIVE,0.166,153.079
2026-01-03T07:56:23.224413Z,INTERACTIVE,0.165,150.221
2026-01-03T07:56:23.366087Z,INTERACTIVE,0.164,147.35
2026-01-03T07:56:23.493744Z,INTERACTIVE,0.166,144.379
2026-01-03T07:56:23.618785Z,INTERACTIVE,0.166,141.4
2026-01-03T07:56:23.742762Z,INTERACTIVE,0.166,138.419
2026-01-03T07:56:23.867329Z,INTERACTIVE,0.164,135.436
2026-01-03T07:56:23.992774Z,INTERACTIVE,0.162,132.466
2026-01-03T07:56:24.117098Z,INTERACTIVE,0.159,128.768
2026-01-03T07:56:24.255763Z,INTERACTIVE,0.155,125.076
2026-01-03T07:56:24.381396Z,INTERACTIVE,0.151,121.38
2026-01-03T07:56:24.569912Z,INTERACTIVE,0.149,117.685
2026-01-03T07:56:24.816247Z,INTERACTIVE,0.147,109.91
2026-01-03T07:56:24.940912Z,INTERACTIVE,0.146,100.113
2026-01-03T07:56:25.064580Z,INTERACTIVE,0.145,90.313
2026-01-03T07:56:25.192238Z,INTERACTIVE,0.145,80.518
2026-01-03T07:56:25.333854Z,INTERACTIVE,0.145,70.733
2026-01-03T07:56:25.459518Z,INTERACTIVE,0.146,52.916
2026-01-03T07:56:25.614422Z,INTERACTIVE,0.147,40.823
2026-01-03T07:56:25.741212Z,INTERACTIVE,0.144,28.744
2026-01-03T07:56:25.865758Z,INTERACTIVE,0.139,16.668
2026-01-03T07:56:25.991367Z,INTERACTIVE,0.132,4.582
2026-01-03T07:56:26.117026Z,INTERACTIVE,0.123,4.622
2026-01-03T07:56:26.256385Z,INTERACTIVE,0.116,4.66
2026-01-03T07:56:26.380372Z,INTERACTIVE,0.112,4.679
2026-01-03T07:56:26.504613Z,INTERACTIVE,0.11,4.697
2026-01-03T07:56:26.631025Z,INTERACTIVE,0.113,4.759
2026-01-03T07:56:26.757900Z,INTERACTIVE,0.117,4.864
2026-01-03T07:56:26.882459Z,INTERACTIVE,0.119,4.917
2026-01-03T07:56:27.006111Z,INTERACTIVE,0.122,4.974
2026-01-03T07:56:27.129185Z,INTERACTIVE,0.123,5.03
2026-01-03T07:56:27.270785Z,INTERACTIVE,0.125,17.11
2026-01-03T07:56:27.380994Z,INTERACTIVE,0.129,34.816
2026-01-03T07:56:27.506652Z,INTERACTIVE,0.134,52.575
2026-01-03T07:56:27.628274Z,PASSIVE,0.139,70.334
2026-01-03T07:56:27.768521Z,PASSIVE,0.145,88.091
2026-01-03T07:56:27.950025Z,PASSIVE,0.149,93.78
2026-01-03T07:56:28.076051Z,PASSIVE,0.149,93.78
2026-01-03T07:56:28.184830Z,PASSIVE,0.151,93.785
2026-01-03T07:56:28.321463Z,PASSIVE,0.152,93.786
2026-01-03T07:56:28.444936Z,INTERACTIVE,0.151,93.788
2026-01-03T07:56:28.566006Z,INTERACTIVE,0.149,93.791
2026-01-03T07:56:28.689581Z,INTERACTIVE,0.149,93.787
2026-01-03T07:56:28.812374Z,INTERACTIVE,0.149,93.78
2026-01-03T07:56:28.936020Z,INTERACTIVE,0.147,93.772
2026-01-03T07:56:29.059832Z,INTERACTIVE,0.146,93.764
2026-01-03T07:56:29.182213Z,INTERACTIVE,0.145,93.755
2026-01-03T07:58:55.345304Z,INTERACTIVE,0.14,93.831
2026-01-03T07:58:55.469398Z,INTERACTIVE,0.134,93.905
2026-01-03T07:58:55.610021Z,PASSIVE,0.129,93.98
2026-01-03T07:58:55.733810Z,PASSIVE,0.123,94.056
2026-01-03T07:58:55.828862Z,PASSIVE,0.118,94.132
2026-01-03T07:58:55.949444Z,PASSIVE,0.116,94.13
2026-01-03T07:58:56.043478Z,PASSIVE,0.114,94.127
2026-01-03T07:58:56.165471Z,PASSIVE,0.113,88.417
2026-01-03T07:58:56.259835Z,INTERACTIVE,0.114,70.259
2026-01-03T07:58:56.368743Z,INTERACTIVE,0.116,52.114
2026-01-03T07:58:56.493535Z,INTERACTIVE,0.117,33.973
2026-01-03T07:58:56.588042Z,INTERACTIVE,0.118,15.846
2026-01-03T07:58:56.713834Z,INTERACTIVE,0.119,3.438
2026-01-03T07:58:56.836729Z,INTERACTIVE,0.119,3.434
2026-01-03T07:58:56.947415Z,INTERACTIVE,0.117,3.415
2026-01-03T07:58:57.055463Z,INTERACTIVE,0.116,3.375
2026-01-03T07:58:57.165221Z,INTERACTIVE,0.115,3.343
2026-01-03T07:58:57.274209Z,INTERACTIVE,0.115,3.299
2026-01-03T07:58:57.398445Z,INTERACTIVE,0.115,3.308
2026-01-03T07:58:57.507361Z,INTERACTIVE,0.116,3.325
2026-01-03T07:58:57.617325Z,INTERACTIVE,0.116,3.404
2026-01-03T07:58:57.727139Z,INTERACTIVE,0.116,3.478
2026-01-03T07:58:57.836585Z,INTERACTIVE,0.115,3.553
2026-01-03T07:58:57.944334Z,INTERACTIVE,0.111,3.595
2026-01-03T07:58:58.067432Z,INTERACTIVE,0.106,3.592
2026-01-03T07:58:58.176368Z,PASSIVE,0.1,3.516
2026-01-03T07:58:58.285110Z,PASSIVE,0.095,3.37
2026-01-03T07:58:58.394984Z,PASSIVE,0.089,3.223
2026-01-03T07:58:58.490672Z,PASSIVE,0.083,3.099
2026-01-03T07:58:58.618591Z,PASSIVE,0.078,3.017
2026-01-03T07:58:58.741424Z,PASSIVE,0.074,2.963
2026-01-03T07:58:58.850868Z,PASSIVE,0.067,2.966
2026-01-03T07:58:58.945653Z,PASSIVE,0.063,2.966
2026-01-03T07:58:59.069586Z,PASSIVE,0.062,3.011
2026-01-03T07:58:59.166097Z,PASSIVE,0.063,3.074
2026-01-03T07:58:59.292159Z,PASSIVE,0.066,3.175
2026-01-03T07:58:59.402554Z,PASSIVE,0.071,3.286
2026-01-03T07:58:59.512048Z,PASSIVE,0.073,3.344
2026-01-03T07:58:59.623371Z,PASSIVE,0.076,3.416
2026-01-03T07:58:59.733185Z,PASSIVE,0.082,3.461
2026-01-03T07:58:59.857565Z,INTERACTIVE,0.084,3.456
2026-01-03T07:58:59.966842Z,PASSIVE,0.086,3.43
2026-01-03T07:59:00.089507Z,PASSIVE,0.092,3.537
2026-01-03T07:59:00.215739Z,PASSIVE,0.097,3.585
2026-01-03T07:59:00.310274Z,PASSIVE,0.1,3.66
2026-01-03T07:59:00.419514Z,PASSIVE,0.102,3.737
2026-01-03T07:59:00.541392Z,PASSIVE,0.106,3.818
2026-01-03T07:59:00.664063Z,PASSIVE,0.108,3.822
2026-01-03T07:59:00.789541Z,PASSIVE,0.119,3.932
2026-01-03T07:59:00.882558Z,PASSIVE,0.13,4.027
2026-01-03T07:59:01.006500Z,PASSIVE,0.143,4.189
2026-01-03T07:59:01.113432Z,PASSIVE,0.154,4.357
2026-01-03T07:59:01.238602Z,PASSIVE,0.166,4.524
2026-01-03T07:59:01.362621Z,PASSIVE,0.171,4.585
2026-01-03T07:59:01.472550Z,PASSIVE,0.175,4.64
2026-01-03T07:59:01.583755Z,PASSIVE,0.178,4.712
2026-01-03T07:59:01.707130Z,PASSIVE,0.182,4.784
2026-01-03T07:59:01.831506Z,PASSIVE,0.186,4.901
2026-01-03T07:59:01.939894Z,PASSIVE,0.19,5.018
2026-01-03T07:59:02.047678Z,PASSIVE,0.194,5.15
2026-01-03T07:59:02.169352Z,PASSIVE,0.2,5.205
2026-01-03T07:59:02.293586Z,PASSIVE,0.204,5.273
2026-01-03T07:59:02.400385Z,INTERACTIVE,0.212,5.307
2026-01-03T07:59:02.538048Z,INTERACTIVE,0.218,17.314
2026-01-03T07:59:02.662461Z,INTERACTIVE,0.22,34.846
2026-01-03T07:59:02.769097Z,INTERACTIVE,0.219,52.392
2026-01-03T07:59:02.893950Z,INTERACTIVE,0.219,69.925
2026-01-03T07:59:03.020610Z,INTERACTIVE,0.214,87.447
2026-01-03T07:59:03.146393Z,INTERACTIVE,0.207,92.997
2026-01-03T07:59:03.329977Z,INTERACTIVE,0.206,93.007
2026-01-03T07:59:03.422376Z,INTERACTIVE,0.208,93.008
2026-01-03T07:59:03.531839Z,INTERACTIVE,0.211,93.006
2026-01-03T07:59:03.655773Z,INTERACTIVE,0.217,93.008
2026-01-03T07:59:03.781463Z,INTERACTIVE,0.225,93.011
2026-01-03T07:59:03.907429Z,INTERACTIVE,0.231,93.014
2026-01-03T07:59:04.000886Z,INTERACTIVE,0.235,93.017
2026-01-03T07:59:04.125884Z,INTERACTIVE,0.239,93.02
2026-01-03T07:59:04.234025Z,INTERACTIVE,0.236,93.021
2026-01-03T07:59:04.359692Z,INTERACTIVE,0.232,93.023
2026-01-03T07:59:04.467288Z,INTERACTIVE,0.227,93.021
2026-01-03T07:59:04.562873Z,INTERACTIVE,0.222,93.02
2026-01-03T07:59:04.686204Z,INTERACTIVE,0.213,93.019
2026-01-03T07:59:04.824793Z,INTERACTIVE,0.21,93.018
2026-01-03T07:59:04.950163Z,INTERACTIVE,0.207,93.017
2026-01-03T07:59:05.058061Z,INTERACTIVE,0.204,93.015
2026-01-03T07:59:05.167461Z,INTERACTIVE,0.2,93.013
2026-01-03T07:59:05.275420Z,INTERACTIVE,0.196,93.008
2026-01-03T07:59:05.398383Z,INTERACTIVE,0.193,93.003
2026-01-03T07:59:05.522352Z,INTERACTIVE,0.193,92.997
2026-01-03T07:59:05.629296Z,INTERACTIVE,0.191,92.996
2026-01-03T07:59:05.753297Z,INTERACTIVE,0.19,92.994
2026-01-03T07:59:05.877224Z,INTERACTIVE,0.185,92.996
2026-01-03T07:59:06.002886Z,INTERACTIVE,0.182,87.275
2026-01-03T07:59:06.112016Z,INTERACTIVE,0.176,69.874
2026-01-03T07:59:06.236123Z,INTERACTIVE,0.172,52.33
2026-01-03T07:59:06.344039Z,INTERACTIVE,0.168,34.747
2026-01-03T07:59:06.466612Z,INTERACTIVE,0.169,17.203
2026-01-03T07:59:06.589396Z,INTERACTIVE,0.17,5.396
2026-01-03T07:59:06.683311Z,INTERACTIVE,0.168,5.306
2026-01-03T07:59:06.792440Z,INTERACTIVE,0.163,5.355
2026-01-03T07:59:06.903272Z,INTERACTIVE,0.156,5.414
2026-01-03T07:59:07.010407Z,INTERACTIVE,0.147,5.378
2026-01-03T07:59:07.138064Z,PASSIVE,0.139,5.318
2026-01-03T07:59:07.247775Z,PASSIVE,0.132,5.206
2026-01-03T07:59:07.372440Z,PASSIVE,0.125,5.101
2026-01-03T07:59:07.481167Z,PASSIVE,0.12,5.026
2026-01-03T07:59:07.590872Z,PASSIVE,0.112,4.904
2026-01-03T07:59:07.713940Z,PASSIVE,0.105,4.73
2026-01-03T07:59:07.839693Z,PASSIVE,0.097,4.572
2026-01-03T07:59:07.962271Z,PASSIVE,0.091,4.398
2026-01-03T07:59:08.073132Z,PASSIVE,0.087,4.214
2026-01-03T07:59:08.196951Z,PASSIVE,0.086,4.134
2026-01-03T07:59:08.321679Z,PASSIVE,0.085,4.089
2026-01-03T07:59:08.445100Z,PASSIVE,0.087,4.053
2026-01-03T07:59:08.571064Z,PASSIVE,0.09,4.141
2026-01-03T07:59:08.681698Z,PASSIVE,0.093,4.254
2026-01-03T07:59:08.790077Z,PASSIVE,0.097,4.377
2026-01-03T07:59:08.899271Z,PASSIVE,0.099,4.611
2026-01-03T07:59:09.007165Z,INTERACTIVE,0.104,4.846
2026-01-03T07:59:09.178841Z,INTERACTIVE,0.113,4.974
2026-01-03T07:59:09.288289Z,INTERACTIVE,0.155,16.951
2026-01-03T07:59:09.409718Z,INTERACTIVE,0.2,28.923
2026-01-03T07:59:09.533225Z,INTERACTIVE,0.247,40.824
2026-01-03T07:59:09.692627Z,INTERACTIVE,0.291,52.709
2026-01-03T07:59:09.848206Z,INTERACTIVE,0.332,64.587
2026-01-03T07:59:09.971875Z,INTERACTIVE,0.342,64.601
2026-01-03T07:59:10.096540Z,INTERACTIVE,0.351,64.6
2026-01-03T07:59:10.219062Z,INTERACTIVE,0.363,64.586
2026-01-03T07:59:10.329691Z,INTERACTIVE,0.379,70.225
2026-01-03T07:59:10.441071Z,INTERACTIVE,0.395,75.864
2026-01-03T07:59:10.564333Z,INTERACTIVE,0.412,81.514
2026-01-03T07:59:10.673456Z,INTERACTIVE,0.426,87.18
2026-01-03T07:59:10.783986Z,INTERACTIVE,0.439,96.866
2026-01-03T07:59:10.909917Z,INTERACTIVE,0.449,100.911
2026-01-03T07:59:11.033324Z,INTERACTIVE,0.464,108.411
2026-01-03T07:59:11.128308Z,INTERACTIVE,0.476,115.901
2026-01-03T07:59:11.238188Z,INTERACTIVE,0.488,123.386
2026-01-03T07:59:11.364187Z,INTERACTIVE,0.5,126.851
2026-01-03T07:59:11.458607Z,INTERACTIVE,0.511,130.312
2026-01-03T07:59:11.554414Z,INTERACTIVE,0.514,130.317
2026-01-03T07:59:11.664459Z,INTERACTIVE,0.519,130.323
2026-01-03T07:59:11.774064Z,INTERACTIVE,0.523,130.327
2026-01-03T07:59:11.867611Z,INTERACTIVE,0.529,130.328
2026-01-03T07:59:11.993321Z,INTERACTIVE,0.533,130.325
2026-01-03T07:59:12.117272Z,INTERACTIVE,0.546,133.302
2026-01-03T07:59:12.225840Z,INTERACTIVE,0.56,136.285
2026-01-03T07:59:12.319595Z,INTERACTIVE,0.573,139.251
2026-01-03T07:59:12.443411Z,INTERACTIVE,0.58,142.212
2026-01-03T07:59:12.570428Z,INTERACTIVE,0.588,145.183
2026-01-03T07:59:12.692872Z,INTERACTIVE,0.556,142.173
2026-01-03T07:59:12.801377Z,INTERACTIVE,0.521,139.157
2026-01-03T07:59:12.924308Z,INTERACTIVE,0.485,136.155
2026-01-03T07:59:13.048383Z,INTERACTIVE,0.453,133.158
2026-01-03T07:59:13.143199Z,INTERACTIVE,0.429,130.157
2026-01-03T07:59:13.267312Z,INTERACTIVE,0.436,130.154
2026-01-03T07:59:13.391419Z,INTERACTIVE,0.445,130.155
2026-01-03T07:59:13.498776Z,INTERACTIVE,0.459,130.156
2026-01-03T07:59:13.609943Z,INTERACTIVE,0.474,130.21
2026-01-03T07:59:13.733526Z,INTERACTIVE,0.479,133.368
2026-01-03T07:59:13.843557Z,INTERACTIVE,0.484,136.531
2026-01-03T07:59:13.953427Z,INTERACTIVE,0.486,139.679
2026-01-03T07:59:14.063935Z,INTERACTIVE,0.483,139.853
2026-01-03T07:59:14.174653Z,INTERACTIVE,0.482,139.976
2026-01-03T07:59:14.282726Z,INTERACTIVE,0.477,133.557
2026-01-03T07:59:14.406221Z,INTERACTIVE,0.472,127.128
2026-01-03T07:59:14.499148Z,INTERACTIVE,0.468,120.724
2026-01-03T07:59:14.592695Z,INTERACTIVE,0.465,117.292
2026-01-03T07:59:14.736179Z,INTERACTIVE,0.458,113.853
2026-01-03T07:59:14.887070Z,INTERACTIVE,0.459,113.849
2026-01-03T07:59:14.996691Z,INTERACTIVE,0.456,113.849
2026-01-03T07:59:15.105254Z,INTERACTIVE,0.452,113.83
2026-01-03T07:59:15.213958Z,INTERACTIVE,0.445,113.814
2026-01-03T07:59:15.337172Z,INTERACTIVE,0.438,113.803
2026-01-03T07:59:15.431941Z,INTERACTIVE,0.428,109.859
2026-01-03T07:59:15.542238Z,INTERACTIVE,0.417,105.916
2026-01-03T07:59:15.651347Z,INTERACTIVE,0.412,105.772
2026-01-03T07:59:15.776933Z,INTERACTIVE,0.412,105.62
2026-01-03T07:59:15.868507Z,INTERACTIVE,0.411,105.481
2026-01-03T07:59:15.978297Z,INTERACTIVE,0.42,109.273
2026-01-03T07:59:16.072042Z,INTERACTIVE,0.427,113.069
2026-01-03T07:59:16.196810Z,INTERACTIVE,0.433,113.09
2026-01-03T07:59:16.323138Z,INTERACTIVE,0.437,113.119
2026-01-03T07:59:16.432290Z,INTERACTIVE,0.431,116.616
2026-01-03T07:59:16.540790Z,INTERACTIVE,0.419,120.116
2026-01-03T07:59:16.664251Z,INTERACTIVE,0.408,123.611
2026-01-03T07:59:16.775395Z,INTERACTIVE,0.391,127.09
2026-01-03T07:59:16.898194Z,INTERACTIVE,0.369,126.837
2026-01-03T07:59:16.992133Z,INTERACTIVE,0.368,118.867
2026-01-03T07:59:17.102061Z,INTERACTIVE,0.365,110.898
2026-01-03T07:59:17.212172Z,INTERACTIVE,0.369,102.932
2026-01-03T07:59:17.320927Z,INTERACTIVE,0.373,94.954
2026-01-03T07:59:17.429099Z,INTERACTIVE,0.379,90.71
2026-01-03T07:59:17.537412Z,INTERACTIVE,0.375,90.702
2026-01-03T07:59:17.646112Z,INTERACTIVE,0.372,90.689
2026-01-03T07:59:17.754852Z,INTERACTIVE,0.372,90.676
2026-01-03T07:59:17.876706Z,INTERACTIVE,0.372,94.787
2026-01-03T07:59:17.999236Z,INTERACTIVE,0.377,102.596
2026-01-03T07:59:18.123512Z,INTERACTIVE,0.383,110.405
2026-01-03T07:59:18.276718Z,INTERACTIVE,0.39,118.217
2026-01-03T07:59:18.399767Z,INTERACTIVE,0.394,129.038
2026-01-03T07:59:18.508241Z,INTERACTIVE,0.399,135.746
2026-01-03T07:59:18.631907Z,INTERACTIVE,0.402,138.755
2026-01-03T07:59:18.755662Z,INTERACTIVE,0.404,141.765
2026-01-03T07:59:18.881472Z,INTERACTIVE,0.406,144.773
2026-01-03T07:59:19.005616Z,INTERACTIVE,0.405,144.859
2026-01-03T07:59:19.137177Z,INTERACTIVE,0.401,147.83
2026-01-03T07:59:19.286037Z,INTERACTIVE,0.393,150.804
2026-01-03T07:59:19.412850Z,INTERACTIVE,0.381,153.776
2026-01-03T07:59:19.582393Z,INTERACTIVE,0.367,156.75
2026-01-03T07:59:19.707139Z,INTERACTIVE,0.352,159.633
2026-01-03T07:59:19.844676Z,INTERACTIVE,0.339,159.623
2026-01-03T07:59:19.969146Z,INTERACTIVE,0.33,156.833
2026-01-03T07:59:20.095991Z,INTERACTIVE,0.33,154.038
2026-01-03T07:59:20.220654Z,INTERACTIVE,0.33,154.188
2026-01-03T07:59:20.361123Z,INTERACTIVE,0.33,154.342
2026-01-03T07:59:20.484754Z,INTERACTIVE,0.329,154.5
2026-01-03T07:59:20.657286Z,INTERACTIVE,0.319,157.436
2026-01-03T07:59:20.811873Z,INTERACTIVE,0.303,162.887
2026-01-03T07:59:20.984408Z,INTERACTIVE,0.287,165.396
2026-01-03T07:59:21.124758Z,INTERACTIVE,0.279,170.293
2026-01-03T07:59:21.251416Z,INTERACTIVE,0.272,175.19
2026-01-03T07:59:21.436919Z,INTERACTIVE,0.278,180.089
2026-01-03T07:59:21.560772Z,INTERACTIVE,0.285,182.478
2026-01-03T07:59:21.699661Z,INTERACTIVE,0.288,187.086
2026-01-03T07:59:21.837291Z,INTERACTIVE,0.286,187.133
2026-01-03T07:59:21.975444Z,INTERACTIVE,0.283,187.24
2026-01-03T07:59:22.113075Z,INTERACTIVE,0.279,189.599
2026-01-03T07:59:22.253179Z,INTERACTIVE,0.274,191.954
2026-01-03T07:59:22.390919Z,INTERACTIVE,0.272,189.931
2026-01-03T07:59:22.515583Z,INTERACTIVE,0.272,190.083
2026-01-03T07:59:22.657733Z,INTERACTIVE,0.27,190.174
2026-01-03T07:59:22.796359Z,INTERACTIVE,0.264,188.015
2026-01-03T07:59:22.934986Z,INTERACTIVE,0.255,185.858
2026-01-03T07:59:23.057658Z,INTERACTIVE,0.243,183.444
2026-01-03T07:59:23.185314Z,INTERACTIVE,0.231,181.113
2026-01-03T07:59:23.308983Z,INTERACTIVE,0.219,178.785
2026-01-03T07:59:23.449605Z,INTERACTIVE,0.208,176.458
2026-01-03T07:59:23.573634Z,INTERACTIVE,0.202,174.133
2026-01-03T07:59:23.715255Z,INTERACTIVE,0.199,174.22
2026-01-03T07:59:23.853883Z,INTERACTIVE,0.195,174.223
2026-01-03T07:59:24.040380Z,INTERACTIVE,0.193,174.218
2026-01-03T07:59:24.206933Z,INTERACTIVE,0.188,176.679
2026-01-03T07:59:24.332595Z,INTERACTIVE,0.181,176.64
2026-01-03T07:59:24.486183Z,INTERACTIVE,0.175,176.602
2026-01-03T07:59:24.659718Z,INTERACTIVE,0.167,176.566
2026-01-03T07:59:24.785380Z,INTERACTIVE,0.16,176.54
2026-01-03T07:59:24.926002Z,INTERACTIVE,0.158,171.557
2026-01-03T07:59:25.049670Z,INTERACTIVE,0.156,171.497
2026-01-03T07:59:25.204254Z,INTERACTIVE,0.151,171.563
2026-01-03T07:59:25.345445Z,INTERACTIVE,0.145,171.625
2026-01-03T07:59:25.469415Z,INTERACTIVE,0.136,171.68
2026-01-03T07:59:25.637110Z,INTERACTIVE,0.127,174.228
2026-01-03T07:59:25.759781Z,INTERACTIVE,0.119,174.325
2026-01-03T07:59:25.899407Z,INTERACTIVE,0.117,174.297
2026-01-03T07:59:26.054989Z,INTERACTIVE,0.116,171.722
2026-01-03T07:59:26.336496Z,INTERACTIVE,0.114,166.17
2026-01-03T07:59:26.476701Z,INTERACTIVE,0.115,163.435
2026-01-03T07:59:26.601367Z,INTERACTIVE,0.118,160.724
2026-01-03T07:59:26.754953Z,INTERACTIVE,0.119,158.014
2026-01-03T07:59:26.892585Z,INTERACTIVE,0.12,157.854
2026-01-03T07:59:27.017868Z,INTERACTIVE,0.124,163.157
2026-01-03T07:59:27.155932Z,INTERACTIVE,0.125,168.011
2026-01-03T07:59:27.282592Z,INTERACTIVE,0.129,172.863
2026-01-03T07:59:27.407256Z,INTERACTIVE,0.135,175.166
2026-01-03T07:59:27.610710Z,INTERACTIVE,0.143,177.468
2026-01-03T07:59:27.736301Z,INTERACTIVE,0.151,177.288
2026-01-03T07:59:27.863959Z,INTERACTIVE,0.159,174.738
2026-01-03T07:59:28.003583Z,INTERACTIVE,0.164,174.729
2026-01-03T07:59:28.162158Z,INTERACTIVE,0.167,177.27
2026-01-03T07:59:28.299787Z,INTERACTIVE,0.171,179.815
2026-01-03T07:59:28.454372Z,INTERACTIVE,0.178,179.871
2026-01-03T07:59:28.608957Z,INTERACTIVE,0.185,179.929
2026-01-03T07:59:28.751574Z,INTERACTIVE,0.193,177.442
2026-01-03T07:59:28.889204Z,INTERACTIVE,0.203,174.98
2026-01-03T07:59:29.027832Z,INTERACTIVE,0.211,172.515
2026-01-03T07:59:29.167458Z,INTERACTIVE,0.214,172.532
2026-01-03T07:59:29.322042Z,INTERACTIVE,0.221,170.097
2026-01-03T07:59:29.444613Z,INTERACTIVE,0.223,164.724
2026-01-03T07:59:29.634103Z,INTERACTIVE,0.228,159.332
2026-01-03T07:59:29.806643Z,INTERACTIVE,0.236,153.937
2026-01-03T07:59:29.944634Z,INTERACTIVE,0.246,148.563
2026-01-03T07:59:30.067337Z,INTERACTIVE,0.254,142.594
2026-01-03T07:59:30.205964Z,INTERACTIVE,0.261,139.564
2026-01-03T07:59:30.361546Z,INTERACTIVE,0.265,136.529
2026-01-03T07:59:30.518125Z,INTERACTIVE,0.265,136.289
2026-01-03T07:59:30.657699Z,INTERACTIVE,0.26,133.089
2026-01-03T07:59:30.794332Z,INTERACTIVE,0.255,132.935
2026-01-03T07:59:30.950794Z,INTERACTIVE,0.251,132.781
2026-01-03T07:59:31.089198Z,INTERACTIVE,0.248,132.628
2026-01-03T07:59:31.242788Z,INTERACTIVE,0.248,126.001
2026-01-03T07:59:31.428287Z,INTERACTIVE,0.251,118.435
2026-01-03T07:59:31.570909Z,INTERACTIVE,0.251,110.869
2026-01-03T07:59:31.712526Z,INTERACTIVE,0.248,103.304
2026-01-03T07:59:31.853149Z,INTERACTIVE,0.246,95.739
2026-01-03T07:59:31.991775Z,INTERACTIVE,0.246,91.86
2026-01-03T07:59:32.160321Z,INTERACTIVE,0.243,91.868
2026-01-03T07:59:32.298950Z,INTERACTIVE,0.244,86.006
2026-01-03T07:59:32.440569Z,INTERACTIVE,0.249,80.143
2026-01-03T07:59:32.595652Z,INTERACTIVE,0.249,74.286
2026-01-03T07:59:32.720317Z,INTERACTIVE,0.244,68.42
2026-01-03T07:59:32.857947Z,INTERACTIVE,0.238,62.556
2026-01-03T07:59:32.982613Z,INTERACTIVE,0.232,62.558
2026-01-03T07:59:33.106281Z,INTERACTIVE,0.225,62.573
2026-01-03T07:59:33.231974Z,INTERACTIVE,0.222,62.555
2026-01-03T07:59:33.372565Z,INTERACTIVE,0.222,62.546
2026-01-03T07:59:33.498259Z,INTERACTIVE,0.221,62.519
2026-01-03T07:59:33.651894Z,INTERACTIVE,0.223,62.481
2026-01-03T07:59:33.775562Z,INTERACTIVE,0.223,62.447
2026-01-03T07:59:33.912319Z,INTERACTIVE,0.218,62.43
2026-01-03T07:59:34.110807Z,INTERACTIVE,0.208,62.412
2026-01-03T07:59:34.249013Z,INTERACTIVE,0.201,62.397
2026-01-03T07:59:34.359289Z,INTERACTIVE,0.193,62.395
2026-01-03T07:59:34.484981Z,INTERACTIVE,0.186,62.377
2026-01-03T07:59:34.594284Z,INTERACTIVE,0.184,51.143
2026-01-03T07:59:34.719966Z,INTERACTIVE,0.185,39.792
2026-01-03T07:59:34.827761Z,INTERACTIVE,0.184,28.446
2026-01-03T07:59:34.954023Z,INTERACTIVE,0.185,17.107
2026-01-03T07:59:35.062036Z,INTERACTIVE,0.185,5.762
2026-01-03T07:59:35.186953Z,INTERACTIVE,0.185,5.639
2026-01-03T07:59:35.295962Z,INTERACTIVE,0.184,5.542
2026-01-03T07:59:35.420725Z,INTERACTIVE,0.183,5.454
2026-01-03T07:59:35.681032Z,INTERACTIVE,0.18,5.362
2026-01-03T07:59:35.802188Z,INTERACTIVE,0.175,5.273
2026-01-03T07:59:35.925950Z,INTERACTIVE,0.168,5.09
2026-01-03T07:59:36.035854Z,INTERACTIVE,0.162,16.934
2026-01-03T07:59:36.157893Z,INTERACTIVE,0.156,34.236
2026-01-03T07:59:36.346428Z,PASSIVE,0.15,51.539
2026-01-03T07:59:36.528969Z,PASSIVE,0.146,68.843
2026-01-03T07:59:36.698543Z,PASSIVE,0.144,86.246
2026-01-03T07:59:36.974800Z,INTERACTIVE,0.142,91.712
2026-01-03T07:59:37.097471Z,INTERACTIVE,0.139,95.708
2026-01-03T07:59:37.221138Z,INTERACTIVE,0.134,103.427
2026-01-03T07:59:37.345160Z,INTERACTIVE,0.127,111.144
2026-01-03T07:59:37.496973Z,INTERACTIVE,0.122,118.861
2026-01-03T07:59:37.620578Z,INTERACTIVE,0.115,126.577
2026-01-03T07:59:37.772170Z,INTERACTIVE,0.108,130.296
2026-01-03T07:59:37.926756Z,INTERACTIVE,0.101,130.292
2026-01-03T07:59:38.129212Z,PASSIVE,0.098,130.288
2026-01-03T07:59:38.282812Z,PASSIVE,0.094,133.181
2026-01-03T07:59:38.452638Z,PASSIVE,0.09,138.945
2026-01-03T07:59:38.578302Z,PASSIVE,0.087,144.712
2026-01-03T07:59:38.713786Z,PASSIVE,0.085,150.482
2026-01-03T07:59:38.838369Z,PASSIVE,0.084,156.251
2026-01-03T07:59:38.975002Z,PASSIVE,0.084,159.124
2026-01-03T07:59:39.122880Z,PASSIVE,0.086,159.125
2026-01-03T07:59:39.285974Z,PASSIVE,0.087,159.127
2026-01-03T07:59:39.408817Z,PASSIVE,0.088,159.128
2026-01-03T07:59:39.530491Z,INTERACTIVE,0.088,159.13
2026-01-03T07:59:39.640089Z,INTERACTIVE,0.089,159.131
2026-01-03T07:59:39.749646Z,INTERACTIVE,0.09,159.134
2026-01-03T07:59:39.874011Z,INTERACTIVE,0.094,159.136
2026-01-03T07:59:39.999163Z,INTERACTIVE,0.097,159.139
2026-01-03T07:59:40.122828Z,INTERACTIVE,0.101,159.143
2026-01-03T07:59:40.232360Z,INTERACTIVE,0.102,156.25
2026-01-03T07:59:40.356165Z,INTERACTIVE,0.103,150.45
2026-01-03T07:59:40.512748Z,INTERACTIVE,0.103,144.651
2026-01-03T07:59:40.636973Z,INTERACTIVE,0.104,138.851
2026-01-03T07:59:40.808601Z,INTERACTIVE,0.107,133.05
2026-01-03T07:59:40.932878Z,INTERACTIVE,0.11,130.144
2026-01-03T07:59:41.088524Z,INTERACTIVE,0.114,126.557
2026-01-03T07:59:41.216181Z,INTERACTIVE,0.118,118.829
2026-01-03T07:59:41.343840Z,INTERACTIVE,0.122,111.1
2026-01-03T07:59:41.513385Z,INTERACTIVE,0.123,103.37
2026-01-03T07:59:41.698885Z,INTERACTIVE,0.125,95.643
2026-01-03T07:59:41.888375Z,INTERACTIVE,0.127,91.502
2026-01-03T07:59:42.059916Z,INTERACTIVE,0.129,91.504
2026-01-03T07:59:42.203531Z,INTERACTIVE,0.133,91.514
2026-01-03T07:59:42.329192Z,INTERACTIVE,0.137,86.064
2026-01-03T07:59:42.506721Z,INTERACTIVE,0.142,68.94
2026-01-03T07:59:42.727124Z,INTERACTIVE,0.146,51.799
2026-01-03T07:59:42.852647Z,INTERACTIVE,0.149,34.641
2026-01-03T07:59:42.977691Z,INTERACTIVE,0.151,17.491
2026-01-03T07:59:43.181174Z,INTERACTIVE,0.15,5.797
2026-01-03T07:59:43.356719Z,INTERACTIVE,0.15,5.776
2026-01-03T07:59:43.525493Z,PASSIVE,0.149,5.77
2026-01-03T07:59:43.648890Z,PASSIVE,0.148,5.76
2026-01-03T07:59:43.771688Z,PASSIVE,0.149,5.742
2026-01-03T07:59:43.880845Z,INTERACTIVE,0.148,5.731
2026-01-03T07:59:44.005097Z,INTERACTIVE,0.147,5.658
2026-01-03T07:59:44.127764Z,INTERACTIVE,0.148,5.589
2026-01-03T07:59:44.330220Z,INTERACTIVE,0.149,5.522
2026-01-03T07:59:44.483808Z,INTERACTIVE,0.15,5.414
2026-01-03T07:59:44.603848Z,INTERACTIVE,0.153,5.303
2026-01-03T07:59:44.742190Z,INTERACTIVE,0.155,5.233
2026-01-03T07:59:44.880041Z,INTERACTIVE,0.155,5.154
2026-01-03T07:59:45.003849Z,INTERACTIVE,0.154,5.055
2026-01-03T07:59:45.203313Z,INTERACTIVE,0.153,5.228
2026-01-03T07:59:45.326806Z,INTERACTIVE,0.151,5.491
2026-01-03T07:59:45.450752Z,INTERACTIVE,0.147,5.682
2026-01-03T07:59:45.574771Z,INTERACTIVE,0.146,5.895
2026-01-03T07:59:45.699887Z,INTERACTIVE,0.145,6.182
2026-01-03T07:59:45.824125Z,INTERACTIVE,0.144,6.234
2026-01-03T07:59:45.964748Z,INTERACTIVE,0.143,6.184
2026-01-03T07:59:46.221059Z,INTERACTIVE,0.143,6.219
2026-01-03T07:59:46.524244Z,INTERACTIVE,0.139,6.208
2026-01-03T07:59:46.678830Z,INTERACTIVE,0.135,6.034
2026-01-03T07:59:46.817456Z,INTERACTIVE,0.131,5.919
2026-01-03T07:59:46.969050Z,PASSIVE,0.127,5.801
2026-01-03T07:59:47.276226Z,PASSIVE,0.123,5.696
2026-01-03T07:59:47.414853Z,PASSIVE,0.121,5.628
2026-01-03T07:59:47.555477Z,PASSIVE,0.119,5.698
2026-01-03T07:59:47.784859Z,INTERACTIVE,0.119,5.702
2026-01-03T07:59:48.019398Z,INTERACTIVE,0.118,5.768
2026-01-03T07:59:48.201737Z,INTERACTIVE,0.117,5.84
2026-01-03T07:59:48.339805Z,INTERACTIVE,0.117,5.904
2026-01-03T07:59:48.464991Z,PASSIVE,0.119,5.947
2026-01-03T07:59:48.587875Z,PASSIVE,0.12,6.011
2026-01-03T07:59:48.760187Z,PASSIVE,0.12,6.03
2026-01-03T07:59:48.932719Z,PASSIVE,0.119,6.042
2026-01-03T07:59:49.083339Z,PASSIVE,0.118,6.053
2026-01-03T07:59:49.190864Z,PASSIVE,0.114,6.073
2026-01-03T07:59:49.313956Z,PASSIVE,0.112,6.078
2026-01-03T07:59:49.436549Z,PASSIVE,0.11,6.081
2026-01-03T07:59:49.671372Z,PASSIVE,0.11,6.083
2026-01-03T07:59:49.873101Z,PASSIVE,0.11,6.089
2026-01-03T07:59:50.122432Z,PASSIVE,0.109,5.841
2026-01-03T07:59:50.260064Z,PASSIVE,0.11,5.548
2026-01-03T07:59:50.397809Z,PASSIVE,0.111,5.294
2026-01-03T07:59:50.520230Z,PASSIVE,0.11,5.087
2026-01-03T07:59:50.644429Z,PASSIVE,0.109,4.827
2026-01-03T07:59:50.813977Z,PASSIVE,0.108,4.817
2026-01-03T07:59:50.953598Z,PASSIVE,0.106,4.858
2026-01-03T07:59:51.109180Z,PASSIVE,0.104,4.863
2026-01-03T07:59:51.265761Z,PASSIVE,0.105,4.882
2026-01-03T07:59:51.466567Z,PASSIVE,0.106,4.981
2026-01-03T07:59:51.634115Z,PASSIVE,0.11,5.013
2026-01-03T07:59:51.802665Z,PASSIVE,0.113,5.036
2026-01-03T07:59:51.955732Z,PASSIVE,0.117,5.148
2026-01-03T07:59:52.112332Z,PASSIVE,0.12,5.191
2026-01-03T07:59:52.330348Z,PASSIVE,0.123,5.173
2026-01-03T07:59:52.636587Z,PASSIVE,0.121,5.223
2026-01-03T07:59:52.790528Z,PASSIVE,0.12,5.205
2026-01-03T07:59:52.962558Z,PASSIVE,0.119,5.1
2026-01-03T07:59:53.251780Z,INTERACTIVE,0.115,5.011
2026-01-03T07:59:53.432297Z,INTERACTIVE,0.109,5.011
2026-01-03T07:59:53.604777Z,PASSIVE,0.105,4.991
2026-01-03T07:59:53.728611Z,PASSIVE,0.102,5.041
2026-01-03T07:59:53.853339Z,PASSIVE,0.099,5.108
2026-01-03T07:59:54.056830Z,PASSIVE,0.101,5.166
2026-01-03T07:59:54.179746Z,PASSIVE,0.104,5.265
2026-01-03T07:59:54.287638Z,PASSIVE,0.107,5.387
2026-01-03T07:59:54.411327Z,PASSIVE,0.112,5.509
2026-01-03T07:59:54.552787Z,PASSIVE,0.116,5.608
2026-01-03T07:59:54.738427Z,PASSIVE,0.119,5.707
2026-01-03T07:59:54.847682Z,PASSIVE,0.123,5.711
2026-01-03T07:59:54.974001Z,PASSIVE,0.125,5.652
2026-01-03T07:59:55.164490Z,PASSIVE,0.126,5.598
2026-01-03T07:59:55.286866Z,PASSIVE,0.126,5.506
2026-01-03T07:59:55.397798Z,PASSIVE,0.129,5.415
2026-01-03T07:59:55.517714Z,PASSIVE,0.132,5.322
2026-01-03T07:59:55.659120Z,PASSIVE,0.137,5.355
2026-01-03T07:59:55.769727Z,PASSIVE,0.143,5.39
2026-01-03T07:59:55.879342Z,PASSIVE,0.15,5.397
2026-01-03T07:59:56.109720Z,PASSIVE,0.155,5.41
2026-01-03T07:59:56.284392Z,PASSIVE,0.157,5.425
2026-01-03T07:59:56.407930Z,PASSIVE,0.157,5.385
2026-01-03T07:59:56.530041Z,PASSIVE,0.157,5.258
2026-01-03T07:59:56.639874Z,PASSIVE,0.156,5.196
2026-01-03T07:59:56.748630Z,PASSIVE,0.158,5.13
2026-01-03T07:59:56.873481Z,PASSIVE,0.165,5.056
2026-01-03T07:59:56.983880Z,INTERACTIVE,0.171,4.976
2026-01-03T07:59:57.109147Z,INTERACTIVE,0.178,4.958
2026-01-03T07:59:57.251549Z,INTERACTIVE,0.184,4.935
2026-01-03T07:59:57.455998Z,INTERACTIVE,0.187,4.88
2026-01-03T07:59:57.630530Z,INTERACTIVE,0.187,4.842
2026-01-03T07:59:57.833983Z,INTERACTIVE,0.187,4.802
2026-01-03T07:59:58.129195Z,INTERACTIVE,0.185,4.746
2026-01-03T07:59:58.301728Z,INTERACTIVE,0.181,4.707
2026-01-03T07:59:58.423402Z,INTERACTIVE,0.181,4.596
2026-01-03T07:59:58.549587Z,PASSIVE,0.18,4.468
2026-01-03T07:59:58.674711Z,PASSIVE,0.177,4.336
2026-01-03T07:59:58.847208Z,PASSIVE,0.175,4.245
2026-01-03T07:59:59.047663Z,PASSIVE,0.177,4.144
2026-01-03T07:59:59.340920Z,PASSIVE,0.173,4.145
2026-01-03T07:59:59.481633Z,PASSIVE,0.171,4.149
2026-01-03T07:59:59.606905Z,PASSIVE,0.171,4.1
2026-01-03T07:59:59.714085Z,PASSIVE,0.172,4.022
2026-01-03T07:59:59.823831Z,PASSIVE,0.168,3.946
2026-01-03T08:00:00.013994Z,PASSIVE,0.166,3.883
2026-01-03T08:00:00.233404Z,PASSIVE,0.163,3.747
2026-01-03T08:00:00.357188Z,PASSIVE,0.161,3.65
2026-01-03T08:00:00.558651Z,PASSIVE,0.157,3.592
2026-01-03T08:00:00.695283Z,PASSIVE,0.155,3.494
2026-01-03T08:00:00.834380Z,PASSIVE,0.157,3.398
2026-01-03T08:00:00.943176Z,PASSIVE,0.158,3.37
2026-01-03T08:00:01.069314Z,PASSIVE,0.16,3.326
2026-01-03T08:00:01.209696Z,PASSIVE,0.162,3.267
2026-01-03T08:00:01.364281Z,PASSIVE,0.161,3.247
2026-01-03T08:00:01.516871Z,PASSIVE,0.155,3.256
2026-01-03T08:00:01.685419Z,PASSIVE,0.149,3.273
2026-01-03T08:00:01.841998Z,PASSIVE,0.144,3.36
2026-01-03T08:00:02.160753Z,PASSIVE,0.14,3.451
2026-01-03T08:00:02.331307Z,PASSIVE,0.141,3.592
2026-01-03T08:00:02.454515Z,PASSIVE,0.143,3.675
2026-01-03T08:00:02.563564Z,PASSIVE,0.144,3.748
2026-01-03T08:00:02.686956Z,PASSIVE,0.145,3.845
2026-01-03T08:00:02.823153Z,PASSIVE,0.146,3.934
2026-01-03T08:00:02.962523Z,PASSIVE,0.141,3.947
2026-01-03T08:00:03.086549Z,PASSIVE,0.138,3.973
2026-01-03T08:00:03.212097Z,PASSIVE,0.135,4.016
2026-01-03T08:00:03.337590Z,PASSIVE,0.132,4.037
2026-01-03T08:00:03.447486Z,PASSIVE,0.128,4.062
2026-01-03T08:00:03.557986Z,PASSIVE,0.128,4.117
2026-01-03T08:00:03.682026Z,PASSIVE,0.125,4.204
2026-01-03T08:00:03.807285Z,PASSIVE,0.123,4.284
2026-01-03T08:00:03.931647Z,PASSIVE,0.12,4.329
2026-01-03T08:00:04.054040Z,PASSIVE,0.119,4.376
2026-01-03T08:00:04.177601Z,PASSIVE,0.117,4.415
2026-01-03T08:00:04.299608Z,PASSIVE,0.116,4.404
2026-01-03T08:00:04.423344Z,PASSIVE,0.123,16.491
2026-01-03T08:00:04.639613Z,PASSIVE,0.137,28.641
2026-01-03T08:00:04.764459Z,INTERACTIVE,0.154,40.799
2026-01-03T08:00:04.887159Z,INTERACTIVE,0.169,52.949
2026-01-03T08:00:05.011650Z,INTERACTIVE,0.185,65.111
2026-01-03T08:00:05.122548Z,INTERACTIVE,0.194,65.213
2026-01-03T08:00:05.245610Z,INTERACTIVE,0.198,65.247
2026-01-03T08:00:05.367149Z,INTERACTIVE,0.199,65.265
2026-01-03T08:00:05.492296Z,INTERACTIVE,0.204,65.273
2026-01-03T08:00:05.600094Z,INTERACTIVE,0.207,65.293
2026-01-03T08:00:05.723381Z,INTERACTIVE,0.208,65.257
2026-01-03T08:00:05.833287Z,INTERACTIVE,0.207,65.217
2026-01-03T08:00:06.050703Z,INTERACTIVE,0.204,70.919
2026-01-03T08:00:06.207282Z,INTERACTIVE,0.2,76.637
2026-01-03T08:00:06.332581Z,INTERACTIVE,0.199,82.356
2026-01-03T08:00:06.458776Z,INTERACTIVE,0.199,88.084
2026-01-03T08:00:06.615355Z,INTERACTIVE,0.201,93.816
2026-01-03T08:00:06.754641Z,INTERACTIVE,0.206,93.814
2026-01-03T08:00:06.894773Z,INTERACTIVE,0.209,93.812
2026-01-03T08:00:07.019343Z,INTERACTIVE,0.213,93.812
2026-01-03T08:00:07.175920Z,INTERACTIVE,0.216,93.812
2026-01-03T08:00:07.330035Z,INTERACTIVE,0.221,97.718
2026-01-03T08:00:07.455023Z,INTERACTIVE,0.229,105.287
2026-01-03T08:00:07.607819Z,INTERACTIVE,0.244,112.856
2026-01-03T08:00:07.731806Z,INTERACTIVE,0.259,120.424
2026-01-03T08:00:07.858735Z,INTERACTIVE,0.274,130.974
2026-01-03T08:00:08.048226Z,INTERACTIVE,0.288,140.492
2026-01-03T08:00:08.186853Z,INTERACTIVE,0.305,146.347
2026-01-03T08:00:08.359390Z,INTERACTIVE,0.323,152.206
2026-01-03T08:00:08.485052Z,INTERACTIVE,0.333,155.173
2026-01-03T08:00:08.628667Z,INTERACTIVE,0.335,155.156
2026-01-03T08:00:08.798211Z,INTERACTIVE,0.334,152.267
2026-01-03T08:00:09.016625Z,INTERACTIVE,0.326,149.356
2026-01-03T08:00:09.124887Z,INTERACTIVE,0.311,146.431
2026-01-03T08:00:09.263516Z,INTERACTIVE,0.303,146.399
2026-01-03T08:00:09.371270Z,INTERACTIVE,0.3,146.37
2026-01-03T08:00:09.482370Z,INTERACTIVE,0.301,146.336
2026-01-03T08:00:09.607324Z,INTERACTIVE,0.302,146.322
2026-01-03T08:00:09.747548Z,INTERACTIVE,0.302,146.316
2026-01-03T08:00:09.857109Z,INTERACTIVE,0.303,146.308
2026-01-03T08:00:09.983646Z,INTERACTIVE,0.306,146.293
2026-01-03T08:00:10.091465Z,INTERACTIVE,0.308,143.194
2026-01-03T08:00:10.215943Z,INTERACTIVE,0.313,140.101
2026-01-03T08:00:10.389003Z,INTERACTIVE,0.319,137.009
2026-01-03T08:00:10.512449Z,INTERACTIVE,0.323,133.918
2026-01-03T08:00:10.652184Z,INTERACTIVE,0.326,130.833
2026-01-03T08:00:10.776526Z,INTERACTIVE,0.328,130.837
2026-01-03T08:00:10.885207Z,INTERACTIVE,0.326,130.836
2026-01-03T08:00:11.022640Z,INTERACTIVE,0.323,130.834
2026-01-03T08:00:11.131107Z,INTERACTIVE,0.32,130.832
2026-01-03T08:00:11.271729Z,INTERACTIVE,0.317,127.283
2026-01-03T08:00:11.381866Z,INTERACTIVE,0.312,119.644
2026-01-03T08:00:11.523717Z,INTERACTIVE,0.303,112.007
2026-01-03T08:00:11.710216Z,INTERACTIVE,0.295,104.372
2026-01-03T08:00:11.851301Z,INTERACTIVE,0.286,91.092
2026-01-03T08:00:11.961639Z,INTERACTIVE,0.277,69.322
2026-01-03T08:00:12.084435Z,INTERACTIVE,0.267,51.636
2026-01-03T08:00:12.224045Z,INTERACTIVE,0.253,33.728
2026-01-03T08:08:57.453367Z,INTERACTIVE,0.25,37.643
2026-01-03T08:08:57.563580Z,INTERACTIVE,0.245,47.202
2026-01-03T08:08:57.703205Z,INTERACTIVE,0.24,64.827
2026-01-03T08:08:57.813362Z,INTERACTIVE,0.239,82.454
2026-01-03T08:08:57.935117Z,PASSIVE,0.243,100.301
2026-01-03T08:08:58.061116Z,PASSIVE,0.238,96.325
2026-01-03T08:08:58.185163Z,PASSIVE,0.235,92.347
2026-01-03T08:08:58.293030Z,INTERACTIVE,0.233,92.342
2026-01-03T08:08:58.417272Z,INTERACTIVE,0.231,92.34
2026-01-03T08:08:58.539772Z,INTERACTIVE,0.235,92.338
2026-01-03T08:08:58.665020Z,INTERACTIVE,0.238,92.335
2026-01-03T08:08:58.772513Z,INTERACTIVE,0.244,92.335
2026-01-03T08:08:58.882008Z,INTERACTIVE,0.249,92.331
2026-01-03T08:08:58.992763Z,INTERACTIVE,0.253,92.33
2026-01-03T08:08:59.119677Z,INTERACTIVE,0.255,92.332
2026-01-03T08:08:59.229742Z,INTERACTIVE,0.253,86.922
2026-01-03T08:08:59.351894Z,INTERACTIVE,0.249,69.336
2026-01-03T08:08:59.475603Z,INTERACTIVE,0.242,51.774
2026-01-03T08:08:59.582599Z,INTERACTIVE,0.233,34.203
2026-01-03T08:08:59.693473Z,INTERACTIVE,0.224,16.631
2026-01-03T08:08:59.817843Z,INTERACTIVE,0.216,4.482
2026-01-03T08:08:59.942508Z,INTERACTIVE,0.208,4.395
2026-01-03T08:09:00.066176Z,INTERACTIVE,0.202,4.284
2026-01-03T08:09:00.192523Z,INTERACTIVE,0.201,4.102
2026-01-03T08:09:00.321178Z,INTERACTIVE,0.2,4.005
2026-01-03T08:09:00.474766Z,INTERACTIVE,0.202,3.925
2026-01-03T08:09:00.599431Z,INTERACTIVE,0.203,3.951
2026-01-03T08:09:00.822830Z,INTERACTIVE,0.209,3.994
2026-01-03T08:09:00.977504Z,INTERACTIVE,0.211,4.12
2026-01-03T08:09:01.102219Z,INTERACTIVE,0.215,4.159
2026-01-03T08:09:01.239707Z,INTERACTIVE,0.221,4.166
2026-01-03T08:09:01.362886Z,INTERACTIVE,0.23,4.175
2026-01-03T08:09:01.488886Z,INTERACTIVE,0.236,4.232
2026-01-03T08:09:01.614891Z,INTERACTIVE,0.242,4.407
2026-01-03T08:09:01.739888Z,INTERACTIVE,0.244,4.65
2026-01-03T08:09:01.864869Z,INTERACTIVE,0.243,4.896
2026-01-03T08:09:01.988875Z,INTERACTIVE,0.24,5.145
2026-01-03T08:09:02.097059Z,INTERACTIVE,0.235,5.324
2026-01-03T08:09:02.238679Z,INTERACTIVE,0.227,5.365
2026-01-03T08:09:02.394262Z,INTERACTIVE,0.218,5.334
2026-01-03T08:09:02.518925Z,INTERACTIVE,0.208,5.308
2026-01-03T08:09:02.643653Z,INTERACTIVE,0.2,5.289
2026-01-03T08:09:02.767644Z,INTERACTIVE,0.191,5.249
2026-01-03T08:09:02.892583Z,INTERACTIVE,0.186,5.177
2026-01-03T08:09:03.018733Z,INTERACTIVE,0.181,5.163
2026-01-03T08:09:03.127275Z,INTERACTIVE,0.179,5.13
2026-01-03T08:09:03.252747Z,INTERACTIVE,0.178,5.143
2026-01-03T08:09:03.376416Z,INTERACTIVE,0.176,5.193
2026-01-03T08:09:03.486758Z,INTERACTIVE,0.173,5.291
2026-01-03T08:09:03.611363Z,INTERACTIVE,0.172,5.332
2026-01-03T08:09:03.720894Z,INTERACTIVE,0.17,5.381
2026-01-03T08:09:03.844785Z,INTERACTIVE,0.167,5.382
2026-01-03T08:09:03.966807Z,INTERACTIVE,0.162,5.379
2026-01-03T08:09:04.075073Z,INTERACTIVE,0.158,5.302
2026-01-03T08:09:04.199931Z,INTERACTIVE,0.154,5.22
2026-01-03T08:09:04.324303Z,INTERACTIVE,0.156,16.929
2026-01-03T08:09:04.447324Z,INTERACTIVE,0.152,34.447
2026-01-03T08:09:04.602906Z,INTERACTIVE,0.152,51.963
2026-01-03T08:09:04.727670Z,PASSIVE,0.15,69.552
2026-01-03T08:09:04.850952Z,PASSIVE,0.146,87.15
2026-01-03T08:09:04.976701Z,PASSIVE,0.136,92.962
2026-01-03T08:09:05.084660Z,PASSIVE,0.128,92.965
2026-01-03T08:09:05.208348Z,PASSIVE,0.12,92.96
2026-01-03T08:09:05.332238Z,PASSIVE,0.113,92.952
2026-01-03T08:09:05.473859Z,PASSIVE,0.11,92.944
2026-01-03T08:09:05.595991Z,PASSIVE,0.111,92.935
2026-01-03T08:09:05.718294Z,PASSIVE,0.117,97.056
2026-01-03T08:09:05.842960Z,PASSIVE,0.123,104.863
2026-01-03T08:09:05.968988Z,PASSIVE,0.13,112.677
2026-01-03T08:09:06.092471Z,PASSIVE,0.136,120.49
2026-01-03T08:09:06.217137Z,PASSIVE,0.141,128.303
2026-01-03T08:09:06.415700Z,PASSIVE,0.144,131.986
2026-01-03T08:09:06.554350Z,PASSIVE,0.146,131.991
2026-01-03T08:09:06.692905Z,PASSIVE,0.15,131.99
2026-01-03T08:09:06.813978Z,PASSIVE,0.154,131.991
2026-01-03T08:09:06.926316Z,PASSIVE,0.157,131.99
2026-01-03T08:09:07.063949Z,PASSIVE,0.158,131.988
2026-01-03T08:09:07.172343Z,PASSIVE,0.159,131.987
2026-01-03T08:09:07.296250Z,PASSIVE,0.157,131.988
2026-01-03T08:09:07.420901Z,PASSIVE,0.156,131.988
2026-01-03T08:09:07.546062Z,PASSIVE,0.154,131.994
2026-01-03T08:09:07.669774Z,PASSIVE,0.153,132.003
2026-01-03T08:09:07.792283Z,PASSIVE,0.154,132.017
2026-01-03T08:09:07.914011Z,PASSIVE,0.16,132.028
2026-01-03T08:09:08.039706Z,PASSIVE,0.161,128.526
2026-01-03T08:09:08.176304Z,PASSIVE,0.164,120.908
2026-01-03T08:09:08.271815Z,PASSIVE,0.171,113.285
2026-01-03T08:09:08.395536Z,PASSIVE,0.177,105.658
2026-01-03T08:09:08.522197Z,PASSIVE,0.185,98.032
2026-01-03T08:09:08.646859Z,PASSIVE,0.199,93.92
2026-01-03T08:09:08.772525Z,PASSIVE,0.213,93.916
2026-01-03T08:09:08.916137Z,PASSIVE,0.222,93.912
2026-01-03T08:09:09.119590Z,PASSIVE,0.232,93.907
2026-01-03T08:09:09.245254Z,INTERACTIVE,0.235,93.904
2026-01-03T08:09:09.415795Z,INTERACTIVE,0.234,93.903
2026-01-03T08:09:09.555269Z,INTERACTIVE,0.231,88.225
2026-01-03T08:09:09.723816Z,INTERACTIVE,0.228,70.699
2026-01-03T08:09:09.880000Z,INTERACTIVE,0.223,53.098
2026-01-03T08:09:10.004700Z,INTERACTIVE,0.219,35.493
2026-01-03T08:09:10.129042Z,INTERACTIVE,0.216,17.89
2026-01-03T08:09:10.252670Z,INTERACTIVE,0.217,5.956
2026-01-03T08:09:10.376748Z,INTERACTIVE,0.218,5.873
2026-01-03T08:09:10.486828Z,INTERACTIVE,0.216,5.846
2026-01-03T08:09:10.609554Z,INTERACTIVE,0.214,5.808
2026-01-03T08:09:10.717870Z,INTERACTIVE,0.214,5.773
2026-01-03T08:09:10.842301Z,INTERACTIVE,0.214,5.743
2026-01-03T08:09:10.952073Z,INTERACTIVE,0.214,5.697
2026-01-03T08:09:11.076106Z,INTERACTIVE,0.217,5.631
2026-01-03T08:09:11.199105Z,INTERACTIVE,0.22,5.573
2026-01-03T08:09:11.322094Z,INTERACTIVE,0.222,5.451
2026-01-03T08:09:11.432162Z,INTERACTIVE,0.224,5.24
2026-01-03T08:09:11.541820Z,PASSIVE,0.228,4.954
2026-01-03T08:09:11.665610Z,PASSIVE,0.227,4.707
2026-01-03T08:09:11.789191Z,PASSIVE,0.227,4.465
2026-01-03T08:09:11.913876Z,PASSIVE,0.228,4.285
2026-01-03T08:09:12.037114Z,PASSIVE,0.225,4.2
2026-01-03T08:09:12.161637Z,PASSIVE,0.219,4.171
2026-01-03T08:09:12.301264Z,INTERACTIVE,0.211,4.147
2026-01-03T08:09:12.440125Z,INTERACTIVE,0.201,4.121
2026-01-03T08:09:12.565515Z,INTERACTIVE,0.193,4.087
2026-01-03T08:09:12.693037Z,INTERACTIVE,0.194,4.056
2026-01-03T08:09:12.818176Z,INTERACTIVE,0.196,3.999
2026-01-03T08:09:12.927423Z,INTERACTIVE,0.205,3.871
2026-01-03T08:09:13.036060Z,INTERACTIVE,0.216,3.715
2026-01-03T08:09:13.144816Z,INTERACTIVE,0.225,3.58
2026-01-03T08:09:13.266521Z,INTERACTIVE,0.23,3.755
2026-01-03T08:09:13.362157Z,INTERACTIVE,0.237,15.366
2026-01-03T08:09:13.485375Z,INTERACTIVE,0.244,27.034
2026-01-03T08:09:13.611220Z,INTERACTIVE,0.25,38.73
2026-01-03T08:09:13.735797Z,INTERACTIVE,0.252,50.415
2026-01-03T08:09:13.860222Z,INTERACTIVE,0.257,67.449
2026-01-03T08:09:13.984359Z,INTERACTIVE,0.259,73.107
2026-01-03T08:09:14.094447Z,INTERACTIVE,0.263,78.77
2026-01-03T08:09:14.217964Z,INTERACTIVE,0.264,84.436
2026-01-03T08:09:14.327728Z,INTERACTIVE,0.268,90.098
2026-01-03T08:09:14.436244Z,INTERACTIVE,0.268,90.104
2026-01-03T08:09:14.547288Z,INTERACTIVE,0.266,90.109
2026-01-03T08:09:14.670034Z,INTERACTIVE,0.264,90.115
2026-01-03T08:09:14.793270Z,INTERACTIVE,0.265,90.121
2026-01-03T08:09:14.918529Z,INTERACTIVE,0.264,90.124
2026-01-03T08:09:15.044265Z,INTERACTIVE,0.261,90.122
2026-01-03T08:09:15.168040Z,INTERACTIVE,0.259,90.119
2026-01-03T08:09:15.295464Z,INTERACTIVE,0.255,90.116
2026-01-03T08:09:15.420284Z,INTERACTIVE,0.25,90.114
2026-01-03T08:09:15.543802Z,INTERACTIVE,0.249,90.112
2026-01-03T08:09:15.667895Z,INTERACTIVE,0.251,90.112
2026-01-03T08:09:15.872347Z,INTERACTIVE,0.252,90.112
2026-01-03T08:09:16.026931Z,INTERACTIVE,0.252,90.11
2026-01-03T08:09:16.165559Z,INTERACTIVE,0.248,90.109
2026-01-03T08:09:16.415887Z,INTERACTIVE,0.237,90.109
2026-01-03T08:09:16.557193Z,INTERACTIVE,0.224,90.109
2026-01-03T08:09:16.726761Z,INTERACTIVE,0.213,90.116
2026-01-03T08:09:16.850793Z,INTERACTIVE,0.203,90.123
2026-01-03T08:09:16.975796Z,INTERACTIVE,0.197,90.134
2026-01-03T08:09:17.099798Z,INTERACTIVE,0.194,90.135
2026-01-03T08:09:17.227297Z,INTERACTIVE,0.19,84.839
2026-01-03T08:09:17.369959Z,INTERACTIVE,0.188,79.547
2026-01-03T08:09:17.494753Z,INTERACTIVE,0.186,74.241
2026-01-03T08:09:17.633400Z,INTERACTIVE,0.189,74.429
2026-01-03T08:09:17.772930Z,INTERACTIVE,0.188,74.698
2026-01-03T08:09:17.895893Z,INTERACTIVE,0.193,80.264
2026-01-03T08:09:18.019872Z,INTERACTIVE,0.195,85.819
2026-01-03T08:09:18.177450Z,INTERACTIVE,0.198,91.388
2026-01-03T08:09:18.315056Z,INTERACTIVE,0.198,91.457
2026-01-03T08:09:18.439789Z,INTERACTIVE,0.204,91.453
2026-01-03T08:09:18.564985Z,INTERACTIVE,0.214,91.45
2026-01-03T08:09:18.692427Z,INTERACTIVE,0.224,91.45
2026-01-03T08:09:18.866328Z,INTERACTIVE,0.232,91.449
2026-01-03T08:09:18.992048Z,INTERACTIVE,0.242,91.45
2026-01-03T08:09:19.148654Z,INTERACTIVE,0.25,91.454
2026-01-03T08:09:19.287269Z,INTERACTIVE,0.251,91.461
2026-01-03T08:09:19.412264Z,INTERACTIVE,0.252,95.614
2026-01-03T08:09:19.537525Z,INTERACTIVE,0.255,103.438
2026-01-03T08:09:19.677149Z,INTERACTIVE,0.251,111.263
2026-01-03T08:09:19.814384Z,INTERACTIVE,0.248,119.088
2026-01-03T08:09:19.939855Z,INTERACTIVE,0.245,126.907
2026-01-03T08:09:20.061982Z,INTERACTIVE,0.242,130.579
2026-01-03T08:09:20.186082Z,INTERACTIVE,0.24,130.579
2026-01-03T08:09:20.339670Z,INTERACTIVE,0.243,133.484
2026-01-03T08:09:20.477706Z,INTERACTIVE,0.245,136.388
2026-01-03T08:09:20.601299Z,INTERACTIVE,0.247,139.28
2026-01-03T08:09:20.724235Z,INTERACTIVE,0.246,142.169
2026-01-03T08:09:20.849816Z,INTERACTIVE,0.243,145.06
2026-01-03T08:09:20.975737Z,INTERACTIVE,0.239,145.037
2026-01-03T08:09:21.145282Z,INTERACTIVE,0.234,145.014
2026-01-03T08:09:21.284622Z,INTERACTIVE,0.231,145.006
2026-01-03T08:09:21.407528Z,INTERACTIVE,0.231,144.998
2026-01-03T08:09:21.549715Z,INTERACTIVE,0.229,142.112
2026-01-03T08:09:21.688367Z,INTERACTIVE,0.226,139.22
2026-01-03T08:09:21.812421Z,INTERACTIVE,0.221,139.398
2026-01-03T08:09:21.953071Z,INTERACTIVE,0.216,139.572
2026-01-03T08:09:22.078461Z,INTERACTIVE,0.208,139.747
2026-01-03T08:09:22.218079Z,INTERACTIVE,0.206,142.799
2026-01-03T08:09:22.372977Z,INTERACTIVE,0.202,148.742
2026-01-03T08:09:22.513655Z,INTERACTIVE,0.192,151.618
2026-01-03T08:09:22.637635Z,INTERACTIVE,0.183,154.491
2026-01-03T08:09:22.762013Z,INTERACTIVE,0.175,157.369
2026-01-03T08:09:22.914607Z,INTERACTIVE,0.162,160.246
2026-01-03T08:09:23.053733Z,INTERACTIVE,0.152,160.248
2026-01-03T08:09:23.177098Z,INTERACTIVE,0.148,160.246
2026-01-03T08:09:23.299815Z,INTERACTIVE,0.147,157.298
2026-01-03T08:09:23.422838Z,INTERACTIVE,0.145,151.322
2026-01-03T08:09:23.546843Z,INTERACTIVE,0.148,148.309
2026-01-03T08:09:23.688498Z,INTERACTIVE,0.15,148.185
2026-01-03T08:09:23.828572Z,INTERACTIVE,0.155,150.633
2026-01-03T08:09:23.952676Z,INTERACTIVE,0.158,158.565
2026-01-03T08:09:24.075466Z,INTERACTIVE,0.162,169.525
2026-01-03T08:09:24.215940Z,INTERACTIVE,0.162,177.627
2026-01-03T08:09:24.355648Z,INTERACTIVE,0.164,184.857
2026-01-03T08:09:24.480646Z,INTERACTIVE,0.164,189.517
2026-01-03T08:09:24.622266Z,INTERACTIVE,0.163,191.637
2026-01-03T08:09:24.748563Z,INTERACTIVE,0.162,193.757
2026-01-03T08:09:24.872435Z,INTERACTIVE,0.163,195.771
2026-01-03T08:09:24.996501Z,INTERACTIVE,0.162,195.767
2026-01-03T08:09:25.120276Z,INTERACTIVE,0.158,195.771
2026-01-03T08:09:25.245048Z,INTERACTIVE,0.154,195.776
2026-01-03T08:09:25.368820Z,INTERACTIVE,0.149,195.783
2026-01-03T08:09:25.491444Z,INTERACTIVE,0.144,193.654
2026-01-03T08:09:25.616622Z,INTERACTIVE,0.141,188.999
2026-01-03T08:09:25.784173Z,INTERACTIVE,0.142,184.336
2026-01-03T08:09:25.926687Z,INTERACTIVE,0.144,179.672
2026-01-03T08:09:26.051906Z,INTERACTIVE,0.144,175.01
2026-01-03T08:09:26.208488Z,INTERACTIVE,0.144,170.01
2026-01-03T08:09:26.344348Z,INTERACTIVE,0.144,167.534
2026-01-03T08:09:26.466733Z,INTERACTIVE,0.144,165.059
2026-01-03T08:09:26.592558Z,INTERACTIVE,0.145,162.586
2026-01-03T08:09:26.745148Z,INTERACTIVE,0.148,160.109
2026-01-03T08:09:27.049331Z,INTERACTIVE,0.153,162.545
2026-01-03T08:09:27.188768Z,INTERACTIVE,0.158,164.99
2026-01-03T08:09:27.342193Z,INTERACTIVE,0.161,167.433
2026-01-03T08:09:27.464460Z,INTERACTIVE,0.163,169.875
2026-01-03T08:09:27.588658Z,INTERACTIVE,0.164,169.861
2026-01-03T08:09:27.835003Z,INTERACTIVE,0.166,164.522
2026-01-03T08:09:27.974655Z,INTERACTIVE,0.165,159.072
2026-01-03T08:09:28.100503Z,INTERACTIVE,0.168,153.654
2026-01-03T08:09:28.226821Z,INTERACTIVE,0.171,148.242
2026-01-03T08:09:28.352350Z,INTERACTIVE,0.176,142.248
2026-01-03T08:09:28.476880Z,INTERACTIVE,0.179,139.215
2026-01-03T08:09:28.600644Z,INTERACTIVE,0.181,136.285
2026-01-03T08:09:28.723941Z,INTERACTIVE,0.185,133.325
2026-01-03T08:09:28.848653Z,INTERACTIVE,0.188,130.363
2026-01-03T08:09:28.988956Z,INTERACTIVE,0.191,133.337
2026-01-03T08:09:29.128582Z,INTERACTIVE,0.199,139.204
2026-01-03T08:09:29.282168Z,INTERACTIVE,0.208,147.6
2026-01-03T08:09:29.421794Z,INTERACTIVE,0.214,155.992
2026-01-03T08:09:29.704037Z,INTERACTIVE,0.22,166.952
2026-01-03T08:09:29.905496Z,INTERACTIVE,0.226,175.015
2026-01-03T08:09:30.091999Z,INTERACTIVE,0.229,180.106
2026-01-03T08:09:30.231626Z,INTERACTIVE,0.231,182.67
2026-01-03T08:09:30.371634Z,INTERACTIVE,0.232,185.236
2026-01-03T08:09:30.496456Z,INTERACTIVE,0.234,185.231
2026-01-03T08:09:30.635340Z,INTERACTIVE,0.234,187.473
2026-01-03T08:09:30.776961Z,INTERACTIVE,0.231,189.722
2026-01-03T08:09:30.916851Z,INTERACTIVE,0.234,194.145
2026-01-03T08:09:31.057958Z,INTERACTIVE,0.237,198.571
2026-01-03T08:09:31.181844Z,INTERACTIVE,0.242,202.998
2026-01-03T08:09:31.320838Z,INTERACTIVE,0.245,203.022
2026-01-03T08:09:31.446366Z,INTERACTIVE,0.248,203.047
2026-01-03T08:09:31.584307Z,INTERACTIVE,0.25,200.899
2026-01-03T08:09:31.723006Z,INTERACTIVE,0.249,198.75
2026-01-03T08:09:31.844890Z,INTERACTIVE,0.245,196.603
2026-01-03T08:09:31.983976Z,INTERACTIVE,0.242,196.611
2026-01-03T08:09:32.108544Z,INTERACTIVE,0.241,194.452
2026-01-03T08:09:32.233018Z,INTERACTIVE,0.236,189.741
2026-01-03T08:09:32.356549Z,INTERACTIVE,0.232,185.033
2026-01-03T08:09:32.499068Z,INTERACTIVE,0.23,180.319
2026-01-03T08:09:32.667629Z,PASSIVE,0.23,173.251
2026-01-03T08:09:32.807403Z,PASSIVE,0.234,168.352
2026-01-03T08:09:32.931706Z,PASSIVE,0.236,166.008
2026-01-03T08:09:33.053619Z,PASSIVE,0.242,163.662
2026-01-03T08:09:33.333090Z,INTERACTIVE,0.244,158.551
2026-01-03T08:09:33.457122Z,INTERACTIVE,0.244,152.766
2026-01-03T08:09:33.579746Z,INTERACTIVE,0.243,143.334
2026-01-03T08:09:33.718435Z,INTERACTIVE,0.241,133.895
2026-01-03T08:09:33.856011Z,INTERACTIVE,0.241,120.319
2026-01-03T08:09:33.977213Z,INTERACTIVE,0.241,109.508
2026-01-03T08:09:34.100578Z,INTERACTIVE,0.245,101.725
2026-01-03T08:09:34.224569Z,INTERACTIVE,0.246,97.581
2026-01-03T08:09:34.349014Z,INTERACTIVE,0.252,93.442
2026-01-03T08:09:34.473575Z,INTERACTIVE,0.256,93.439
2026-01-03T08:09:34.598497Z,INTERACTIVE,0.261,87.651
2026-01-03T08:09:34.738744Z,INTERACTIVE,0.266,81.864
2026-01-03T08:09:34.877348Z,INTERACTIVE,0.267,64.464
2026-01-03T08:09:35.002347Z,INTERACTIVE,0.263,47.062
2026-01-03T08:09:35.125778Z,INTERACTIVE,0.258,29.664
2026-01-03T08:09:35.251198Z,INTERACTIVE,0.252,18.055
2026-01-03T08:09:35.390857Z,INTERACTIVE,0.246,6.453
2026-01-03T08:09:35.529117Z,INTERACTIVE,0.24,6.462
2026-01-03T08:09:35.650669Z,INTERACTIVE,0.237,6.472
2026-01-03T08:09:35.788804Z,INTERACTIVE,0.236,6.464
2026-01-03T08:09:35.974914Z,INTERACTIVE,0.235,6.478
2026-01-03T08:09:36.128330Z,INTERACTIVE,0.232,6.473
2026-01-03T08:09:36.253699Z,INTERACTIVE,0.232,6.47
2026-01-03T08:09:36.377330Z,INTERACTIVE,0.23,6.467
2026-01-03T08:09:36.502029Z,INTERACTIVE,0.225,6.457
2026-01-03T08:09:36.624679Z,INTERACTIVE,0.221,6.428
2026-01-03T08:09:36.884263Z,INTERACTIVE,0.213,6.162
2026-01-03T08:09:37.010264Z,INTERACTIVE,0.205,5.877
2026-01-03T08:09:37.149684Z,INTERACTIVE,0.197,5.611
2026-01-03T08:09:37.290726Z,INTERACTIVE,0.19,5.359
2026-01-03T08:09:37.413738Z,INTERACTIVE,0.184,5.088
2026-01-03T08:09:37.537038Z,INTERACTIVE,0.179,5.016
2026-01-03T08:09:37.660765Z,INTERACTIVE,0.176,4.949
2026-01-03T08:09:37.786670Z,INTERACTIVE,0.173,4.755
2026-01-03T08:09:37.908774Z,INTERACTIVE,0.17,4.566
2026-01-03T08:09:38.033096Z,INTERACTIVE,0.164,4.393
2026-01-03T08:09:38.158073Z,INTERACTIVE,0.16,4.271
2026-01-03T08:09:38.280078Z,INTERACTIVE,0.152,4.122
2026-01-03T08:09:38.404140Z,INTERACTIVE,0.146,4.084
2026-01-03T08:09:38.528770Z,INTERACTIVE,0.14,4.049
2026-01-03T08:09:38.653750Z,INTERACTIVE,0.139,4.003
2026-01-03T08:09:38.793543Z,INTERACTIVE,0.136,3.994
2026-01-03T08:09:38.918965Z,INTERACTIVE,0.136,4.017
2026-01-03T08:09:39.043959Z,INTERACTIVE,0.136,4.048
2026-01-03T08:09:39.167330Z,PASSIVE,0.136,4.145
2026-01-03T08:09:39.306753Z,PASSIVE,0.135,4.221
2026-01-03T08:09:39.432593Z,PASSIVE,0.135,4.27
2026-01-03T08:09:39.572751Z,PASSIVE,0.136,4.34
2026-01-03T08:09:39.696466Z,PASSIVE,0.134,4.4
2026-01-03T08:09:39.834688Z,PASSIVE,0.132,4.356
2026-01-03T08:09:39.958609Z,PASSIVE,0.13,4.352
2026-01-03T08:09:40.082397Z,PASSIVE,0.13,4.334
2026-01-03T08:09:40.237311Z,PASSIVE,0.127,4.308
2026-01-03T08:09:40.361904Z,PASSIVE,0.126,4.281
2026-01-03T08:09:40.484833Z,PASSIVE,0.126,4.311
2026-01-03T08:09:40.609579Z,PASSIVE,0.125,4.285
2026-01-03T08:09:40.733308Z,PASSIVE,0.124,4.27
2026-01-03T08:09:40.962691Z,PASSIVE,0.123,4.187
2026-01-03T08:09:41.072396Z,PASSIVE,0.124,4.078
2026-01-03T08:09:41.198384Z,PASSIVE,0.126,3.977
2026-01-03T08:09:41.293715Z,PASSIVE,0.127,4.04
2026-01-03T08:09:41.435237Z,PASSIVE,0.128,4.09
2026-01-03T08:09:41.574862Z,PASSIVE,0.129,4.241
2026-01-03T08:09:41.760364Z,PASSIVE,0.131,4.518
2026-01-03T08:09:41.944045Z,PASSIVE,0.132,4.783
2026-01-03T08:09:42.067361Z,PASSIVE,0.133,4.951
2026-01-03T08:09:42.210928Z,PASSIVE,0.134,5.121
2026-01-03T08:09:42.334793Z,PASSIVE,0.135,5.267
2026-01-03T08:09:42.460582Z,PASSIVE,0.134,5.314
2026-01-03T08:09:42.585880Z,PASSIVE,0.133,5.348
2026-01-03T08:09:42.709345Z,PASSIVE,0.133,5.307
2026-01-03T08:09:42.833180Z,PASSIVE,0.134,5.264
2026-01-03T08:09:42.957623Z,PASSIVE,0.134,5.212
2026-01-03T08:09:43.081966Z,PASSIVE,0.134,5.087
2026-01-03T08:09:43.206237Z,PASSIVE,0.134,4.961
2026-01-03T08:09:43.316492Z,PASSIVE,0.133,4.884
2026-01-03T08:09:43.440906Z,PASSIVE,0.129,4.794
2026-01-03T08:09:43.564957Z,INTERACTIVE,0.127,4.7
2026-01-03T08:09:43.674609Z,INTERACTIVE,0.126,4.678
2026-01-03T08:09:43.783357Z,INTERACTIVE,0.124,4.65
2026-01-03T08:09:43.904568Z,INTERACTIVE,0.123,4.63
2026-01-03T08:09:43.997611Z,INTERACTIVE,0.124,4.625
2026-01-03T08:09:44.119280Z,INTERACTIVE,0.125,4.638
2026-01-03T08:09:44.214436Z,INTERACTIVE,0.126,4.647
2026-01-03T08:09:44.308959Z,INTERACTIVE,0.127,4.661
2026-01-03T08:09:44.434657Z,INTERACTIVE,0.127,4.586
2026-01-03T08:09:44.576345Z,INTERACTIVE,0.129,4.523
2026-01-03T08:09:44.686246Z,INTERACTIVE,0.129,4.468
2026-01-03T08:09:44.795738Z,INTERACTIVE,0.129,4.439
2026-01-03T08:09:44.906564Z,INTERACTIVE,0.128,4.305
2026-01-03T08:09:45.016379Z,INTERACTIVE,0.127,4.259
2026-01-03T08:09:45.125196Z,INTERACTIVE,0.123,4.165
2026-01-03T08:09:45.219593Z,INTERACTIVE,0.118,3.907
2026-01-03T08:09:45.343807Z,INTERACTIVE,0.115,3.677
2026-01-03T08:09:45.453727Z,INTERACTIVE,0.112,3.53
2026-01-03T08:09:45.579348Z,INTERACTIVE,0.11,3.385
2026-01-03T08:09:45.702502Z,PASSIVE,0.107,3.258
2026-01-03T08:09:45.827907Z,PASSIVE,0.106,3.268
2026-01-03T08:09:45.936594Z,PASSIVE,0.103,3.227
2026-01-03T08:09:46.046436Z,PASSIVE,0.1,3.204
2026-01-03T08:09:46.170450Z,PASSIVE,0.096,3.199
2026-01-03T08:09:46.279366Z,PASSIVE,0.093,3.204
2026-01-03T08:09:46.387567Z,PASSIVE,0.092,3.205
2026-01-03T08:09:46.498640Z,PASSIVE,0.092,3.282
2026-01-03T08:09:46.608044Z,PASSIVE,0.093,3.36
2026-01-03T08:09:46.731021Z,PASSIVE,0.095,3.433
2026-01-03T08:09:46.825531Z,PASSIVE,0.099,3.515
2026-01-03T08:09:46.949466Z,PASSIVE,0.104,3.604
2026-01-03T08:09:47.059934Z,PASSIVE,0.106,3.62
2026-01-03T08:09:47.182094Z,PASSIVE,0.106,3.637
2026-01-03T08:09:47.302954Z,PASSIVE,0.107,3.663
2026-01-03T08:09:47.429018Z,PASSIVE,0.106,3.674
2026-01-03T08:09:47.520614Z,PASSIVE,0.105,3.663
2026-01-03T08:09:47.644620Z,PASSIVE,0.103,3.655
2026-01-03T08:09:47.754472Z,PASSIVE,0.104,3.65
2026-01-03T08:09:47.879417Z,PASSIVE,0.102,3.619
2026-01-03T08:09:48.001339Z,PASSIVE,0.101,3.561
2026-01-03T08:09:48.095044Z,PASSIVE,0.098,3.468
2026-01-03T08:09:48.204974Z,PASSIVE,0.096,3.388
2026-01-03T08:09:48.315550Z,PASSIVE,0.095,3.307
2026-01-03T08:09:48.423358Z,PASSIVE,0.096,3.221
2026-01-03T08:09:48.531551Z,PASSIVE,0.096,3.177
2026-01-03T08:09:48.654636Z,PASSIVE,0.095,3.103
2026-01-03T08:09:48.779912Z,PASSIVE,0.096,3.01
2026-01-03T08:09:48.979365Z,PASSIVE,0.095,2.936
2026-01-03T08:09:49.102541Z,PASSIVE,0.094,2.872
2026-01-03T08:09:49.210574Z,PASSIVE,0.095,2.809
2026-01-03T08:09:49.319648Z,PASSIVE,0.096,2.825
2026-01-03T08:09:49.429495Z,PASSIVE,0.097,2.86
2026-01-03T08:09:49.553638Z,PASSIVE,0.102,3.008
2026-01-03T08:09:49.664388Z,PASSIVE,0.107,3.296
2026-01-03T08:09:49.788027Z,PASSIVE,0.113,3.587
2026-01-03T08:09:49.912886Z,PASSIVE,0.116,3.825
2026-01-03T08:09:50.020181Z,PASSIVE,0.119,4.048
2026-01-03T08:09:50.147983Z,PASSIVE,0.119,4.121
2026-01-03T08:09:50.271984Z,PASSIVE,0.115,4.057
2026-01-03T08:09:50.382022Z,PASSIVE,0.114,3.986
2026-01-03T08:09:50.491399Z,PASSIVE,0.116,3.971
2026-01-03T08:09:50.616927Z,PASSIVE,0.118,3.963
2026-01-03T08:09:50.741102Z,PASSIVE,0.119,3.95
2026-01-03T08:09:50.849358Z,PASSIVE,0.122,3.931
2026-01-03T08:09:50.957668Z,PASSIVE,0.122,3.915
2026-01-03T08:09:51.066588Z,PASSIVE,0.121,3.898
2026-01-03T08:09:51.192088Z,PASSIVE,0.12,3.87
2026-01-03T08:09:51.316322Z,PASSIVE,0.119,3.858
2026-01-03T08:09:51.425818Z,PASSIVE,0.118,3.855
2026-01-03T08:09:51.521301Z,PASSIVE,0.119,3.868
2026-01-03T08:09:51.643101Z,PASSIVE,0.121,3.865
2026-01-03T08:09:51.767368Z,PASSIVE,0.121,3.898
2026-01-03T08:09:51.876769Z,PASSIVE,0.122,3.942
2026-01-03T08:09:51.987174Z,PASSIVE,0.126,3.992
2026-01-03T08:09:52.095546Z,PASSIVE,0.127,4.03
2026-01-03T08:09:52.219693Z,PASSIVE,0.129,4.091
2026-01-03T08:09:52.329172Z,PASSIVE,0.135,4.122
2026-01-03T08:09:52.451925Z,PASSIVE,0.143,4.146
2026-01-03T08:09:52.561814Z,PASSIVE,0.151,4.156
2026-01-03T08:09:52.672242Z,PASSIVE,0.158,4.165
2026-01-03T08:09:52.793783Z,PASSIVE,0.165,4.163
2026-01-03T08:09:52.919971Z,PASSIVE,0.171,4.097
2026-01-03T08:09:53.044777Z,PASSIVE,0.172,3.863
2026-01-03T08:09:53.169646Z,PASSIVE,0.172,3.651
2026-01-03T08:09:53.294666Z,INTERACTIVE,0.173,3.457
2026-01-03T08:09:53.420756Z,INTERACTIVE,0.176,3.275
2026-01-03T08:09:53.545482Z,INTERACTIVE,0.181,3.219
2026-01-03T08:09:53.669861Z,INTERACTIVE,0.193,3.386
2026-01-03T08:09:53.794767Z,INTERACTIVE,0.204,3.526
2026-01-03T08:09:53.902134Z,INTERACTIVE,0.215,3.663
2026-01-03T08:09:54.086695Z,PASSIVE,0.224,3.795
2026-01-03T08:09:54.228283Z,PASSIVE,0.231,3.85
2026-01-03T08:09:54.353946Z,PASSIVE,0.237,3.919
2026-01-03T08:09:54.477614Z,PASSIVE,0.245,3.991
2026-01-03T08:09:54.602279Z,PASSIVE,0.255,4.053
2026-01-03T08:09:54.741904Z,PASSIVE,0.272,4.143
2026-01-03T08:09:54.862580Z,PASSIVE,0.288,4.258
2026-01-03T08:09:54.987245Z,INTERACTIVE,0.3,4.301
2026-01-03T08:09:55.109916Z,INTERACTIVE,0.309,4.345
2026-01-03T08:09:55.233583Z,INTERACTIVE,0.317,4.386
2026-01-03T08:09:55.359246Z,INTERACTIVE,0.318,4.363
2026-01-03T08:09:55.496876Z,INTERACTIVE,0.322,4.417
2026-01-03T08:09:55.619548Z,INTERACTIVE,0.328,4.465
2026-01-03T08:09:55.742217Z,INTERACTIVE,0.333,4.519
2026-01-03T08:09:55.865885Z,INTERACTIVE,0.338,4.556
2026-01-03T08:09:55.990550Z,INTERACTIVE,0.339,4.623
2026-01-03T08:09:56.112224Z,INTERACTIVE,0.333,4.611
2026-01-03T08:09:56.236889Z,INTERACTIVE,0.325,4.607
2026-01-03T08:09:56.361553Z,INTERACTIVE,0.318,4.597
2026-01-03T08:09:56.498187Z,PASSIVE,0.312,4.59
2026-01-03T08:09:56.624057Z,PASSIVE,0.306,4.561
2026-01-03T08:09:56.750671Z,PASSIVE,0.302,4.522
2026-01-03T08:09:56.875336Z,PASSIVE,0.299,4.468
2026-01-03T08:09:57.000001Z,PASSIVE,0.296,4.435
2026-01-03T08:09:57.110302Z,PASSIVE,0.292,4.408
2026-01-03T08:09:57.234641Z,INTERACTIVE,0.286,4.403
2026-01-03T08:09:57.357393Z,INTERACTIVE,0.275,4.365
2026-01-03T08:09:57.485050Z,INTERACTIVE,0.262,4.347
2026-01-03T08:09:57.611729Z,INTERACTIVE,0.251,4.305
2026-01-03T08:09:57.737199Z,INTERACTIVE,0.242,4.261
2026-01-03T08:09:57.863243Z,INTERACTIVE,0.236,4.235
2026-01-03T08:09:57.974586Z,INTERACTIVE,0.232,4.209
2026-01-03T08:09:58.099199Z,INTERACTIVE,0.227,4.194
2026-01-03T08:09:58.224282Z,INTERACTIVE,0.222,4.18
2026-01-03T08:09:58.350211Z,INTERACTIVE,0.209,4.126
2026-01-03T08:09:58.476921Z,INTERACTIVE,0.195,4.052
2026-01-03T08:09:58.601983Z,PASSIVE,0.186,4.015
2026-01-03T08:09:58.725652Z,PASSIVE,0.179,3.933
2026-01-03T08:09:58.851599Z,PASSIVE,0.173,3.858
2026-01-03T08:09:58.975285Z,PASSIVE,0.178,3.831
2026-01-03T08:09:59.100911Z,INTERACTIVE,0.18,3.742
2026-01-03T08:09:59.210576Z,INTERACTIVE,0.178,3.663
2026-01-03T08:09:59.332500Z,INTERACTIVE,0.176,3.595
2026-01-03T08:09:59.458206Z,INTERACTIVE,0.172,3.525
2026-01-03T08:09:59.583650Z,INTERACTIVE,0.167,3.449
2026-01-03T08:09:59.694005Z,INTERACTIVE,0.169,3.438
2026-01-03T08:09:59.818340Z,INTERACTIVE,0.172,3.417
2026-01-03T08:09:59.945501Z,INTERACTIVE,0.174,3.413
2026-01-03T08:10:00.068816Z,INTERACTIVE,0.178,3.414
2026-01-03T08:10:00.194479Z,INTERACTIVE,0.179,3.368
2026-01-03T08:10:00.332110Z,INTERACTIVE,0.179,3.322
2026-01-03T08:10:00.457771Z,INTERACTIVE,0.179,3.267
2026-01-03T08:10:00.582437Z,INTERACTIVE,0.181,3.195
2026-01-03T08:10:00.708098Z,INTERACTIVE,0.18,3.118
2026-01-03T08:10:00.896593Z,INTERACTIVE,0.183,3.28
2026-01-03T08:10:01.037672Z,INTERACTIVE,0.185,3.486
2026-01-03T08:10:01.161631Z,INTERACTIVE,0.186,3.696
2026-01-03T08:10:01.285553Z,INTERACTIVE,0.185,3.923
2026-01-03T08:10:01.379584Z,INTERACTIVE,0.184,4.173
2026-01-03T08:10:01.474003Z,INTERACTIVE,0.177,4.218
2026-01-03T08:10:01.582813Z,INTERACTIVE,0.171,4.213
2026-01-03T08:10:01.691711Z,INTERACTIVE,0.166,4.205
2026-01-03T08:10:01.800048Z,INTERACTIVE,0.162,4.205
2026-01-03T08:10:01.894145Z,INTERACTIVE,0.16,4.18
2026-01-03T08:10:02.017755Z,INTERACTIVE,0.16,4.174
2026-01-03T08:10:02.110848Z,INTERACTIVE,0.161,4.176
2026-01-03T08:10:02.219474Z,INTERACTIVE,0.161,4.185
2026-01-03T08:10:02.328908Z,INTERACTIVE,0.16,4.184
2026-01-03T08:10:02.439404Z,INTERACTIVE,0.153,4.182
2026-01-03T08:10:02.547140Z,INTERACTIVE,0.147,4.154
2026-01-03T08:10:02.671832Z,INTERACTIVE,0.144,4.119
2026-01-03T08:10:02.796822Z,INTERACTIVE,0.143,4.082
2026-01-03T08:10:02.890078Z,INTERACTIVE,0.143,4.047
2026-01-03T08:10:03.014013Z,INTERACTIVE,0.147,4.012
2026-01-03T08:10:03.123897Z,INTERACTIVE,0.149,3.994
2026-01-03T08:10:03.233452Z,INTERACTIVE,0.149,3.984
2026-01-03T08:10:03.326912Z,INTERACTIVE,0.15,3.974
2026-01-03T08:10:03.436850Z,INTERACTIVE,0.15,3.958
2026-01-03T08:10:03.559502Z,INTERACTIVE,0.148,3.943
2026-01-03T08:10:03.685542Z,INTERACTIVE,0.146,3.935
2026-01-03T08:10:03.810612Z,INTERACTIVE,0.144,3.932
2026-01-03T08:10:03.903819Z,INTERACTIVE,0.14,3.922
2026-01-03T08:10:04.012682Z,INTERACTIVE,0.138,3.917
2026-01-03T08:10:04.107719Z,INTERACTIVE,0.138,3.623
2026-01-03T08:10:04.216152Z,INTERACTIVE,0.139,3.209
2026-01-03T08:10:04.340422Z,INTERACTIVE,0.14,2.842
2026-01-03T08:10:04.451135Z,INTERACTIVE,0.142,2.484
2026-01-03T08:10:04.558763Z,INTERACTIVE,0.145,2.078
2026-01-03T08:10:04.666768Z,INTERACTIVE,0.148,1.96
2026-01-03T08:10:04.761219Z,INTERACTIVE,0.15,1.957
2026-01-03T08:10:04.887609Z,INTERACTIVE,0.155,1.877
2026-01-03T08:10:04.980889Z,INTERACTIVE,0.157,1.754
2026-01-03T08:10:05.104317Z,INTERACTIVE,0.157,1.68
2026-01-03T08:10:05.210966Z,INTERACTIVE,0.16,1.593
2026-01-03T08:10:05.319866Z,INTERACTIVE,0.162,1.511
2026-01-03T08:10:05.446626Z,INTERACTIVE,0.162,1.454
2026-01-03T08:10:05.571652Z,INTERACTIVE,0.166,1.464
2026-01-03T08:10:05.680454Z,INTERACTIVE,0.172,1.476
2026-01-03T08:10:05.774472Z,INTERACTIVE,0.175,1.519
2026-01-03T08:10:05.898362Z,INTERACTIVE,0.176,1.586
2026-01-03T08:10:05.992260Z,INTERACTIVE,0.177,1.657
2026-01-03T08:10:06.086122Z,INTERACTIVE,0.175,1.748
2026-01-03T08:10:06.193285Z,INTERACTIVE,0.171,1.863
2026-01-03T08:10:06.287434Z,INTERACTIVE,0.167,1.961
2026-01-03T08:10:06.381207Z,INTERACTIVE,0.165,2.033
2026-01-03T08:10:06.476735Z,INTERACTIVE,0.161,2.111
2026-01-03T08:10:06.601383Z,INTERACTIVE,0.158,2.147
2026-01-03T08:10:06.712956Z,INTERACTIVE,0.157,2.159
2026-01-03T08:10:06.835553Z,INTERACTIVE,0.159,2.198
2026-01-03T08:10:06.929520Z,INTERACTIVE,0.161,2.253
2026-01-03T08:10:07.038438Z,INTERACTIVE,0.165,2.298
2026-01-03T08:10:07.165912Z,INTERACTIVE,0.168,2.352
2026-01-03T08:10:07.289195Z,INTERACTIVE,0.168,2.48
2026-01-03T08:10:07.384791Z,PASSIVE,0.167,2.582
2026-01-03T08:10:07.510233Z,PASSIVE,0.166,2.638
2026-01-03T08:10:07.635929Z,PASSIVE,0.165,2.695
2026-01-03T08:10:07.773426Z,PASSIVE,0.164,2.74
2026-01-03T08:10:07.897190Z,PASSIVE,0.165,2.716
2026-01-03T08:10:08.021553Z,PASSIVE,0.166,2.687
2026-01-03T08:10:08.128562Z,PASSIVE,0.164,2.691
2026-01-03T08:10:08.223148Z,PASSIVE,0.162,2.782
2026-01-03T08:10:08.318461Z,PASSIVE,0.16,2.879
2026-01-03T08:10:08.441149Z,PASSIVE,0.159,2.969
2026-01-03T08:10:08.563286Z,PASSIVE,0.158,3.069
2026-01-03T08:10:08.687572Z,PASSIVE,0.158,3.16
2026-01-03T08:10:08.797460Z,PASSIVE,0.155,3.163
2026-01-03T08:10:08.908695Z,PASSIVE,0.153,3.157
2026-01-03T08:10:09.002426Z,PASSIVE,0.149,3.171
2026-01-03T08:10:09.097087Z,PASSIVE,0.147,3.161
2026-01-03T08:10:09.205316Z,PASSIVE,0.144,3.154
2026-01-03T08:10:09.301085Z,PASSIVE,0.144,3.138
2026-01-03T08:10:09.425817Z,PASSIVE,0.146,3.109
2026-01-03T08:10:09.535454Z,PASSIVE,0.145,3.065
2026-01-03T08:10:09.642396Z,PASSIVE,0.144,3.04
2026-01-03T08:10:09.767169Z,PASSIVE,0.145,3.014
2026-01-03T08:10:09.875647Z,PASSIVE,0.146,2.998
2026-01-03T08:10:09.970181Z,PASSIVE,0.146,3.019
2026-01-03T08:10:10.078242Z,PASSIVE,0.146,3.013
2026-01-03T08:10:10.188288Z,PASSIVE,0.145,2.997
2026-01-03T08:10:10.312163Z,PASSIVE,0.142,2.982
2026-01-03T08:10:10.437957Z,PASSIVE,0.14,2.96
2026-01-03T08:10:10.548121Z,PASSIVE,0.138,2.846
2026-01-03T08:10:10.691272Z,PASSIVE,0.137,2.766
2026-01-03T08:10:10.785561Z,PASSIVE,0.135,2.71
2026-01-03T08:10:10.895187Z,PASSIVE,0.138,2.658
2026-01-03T08:10:11.022268Z,PASSIVE,0.14,2.625
2026-01-03T08:10:11.145910Z,PASSIVE,0.148,2.666
2026-01-03T08:10:11.256229Z,PASSIVE,0.16,2.695
2026-01-03T08:10:11.383912Z,INTERACTIVE,0.173,2.706
2026-01-03T08:10:11.493617Z,INTERACTIVE,0.182,2.61
2026-01-03T08:10:11.620728Z,INTERACTIVE,0.19,2.5
2026-01-03T08:10:11.727857Z,INTERACTIVE,0.192,2.385
2026-01-03T08:10:11.838561Z,INTERACTIVE,0.192,2.267
2026-01-03T08:10:11.962231Z,INTERACTIVE,0.192,2.153
2026-01-03T08:10:12.071611Z,INTERACTIVE,0.192,2.138
2026-01-03T08:10:12.179988Z,INTERACTIVE,0.192,2.141
2026-01-03T08:10:12.289365Z,INTERACTIVE,0.192,2.131
2026-01-03T08:10:12.397909Z,INTERACTIVE,0.19,2.134
2026-01-03T08:10:12.506236Z,INTERACTIVE,0.19,2.145
2026-01-03T08:10:12.616317Z,INTERACTIVE,0.192,2.152
2026-01-03T08:10:12.741381Z,INTERACTIVE,0.195,2.161
2026-01-03T08:10:12.849562Z,INTERACTIVE,0.199,2.214
2026-01-03T08:10:12.973317Z,INTERACTIVE,0.204,2.26
2026-01-03T08:10:13.096126Z,INTERACTIVE,0.208,2.293
2026-01-03T08:10:13.206911Z,INTERACTIVE,0.209,2.336
2026-01-03T08:10:13.331234Z,INTERACTIVE,0.209,2.334
2026-01-03T08:10:13.518551Z,INTERACTIVE,0.207,2.297
2026-01-03T08:10:13.627370Z,INTERACTIVE,0.204,2.253
2026-01-03T08:10:13.751244Z,INTERACTIVE,0.202,2.231
2026-01-03T08:10:13.845096Z,INTERACTIVE,0.198,2.215
2026-01-03T08:10:13.956336Z,INTERACTIVE,0.198,2.223
2026-01-03T08:10:14.052073Z,INTERACTIVE,0.198,2.235
2026-01-03T08:10:14.177536Z,INTERACTIVE,0.199,2.264
2026-01-03T08:10:14.287359Z,INTERACTIVE,0.197,2.296
2026-01-03T08:10:14.397257Z,INTERACTIVE,0.195,2.314
2026-01-03T08:10:14.521802Z,INTERACTIVE,0.187,2.329
2026-01-03T08:10:14.644816Z,INTERACTIVE,0.176,2.366
2026-01-03T08:10:14.752731Z,INTERACTIVE,0.167,2.394
2026-01-03T08:10:14.875645Z,INTERACTIVE,0.16,2.415
2026-01-03T08:10:14.969411Z,INTERACTIVE,0.156,2.443
2026-01-03T08:10:15.095027Z,INTERACTIVE,0.155,2.517
2026-01-03T08:10:15.187138Z,PASSIVE,0.155,2.572
2026-01-03T08:10:15.294479Z,PASSIVE,0.155,2.663
2026-01-03T08:10:15.390147Z,PASSIVE,0.157,2.732
2026-01-03T08:10:15.484731Z,PASSIVE,0.157,2.817
2026-01-03T08:10:15.593631Z,PASSIVE,0.159,2.852
2026-01-03T08:10:15.703823Z,PASSIVE,0.164,2.923
2026-01-03T08:10:15.829939Z,PASSIVE,0.168,2.982
2026-01-03T08:10:15.953429Z,PASSIVE,0.166,3.06
2026-01-03T08:10:16.063409Z,PASSIVE,0.164,3.113
2026-01-03T08:10:16.171175Z,INTERACTIVE,0.163,3.158
2026-01-03T08:10:16.279311Z,INTERACTIVE,0.159,3.171
2026-01-03T08:10:16.405468Z,INTERACTIVE,0.155,3.16
2026-01-03T08:10:16.498410Z,INTERACTIVE,0.155,3.153
2026-01-03T08:10:16.626311Z,INTERACTIVE,0.158,3.154
2026-01-03T08:10:16.734226Z,INTERACTIVE,0.159,3.189
2026-01-03T08:10:16.829957Z,INTERACTIVE,0.166,3.221
2026-01-03T08:10:16.938965Z,INTERACTIVE,0.174,3.239
2026-01-03T08:10:17.063101Z,INTERACTIVE,0.182,3.257
2026-01-03T08:10:17.173001Z,INTERACTIVE,0.187,3.28
2026-01-03T08:10:17.282812Z,INTERACTIVE,0.193,3.28
2026-01-03T08:10:17.407477Z,INTERACTIVE,0.195,3.257
2026-01-03T08:10:17.532163Z,INTERACTIVE,0.194,3.228
2026-01-03T08:10:17.671119Z,INTERACTIVE,0.193,3.189
2026-01-03T08:10:17.858616Z,INTERACTIVE,0.192,3.154
2026-01-03T08:10:17.997244Z,INTERACTIVE,0.192,3.108
2026-01-03T08:10:18.123904Z,INTERACTIVE,0.19,3.158
2026-01-03T08:10:18.247268Z,INTERACTIVE,0.19,3.316
2026-01-03T08:10:18.359558Z,INTERACTIVE,0.189,3.5
2026-01-03T08:10:18.468614Z,PASSIVE,0.192,3.663
2026-01-03T08:10:18.577495Z,PASSIVE,0.197,3.848
2026-01-03T08:10:18.685503Z,PASSIVE,0.204,4.044
2026-01-03T08:10:18.842503Z,PASSIVE,0.208,4.164
2026-01-03T08:10:19.059918Z,PASSIVE,0.214,4.255
2026-01-03T08:10:19.230464Z,PASSIVE,0.216,4.431
2026-01-03T08:10:19.373077Z,PASSIVE,0.223,4.616
2026-01-03T08:10:19.639652Z,PASSIVE,0.227,4.722
2026-01-03T08:10:19.781548Z,PASSIVE,0.233,4.801
2026-01-03T08:10:19.938915Z,PASSIVE,0.241,4.887
2026-01-03T08:10:20.092049Z,PASSIVE,0.249,4.903
2026-01-03T08:10:20.218344Z,PASSIVE,0.249,4.904
2026-01-03T08:10:20.343145Z,PASSIVE,0.25,4.896
2026-01-03T08:10:20.468041Z,PASSIVE,0.251,4.898
2026-01-03T08:10:20.591042Z,PASSIVE,0.248,4.946
2026-01-03T08:10:20.730926Z,PASSIVE,0.247,4.994
2026-01-03T08:10:20.855929Z,PASSIVE,0.243,5.154
2026-01-03T08:10:20.980245Z,PASSIVE,0.238,5.346
2026-01-03T08:10:21.104925Z,PASSIVE,0.232,5.55
2026-01-03T08:10:21.230387Z,PASSIVE,0.226,5.698
2026-01-03T08:10:21.354922Z,PASSIVE,0.222,5.874
2026-01-03T08:10:21.480286Z,PASSIVE,0.219,5.947
2026-01-03T08:10:21.605354Z,PASSIVE,0.218,6.01
2026-01-03T08:10:21.730014Z,PASSIVE,0.217,6.063
2026-01-03T08:10:21.854768Z,PASSIVE,0.222,6.122
2026-01-03T08:10:21.976015Z,PASSIVE,0.225,6.193
2026-01-03T08:10:22.099967Z,INTERACTIVE,0.227,6.273
2026-01-03T08:10:22.225684Z,INTERACTIVE,0.229,6.266
2026-01-03T08:10:22.350706Z,INTERACTIVE,0.231,6.259
2026-01-03T08:10:22.476247Z,INTERACTIVE,0.225,6.245
2026-01-03T08:10:22.599975Z,INTERACTIVE,0.216,6.187
2026-01-03T08:10:22.727001Z,INTERACTIVE,0.204,6.05
2026-01-03T08:10:22.850834Z,PASSIVE,0.194,5.972
2026-01-03T08:10:22.975022Z,PASSIVE,0.184,5.912
2026-01-03T08:10:23.101231Z,PASSIVE,0.179,5.811
2026-01-03T08:10:23.226111Z,PASSIVE,0.167,5.69
2026-01-03T08:10:23.348948Z,PASSIVE,0.16,5.608
2026-01-03T08:10:23.488833Z,PASSIVE,0.153,5.536
2026-01-03T08:10:23.611313Z,PASSIVE,0.142,5.43
2026-01-03T08:10:23.736105Z,PASSIVE,0.132,5.375
2026-01-03T08:10:23.859672Z,PASSIVE,0.129,5.345
2026-01-03T08:10:23.984177Z,PASSIVE,0.128,5.357
2026-01-03T08:10:24.127018Z,PASSIVE,0.126,5.386
2026-01-03T08:10:24.252023Z,PASSIVE,0.127,5.396
2026-01-03T08:10:24.375107Z,PASSIVE,0.127,5.393
2026-01-03T08:10:24.500780Z,PASSIVE,0.128,5.267
2026-01-03T08:10:24.627716Z,PASSIVE,0.128,5.198
2026-01-03T08:10:24.755232Z,PASSIVE,0.129,5.107
2026-01-03T08:10:24.881708Z,PASSIVE,0.13,5.053
2026-01-03T08:10:25.006207Z,PASSIVE,0.13,4.953
2026-01-03T08:10:25.132032Z,PASSIVE,0.129,5.037
2026-01-03T08:10:25.255691Z,PASSIVE,0.127,5.025
2026-01-03T08:10:25.363400Z,PASSIVE,0.126,5.021
2026-01-03T08:10:25.487067Z,PASSIVE,0.12,5.003
2026-01-03T08:10:25.611345Z,PASSIVE,0.116,5.045
2026-01-03T08:10:25.720283Z,PASSIVE,0.114,4.976
2026-01-03T08:10:25.843791Z,PASSIVE,0.111,4.98
2026-01-03T08:10:25.966429Z,PASSIVE,0.108,4.956
2026-01-03T08:10:26.058536Z,PASSIVE,0.11,4.939
2026-01-03T08:10:26.166949Z,PASSIVE,0.112,4.911
2026-01-03T08:10:26.274398Z,INTERACTIVE,0.116,5.135
2026-01-03T08:10:26.395675Z,INTERACTIVE,0.12,5.291
2026-01-03T08:10:26.537296Z,INTERACTIVE,0.122,5.456
2026-01-03T08:10:26.693906Z,INTERACTIVE,0.124,5.669
2026-01-03T08:10:26.819188Z,INTERACTIVE,0.125,5.873
2026-01-03T08:10:26.928765Z,INTERACTIVE,0.123,5.884
2026-01-03T08:10:27.035618Z,INTERACTIVE,0.12,5.908
2026-01-03T08:10:27.143599Z,INTERACTIVE,0.12,5.95
2026-01-03T08:10:27.268291Z,INTERACTIVE,0.121,5.947
2026-01-03T08:10:27.454788Z,INTERACTIVE,0.123,5.96
2026-01-03T08:10:27.609373Z,INTERACTIVE,0.127,5.942
2026-01-03T08:10:27.871669Z,INTERACTIVE,0.139,5.91
2026-01-03T08:10:28.072130Z,INTERACTIVE,0.152,6.028
2026-01-03T08:10:28.195863Z,INTERACTIVE,0.165,6.149
2026-01-03T08:10:28.320291Z,INTERACTIVE,0.18,6.261
2026-01-03T08:10:28.446048Z,INTERACTIVE,0.192,6.303
2026-01-03T08:10:28.600830Z,INTERACTIVE,0.198,6.356
2026-01-03T08:10:28.726001Z,INTERACTIVE,0.203,6.259
2026-01-03T08:10:28.853508Z,INTERACTIVE,0.214,6.195
2026-01-03T08:10:28.994053Z,INTERACTIVE,0.227,6.08
2026-01-03T08:10:29.118464Z,INTERACTIVE,0.243,6.059
2026-01-03T08:10:29.225170Z,INTERACTIVE,0.26,6.041
2026-01-03T08:10:29.365790Z,INTERACTIVE,0.279,6.125
2026-01-03T08:10:29.508144Z,INTERACTIVE,0.307,6.15
2026-01-03T08:10:29.647479Z,INTERACTIVE,0.333,6.259
2026-01-03T08:10:29.786367Z,INTERACTIVE,0.359,6.688
2026-01-03T08:10:29.926017Z,INTERACTIVE,0.383,7.115
2026-01-03T08:10:30.098553Z,INTERACTIVE,0.403,18.536
2026-01-03T08:10:30.240173Z,INTERACTIVE,0.417,29.988
2026-01-03T08:10:30.380453Z,INTERACTIVE,0.431,41.409
2026-01-03T08:10:30.522232Z,INTERACTIVE,0.446,58.228
2026-01-03T08:10:30.646571Z,INTERACTIVE,0.463,79.208
2026-01-03T08:10:30.770529Z,INTERACTIVE,0.486,89.081
2026-01-03T08:10:30.912154Z,INTERACTIVE,0.509,98.948
2026-01-03T08:10:31.038602Z,INTERACTIVE,0.535,112.286
2026-01-03T08:10:31.176233Z,INTERACTIVE,0.56,119.91
2026-01-03T08:10:31.300235Z,INTERACTIVE,0.581,123.376
2026-01-03T08:10:31.439828Z,INTERACTIVE,0.596,126.848
2026-01-03T08:10:31.581474Z,INTERACTIVE,0.605,130.321
2026-01-03T08:10:31.706911Z,INTERACTIVE,0.608,130.326
2026-01-03T08:10:31.815824Z,INTERACTIVE,0.603,130.325
2026-01-03T08:10:31.940091Z,INTERACTIVE,0.596,130.318
2026-01-03T08:10:32.080877Z,INTERACTIVE,0.594,130.313
2026-01-03T08:10:32.204924Z,INTERACTIVE,0.587,130.307
2026-01-03T08:10:32.328344Z,INTERACTIVE,0.581,130.303
2026-01-03T08:10:32.470962Z,INTERACTIVE,0.582,130.301
2026-01-03T08:10:32.593351Z,INTERACTIVE,0.584,130.307
2026-01-03T08:10:32.717323Z,INTERACTIVE,0.578,130.308
2026-01-03T08:10:32.843131Z,INTERACTIVE,0.569,130.313
2026-01-03T08:10:32.984751Z,INTERACTIVE,0.561,130.32
2026-01-03T08:10:33.107099Z,INTERACTIVE,0.554,130.334
2026-01-03T08:10:33.355460Z,INTERACTIVE,0.544,130.346
2026-01-03T08:10:33.480768Z,INTERACTIVE,0.524,130.36
2026-01-03T08:10:33.622702Z,INTERACTIVE,0.507,130.371
2026-01-03T08:10:33.779371Z,INTERACTIVE,0.489,130.367
2026-01-03T08:10:33.903438Z,INTERACTIVE,0.47,130.353
2026-01-03T08:10:34.029476Z,INTERACTIVE,0.454,126.864
2026-01-03T08:10:34.154024Z,INTERACTIVE,0.445,123.376
2026-01-03T08:10:34.291247Z,INTERACTIVE,0.428,119.872
2026-01-03T08:10:34.418324Z,INTERACTIVE,0.414,112.291
2026-01-03T08:10:34.542317Z,INTERACTIVE,0.399,98.893
2026-01-03T08:10:34.684934Z,INTERACTIVE,0.378,88.977
2026-01-03T08:10:34.824562Z,INTERACTIVE,0.36,79.072
2026-01-03T08:10:34.949398Z,INTERACTIVE,0.345,58.149
2026-01-03T08:10:35.071429Z,INTERACTIVE,0.329,41.236
2026-01-03T08:10:35.213921Z,INTERACTIVE,0.318,30.202
2026-01-03T08:10:35.337325Z,INTERACTIVE,0.311,19.242
2026-01-03T08:10:35.461267Z,INTERACTIVE,0.309,8.271
2026-01-03T08:10:35.584602Z,INTERACTIVE,0.308,8.38
2026-01-03T08:10:35.708814Z,INTERACTIVE,0.309,8.566
2026-01-03T08:10:35.848438Z,INTERACTIVE,0.306,8.694
2026-01-03T08:10:35.970306Z,INTERACTIVE,0.302,8.73
2026-01-03T08:10:36.108937Z,INTERACTIVE,0.295,8.782
2026-01-03T08:10:36.234300Z,INTERACTIVE,0.29,8.781
2026-01-03T08:10:36.344758Z,INTERACTIVE,0.286,8.735
2026-01-03T08:10:36.470755Z,INTERACTIVE,0.279,8.684
2026-01-03T08:10:36.595576Z,INTERACTIVE,0.275,8.642
2026-01-03T08:10:36.738078Z,INTERACTIVE,0.273,8.574
2026-01-03T08:10:36.862730Z,INTERACTIVE,0.269,8.466
2026-01-03T08:10:36.974772Z,INTERACTIVE,0.262,8.257
2026-01-03T08:10:37.098452Z,INTERACTIVE,0.256,7.997
2026-01-03T08:10:37.224443Z,INTERACTIVE,0.249,7.735
2026-01-03T08:10:37.333530Z,INTERACTIVE,0.239,7.486
2026-01-03T08:10:37.459086Z,INTERACTIVE,0.23,7.13
2026-01-03T08:10:37.582884Z,INTERACTIVE,0.222,6.904
2026-01-03T08:10:37.706551Z,INTERACTIVE,0.213,6.729
2026-01-03T08:10:37.845358Z,INTERACTIVE,0.206,6.557
2026-01-03T08:10:37.968346Z,INTERACTIVE,0.204,6.297
2026-01-03T08:10:38.108972Z,INTERACTIVE,0.202,6.199
2026-01-03T08:10:38.233574Z,PASSIVE,0.198,6.123
2026-01-03T08:10:38.360824Z,PASSIVE,0.195,6.054
2026-01-03T08:10:38.486809Z,INTERACTIVE,0.189,5.976
2026-01-03T08:10:38.626534Z,INTERACTIVE,0.181,5.905
2026-01-03T08:10:38.750379Z,INTERACTIVE,0.174,5.818
2026-01-03T08:10:38.873427Z,INTERACTIVE,0.165,5.643
2026-01-03T08:10:38.997963Z,PASSIVE,0.158,5.295
2026-01-03T08:10:39.119584Z,PASSIVE,0.151,4.962
2026-01-03T08:10:39.243507Z,PASSIVE,0.146,4.632
2026-01-03T08:10:39.367175Z,PASSIVE,0.148,16.561
2026-01-03T08:10:39.520273Z,PASSIVE,0.152,28.581
2026-01-03T08:10:39.643029Z,INTERACTIVE,0.155,46.458
2026-01-03T08:10:39.781805Z,INTERACTIVE,0.158,64.349
2026-01-03T08:10:39.905684Z,INTERACTIVE,0.164,82.317
2026-01-03T08:10:40.058275Z,INTERACTIVE,0.164,88.03
2026-01-03T08:10:40.197990Z,INTERACTIVE,0.166,93.74
2026-01-03T08:10:40.318510Z,INTERACTIVE,0.168,93.758
2026-01-03T08:10:40.443390Z,INTERACTIVE,0.169,93.757
2026-01-03T08:10:40.566280Z,INTERACTIVE,0.17,93.758
2026-01-03T08:10:40.690773Z,INTERACTIVE,0.169,93.761
2026-01-03T08:10:40.828404Z,PASSIVE,0.166,93.764
2026-01-03T08:10:40.966844Z,PASSIVE,0.165,93.772
2026-01-03T08:10:41.089308Z,PASSIVE,0.164,93.782
2026-01-03T08:10:41.212865Z,PASSIVE,0.163,93.789
2026-01-03T08:10:41.336228Z,PASSIVE,0.163,93.795
2026-01-03T08:10:41.459832Z,PASSIVE,0.165,93.801
2026-01-03T08:10:41.600770Z,PASSIVE,0.167,93.803
2026-01-03T08:10:41.784309Z,PASSIVE,0.167,93.803
2026-01-03T08:10:41.909987Z,INTERACTIVE,0.166,93.803
2026-01-03T08:10:42.030593Z,INTERACTIVE,0.168,93.802
2026-01-03T08:10:42.154321Z,INTERACTIVE,0.169,93.8
2026-01-03T08:10:42.292000Z,INTERACTIVE,0.17,93.798
2026-01-03T08:10:42.432525Z,PASSIVE,0.173,93.796
2026-01-03T08:10:42.599077Z,PASSIVE,0.175,93.797
2026-01-03T08:10:42.734745Z,PASSIVE,0.173,93.798
2026-01-03T08:10:42.856611Z,PASSIVE,0.175,93.799
2026-01-03T08:10:42.979641Z,PASSIVE,0.174,93.801
2026-01-03T08:10:43.104687Z,PASSIVE,0.175,93.803
2026-01-03T08:10:43.290185Z,PASSIVE,0.17,88.149
2026-01-03T08:10:43.413852Z,PASSIVE,0.172,82.498
2026-01-03T08:10:43.628277Z,PASSIVE,0.17,65.007
2026-01-03T08:10:43.767902Z,PASSIVE,0.171,47.217
2026-01-03T08:10:43.906530Z,PASSIVE,0.173,29.431
2026-01-03T08:10:44.033190Z,PASSIVE,0.181,17.283
2026-01-03T08:10:44.188773Z,PASSIVE,0.185,5.132
2026-01-03T08:10:44.330392Z,PASSIVE,0.189,4.828
2026-01-03T08:10:44.482472Z,PASSIVE,0.191,4.803
2026-01-03T08:10:44.607137Z,PASSIVE,0.191,4.725
2026-01-03T08:10:44.734794Z,INTERACTIVE,0.191,4.587
2026-01-03T08:10:44.859459Z,INTERACTIVE,0.191,4.431
2026-01-03T08:10:44.982133Z,INTERACTIVE,0.195,4.122
2026-01-03T08:10:45.106826Z,INTERACTIVE,0.201,3.819
2026-01-03T08:10:45.232488Z,INTERACTIVE,0.208,3.58
2026-01-03T08:10:45.356157Z,INTERACTIVE,0.215,3.418
2026-01-03T08:10:45.478826Z,INTERACTIVE,0.221,3.267
2026-01-03T08:10:45.601496Z,INTERACTIVE,0.225,3.257
2026-01-03T08:10:45.741121Z,INTERACTIVE,0.229,3.299
2026-01-03T08:10:45.868778Z,INTERACTIVE,0.232,3.327
2026-01-03T08:10:46.008403Z,INTERACTIVE,0.231,3.404
2026-01-03T08:10:46.134068Z,INTERACTIVE,0.231,3.487
2026-01-03T08:10:46.305615Z,INTERACTIVE,0.228,3.71
2026-01-03T08:10:46.429275Z,INTERACTIVE,0.224,3.919
2026-01-03T08:10:46.552943Z,INTERACTIVE,0.222,4.131
2026-01-03T08:10:46.676611Z,INTERACTIVE,0.223,4.288
2026-01-03T08:10:46.800299Z,INTERACTIVE,0.221,4.449
2026-01-03T08:10:46.926963Z,INTERACTIVE,0.22,4.543
2026-01-03T08:10:47.049630Z,INTERACTIVE,0.216,4.618
2026-01-03T08:10:47.188281Z,INTERACTIVE,0.21,4.697
2026-01-03T08:10:47.314751Z,INTERACTIVE,0.199,4.885
2026-01-03T08:10:47.455368Z,INTERACTIVE,0.191,5.092
2026-01-03T08:10:47.578038Z,INTERACTIVE,0.18,5.23
2026-01-03T08:10:47.715698Z,INTERACTIVE,0.17,5.38
2026-01-03T08:10:47.856316Z,INTERACTIVE,0.159,5.542
2026-01-03T08:10:47.982976Z,INTERACTIVE,0.152,5.632
2026-01-03T08:10:48.108677Z,INTERACTIVE,0.147,5.695
2026-01-03T08:10:48.249300Z,INTERACTIVE,0.143,5.754
2026-01-03T08:10:48.374004Z,INTERACTIVE,0.143,5.824
2026-01-03T08:10:48.497672Z,INTERACTIVE,0.143,5.878
2026-01-03T08:10:48.637298Z,INTERACTIVE,0.145,5.99
2026-01-03T08:10:48.758970Z,INTERACTIVE,0.14,6.174
2026-01-03T08:10:48.896772Z,INTERACTIVE,0.134,6.343
2026-01-03T08:10:49.020437Z,INTERACTIVE,0.126,6.505
2026-01-03T08:10:49.144669Z,INTERACTIVE,0.122,6.665
2026-01-03T08:10:49.268255Z,INTERACTIVE,0.118,6.727
2026-01-03T08:10:49.392953Z,INTERACTIVE,0.119,6.717
2026-01-03T08:10:49.535538Z,INTERACTIVE,0.119,6.72
2026-01-03T08:10:49.657210Z,INTERACTIVE,0.124,6.697
2026-01-03T08:10:49.781876Z,INTERACTIVE,0.125,6.665
2026-01-03T08:10:49.919508Z,INTERACTIVE,0.13,6.643
2026-01-03T08:10:50.046167Z,INTERACTIVE,0.138,6.538
2026-01-03T08:10:50.170831Z,INTERACTIVE,0.148,6.455
2026-01-03T08:10:50.294499Z,INTERACTIVE,0.155,6.364
2026-01-03T08:10:50.418167Z,INTERACTIVE,0.162,6.279
2026-01-03T08:10:50.559787Z,INTERACTIVE,0.165,6.195
2026-01-03T08:10:50.699443Z,INTERACTIVE,0.166,6.145
2026-01-03T08:10:50.864967Z,INTERACTIVE,0.173,6.116
2026-01-03T08:10:51.010576Z,INTERACTIVE,0.186,6.141
2026-01-03T08:10:51.149204Z,INTERACTIVE,0.208,6.093
2026-01-03T08:10:51.271873Z,INTERACTIVE,0.23,6.01
2026-01-03T08:10:51.425461Z,INTERACTIVE,0.254,5.979
2026-01-03T08:10:51.579080Z,INTERACTIVE,0.272,5.936
2026-01-03T08:10:51.720669Z,INTERACTIVE,0.284,5.848
2026-01-03T08:10:51.842341Z,INTERACTIVE,0.288,5.803
2026-01-03T08:10:51.967007Z,INTERACTIVE,0.291,5.794
2026-01-03T08:10:52.150513Z,INTERACTIVE,0.293,5.784
2026-01-03T08:10:52.289141Z,INTERACTIVE,0.292,5.726
2026-01-03T08:10:52.413807Z,INTERACTIVE,0.293,5.667
2026-01-03T08:10:52.538472Z,INTERACTIVE,0.294,5.541
2026-01-03T08:10:52.660201Z,INTERACTIVE,0.294,5.342
2026-01-03T08:10:52.784866Z,INTERACTIVE,0.294,5.142
2026-01-03T08:10:52.924490Z,INTERACTIVE,0.294,4.928
2026-01-03T08:10:53.049156Z,INTERACTIVE,0.292,4.743
2026-01-03T08:10:53.186786Z,INTERACTIVE,0.291,4.656
2026-01-03T08:10:53.309456Z,INTERACTIVE,0.289,4.643
2026-01-03T08:10:53.449081Z,INTERACTIVE,0.289,4.623
2026-01-03T08:10:53.572749Z,INTERACTIVE,0.29,4.645
2026-01-03T08:10:53.775207Z,INTERACTIVE,0.293,4.63
2026-01-03T08:10:53.913834Z,INTERACTIVE,0.291,4.617
2026-01-03T08:10:54.039495Z,INTERACTIVE,0.288,4.606
2026-01-03T08:10:54.163195Z,INTERACTIVE,0.283,4.552
2026-01-03T08:10:54.287861Z,INTERACTIVE,0.278,4.468
2026-01-03T08:10:54.427696Z,INTERACTIVE,0.271,4.39
2026-01-03T08:10:54.550367Z,INTERACTIVE,0.268,4.317
2026-01-03T08:10:54.676030Z,INTERACTIVE,0.267,4.251
2026-01-03T08:10:54.818648Z,INTERACTIVE,0.26,4.159
2026-01-03T08:10:54.955279Z,INTERACTIVE,0.248,3.998
2026-01-03T08:10:55.078947Z,PASSIVE,0.229,3.817
2026-01-03T08:10:55.246497Z,PASSIVE,0.208,3.717
2026-01-03T08:10:55.370165Z,PASSIVE,0.186,3.602
2026-01-03T08:10:55.510789Z,PASSIVE,0.169,3.521
2026-01-03T08:10:55.649416Z,PASSIVE,0.159,3.546
2026-01-03T08:10:55.774081Z,INTERACTIVE,0.153,3.63
2026-01-03T08:10:55.910712Z,INTERACTIVE,0.15,3.627
2026-01-03T08:10:56.034316Z,INTERACTIVE,0.148,3.644
2026-01-03T08:10:56.156986Z,INTERACTIVE,0.147,3.698
2026-01-03T08:10:56.281651Z,INTERACTIVE,0.146,3.749
2026-01-03T08:10:56.404321Z,INTERACTIVE,0.146,3.763
2026-01-03T08:10:56.527990Z,PASSIVE,0.147,3.748
2026-01-03T08:10:56.650667Z,PASSIVE,0.148,3.713
2026-01-03T08:10:56.776322Z,PASSIVE,0.152,3.68
2026-01-03T08:10:56.916945Z,PASSIVE,0.154,3.57
2026-01-03T08:10:57.058565Z,PASSIVE,0.155,3.457
2026-01-03T08:10:57.183229Z,PASSIVE,0.155,3.368
2026-01-03T08:10:57.308892Z,PASSIVE,0.153,3.286
2026-01-03T08:10:57.450512Z,PASSIVE,0.146,3.205
2026-01-03T08:10:57.574180Z,PASSIVE,0.139,3.209
2026-01-03T08:10:57.699000Z,PASSIVE,0.135,3.232
2026-01-03T08:10:57.821671Z,PASSIVE,0.133,3.272
2026-01-03T08:10:57.984234Z,PASSIVE,0.132,3.308
2026-01-03T08:10:58.129843Z,PASSIVE,0.134,3.345
2026-01-03T08:10:58.255506Z,PASSIVE,0.137,3.363
2026-01-03T08:10:58.397125Z,PASSIVE,0.139,3.356
2026-01-03T08:10:58.536750Z,PASSIVE,0.138,3.319
2026-01-03T08:10:58.661960Z,PASSIVE,0.138,3.302
2026-01-03T08:10:58.784630Z,PASSIVE,0.138,3.304
2026-01-03T08:10:58.910292Z,PASSIVE,0.136,3.316
2026-01-03T08:10:59.034960Z,PASSIVE,0.138,3.32
2026-01-03T08:10:59.176578Z,PASSIVE,0.139,3.348
2026-01-03T08:10:59.299247Z,PASSIVE,0.141,3.306
2026-01-03T08:10:59.423913Z,PASSIVE,0.141,3.221
2026-01-03T08:10:59.548578Z,PASSIVE,0.144,3.127
2026-01-03T08:10:59.675237Z,PASSIVE,0.143,3.07
2026-01-03T08:10:59.798906Z,PASSIVE,0.141,3.178
2026-01-03T08:10:59.938530Z,PASSIVE,0.14,3.394
2026-01-03T08:11:00.063198Z,PASSIVE,0.139,3.69
2026-01-03T08:11:00.265652Z,PASSIVE,0.136,3.994
2026-01-03T08:11:00.495035Z,PASSIVE,0.135,4.27
2026-01-03T08:11:00.649620Z,PASSIVE,0.132,4.371
2026-01-03T08:11:00.787251Z,PASSIVE,0.128,4.427
2026-01-03T08:11:01.016634Z,PASSIVE,0.124,4.435
2026-01-03T08:11:01.171220Z,PASSIVE,0.12,4.445
2026-01-03T08:11:01.294887Z,PASSIVE,0.115,4.529
2026-01-03T08:11:01.418555Z,PASSIVE,0.112,4.633
2026-01-03T08:11:01.542223Z,PASSIVE,0.11,4.729
2026-01-03T08:11:01.665891Z,PASSIVE,0.111,4.81
2026-01-03T08:11:01.789559Z,PASSIVE,0.11,4.899
2026-01-03T08:11:01.913227Z,PASSIVE,0.109,4.898
2026-01-03T08:11:02.053850Z,PASSIVE,0.109,4.887
2026-01-03T08:11:02.190482Z,PASSIVE,0.109,4.885
2026-01-03T08:11:02.346064Z,PASSIVE,0.107,4.894
2026-01-03T08:11:02.470730Z,PASSIVE,0.109,4.897
2026-01-03T08:11:02.609358Z,PASSIVE,0.115,4.924
2026-01-03T08:11:02.732028Z,PASSIVE,0.122,4.94
2026-01-03T08:11:02.857690Z,PASSIVE,0.147,5.112
2026-01-03T08:11:02.998313Z,PASSIVE,0.175,5.313
2026-01-03T08:11:03.120983Z,PASSIVE,0.204,5.478
2026-01-03T08:11:03.241658Z,PASSIVE,0.228,5.632
2026-01-03T08:11:03.366324Z,PASSIVE,0.253,5.793
2026-01-03T08:11:03.488995Z,PASSIVE,0.261,5.807
2026-01-03T08:11:03.628621Z,PASSIVE,0.265,5.766
2026-01-03T08:11:03.752289Z,INTERACTIVE,0.266,5.747
2026-01-03T08:11:03.874959Z,INTERACTIVE,0.268,5.614
2026-01-03T08:11:04.042508Z,INTERACTIVE,0.269,5.45
2026-01-03T08:11:04.164181Z,INTERACTIVE,0.271,5.209
2026-01-03T08:11:04.287849Z,INTERACTIVE,0.275,4.991
2026-01-03T08:11:04.409523Z,INTERACTIVE,0.28,4.789
2026-01-03T08:11:04.532192Z,INTERACTIVE,0.285,4.722
2026-01-03T08:11:04.656859Z,INTERACTIVE,0.289,4.687
2026-01-03T08:11:04.796483Z,PASSIVE,0.291,4.701
2026-01-03T08:11:04.921149Z,PASSIVE,0.293,4.755
2026-01-03T08:11:05.044816Z,PASSIVE,0.296,4.743
2026-01-03T08:11:05.170478Z,PASSIVE,0.299,4.7
2026-01-03T08:11:05.342018Z,PASSIVE,0.302,4.657
2026-01-03T08:11:05.466683Z,PASSIVE,0.304,4.637
2026-01-03T08:11:05.606308Z,PASSIVE,0.304,4.55
2026-01-03T08:11:05.729975Z,PASSIVE,0.301,4.57
2026-01-03T08:11:05.851649Z,PASSIVE,0.296,4.603
2026-01-03T08:11:05.973323Z,PASSIVE,0.293,4.662
2026-01-03T08:11:06.112947Z,PASSIVE,0.294,4.726
2026-01-03T08:11:06.235618Z,PASSIVE,0.292,4.831
2026-01-03T08:11:06.360283Z,PASSIVE,0.287,4.893
2026-01-03T08:11:06.481957Z,PASSIVE,0.281,4.957
2026-01-03T08:11:06.650504Z,PASSIVE,0.256,4.809
2026-01-03T08:11:06.773212Z,PASSIVE,0.225,4.615
2026-01-03T08:11:06.911802Z,PASSIVE,0.192,4.398
2026-01-03T08:11:07.033475Z,PASSIVE,0.164,4.177
2026-01-03T08:11:07.160135Z,PASSIVE,0.136,3.956
2026-01-03T08:11:07.283804Z,PASSIVE,0.125,3.898
2026-01-03T08:11:07.406474Z,PASSIVE,0.118,3.877
2026-01-03T08:11:07.531139Z,PASSIVE,0.116,3.872
2026-01-03T08:11:07.669767Z,PASSIVE,0.118,3.873
2026-01-03T08:11:07.789446Z,PASSIVE,0.118,3.861
2026-01-03T08:11:07.958990Z,PASSIVE,0.119,3.873
2026-01-03T08:11:08.099612Z,PASSIVE,0.119,3.868
2026-01-03T08:11:08.221285Z,PASSIVE,0.118,3.87
2026-01-03T08:11:08.344953Z,PASSIVE,0.115,3.864
2026-01-03T08:11:08.485575Z,PASSIVE,0.114,3.877
2026-01-03T08:11:08.608246Z,PASSIVE,0.116,3.897
2026-01-03T08:11:08.732911Z,PASSIVE,0.119,3.869
2026-01-03T08:11:08.855582Z,PASSIVE,0.121,3.824
2026-01-03T08:11:08.995206Z,PASSIVE,0.124,3.78
2026-01-03T08:11:09.116881Z,PASSIVE,0.124,3.737
2026-01-03T08:11:09.393137Z,PASSIVE,0.123,3.684
2026-01-03T08:11:09.518800Z,PASSIVE,0.121,3.684
2026-01-03T08:11:09.658425Z,PASSIVE,0.122,3.636
2026-01-03T08:11:09.784087Z,PASSIVE,0.123,3.59
2026-01-03T08:11:09.966598Z,PASSIVE,0.124,3.507
2026-01-03T08:11:10.111210Z,PASSIVE,0.125,3.41
2026-01-03T08:11:10.249837Z,PASSIVE,0.126,3.304
2026-01-03T08:11:10.371510Z,PASSIVE,0.126,3.248
2026-01-03T08:11:10.497173Z,PASSIVE,0.128,3.25
2026-01-03T08:11:10.652755Z,PASSIVE,0.13,3.265
2026-01-03T08:11:10.789388Z,PASSIVE,0.134,3.269
2026-01-03T08:11:10.931006Z,PASSIVE,0.137,3.321
2026-01-03T08:11:11.054675Z,PASSIVE,0.14,3.377
2026-01-03T08:11:11.177346Z,PASSIVE,0.143,3.399
2026-01-03T08:11:11.313820Z,PASSIVE,0.146,3.431
2026-01-03T08:11:11.434562Z,PASSIVE,0.149,3.475
2026-01-03T08:11:11.558228Z,PASSIVE,0.153,3.482
2026-01-03T08:11:11.680897Z,PASSIVE,0.154,3.478
2026-01-03T08:11:11.804268Z,PASSIVE,0.153,3.445
2026-01-03T08:11:11.927936Z,PASSIVE,0.152,3.42
2026-01-03T08:11:12.098478Z,PASSIVE,0.15,3.417
2026-01-03T08:11:12.222146Z,PASSIVE,0.147,3.4
2026-01-03T08:11:12.346811Z,PASSIVE,0.146,3.415
2026-01-03T08:11:12.469487Z,PASSIVE,0.145,3.421
2026-01-03T08:11:12.593150Z,PASSIVE,0.142,3.424
2026-01-03T08:11:12.718812Z,PASSIVE,0.137,3.413
2026-01-03T08:11:12.842480Z,PASSIVE,0.132,3.41
2026-01-03T08:11:12.983102Z,PASSIVE,0.129,3.385
2026-01-03T08:11:13.119735Z,PASSIVE,0.13,3.39
2026-01-03T08:11:13.288282Z,PASSIVE,0.133,3.385
2026-01-03T08:11:13.426910Z,PASSIVE,0.138,3.386
2026-01-03T08:11:13.565538Z,PASSIVE,0.144,3.405
2026-01-03T08:11:13.702171Z,PASSIVE,0.148,3.425
2026-01-03T08:11:13.826836Z,PASSIVE,0.148,3.404
2026-01-03T08:11:13.964468Z,PASSIVE,0.146,3.376
2026-01-03T08:11:14.102097Z,PASSIVE,0.142,3.376
2026-01-03T08:11:14.269647Z,PASSIVE,0.14,3.362
2026-01-03T08:11:14.409272Z,INTERACTIVE,0.137,3.3
2026-01-03T08:11:14.561862Z,PASSIVE,0.135,3.244
2026-01-03T08:11:14.701493Z,PASSIVE,0.135,3.213
2026-01-03T08:11:14.824157Z,INTERACTIVE,0.135,3.102
2026-01-03T08:11:14.946296Z,INTERACTIVE,0.134,2.995
2026-01-03T08:11:15.068997Z,INTERACTIVE,0.134,2.975
2026-01-03T08:11:15.192514Z,INTERACTIVE,0.133,3.104
2026-01-03T08:11:15.314189Z,INTERACTIVE,0.133,3.295
2026-01-03T08:11:15.437853Z,INTERACTIVE,0.132,3.525
2026-01-03T08:11:15.577480Z,INTERACTIVE,0.13,3.754
2026-01-03T08:11:15.698154Z,INTERACTIVE,0.127,3.946
2026-01-03T08:11:15.838776Z,INTERACTIVE,0.125,4.019
2026-01-03T08:11:15.979399Z,INTERACTIVE,0.124,4.021
2026-01-03T08:11:16.103067Z,INTERACTIVE,0.123,4.031
2026-01-03T08:11:16.224739Z,INTERACTIVE,0.125,4.011
2026-01-03T08:11:16.347559Z,INTERACTIVE,0.128,3.99
2026-01-03T08:11:16.501146Z,INTERACTIVE,0.131,3.952
2026-01-03T08:11:16.684654Z,INTERACTIVE,0.134,3.952
2026-01-03T08:11:16.808322Z,INTERACTIVE,0.137,3.954
2026-01-03T08:11:16.934981Z,INTERACTIVE,0.135,3.988
2026-01-03T08:11:17.060163Z,INTERACTIVE,0.132,4.007
2026-01-03T08:11:17.182834Z,INTERACTIVE,0.128,4.022
2026-01-03T08:11:17.304648Z,INTERACTIVE,0.126,4.024
2026-01-03T08:11:17.447267Z,INTERACTIVE,0.123,4.033
2026-01-03T08:11:17.574924Z,INTERACTIVE,0.121,4.046
2026-01-03T08:11:17.714548Z,INTERACTIVE,0.123,4.079
2026-01-03T08:11:17.840400Z,INTERACTIVE,0.126,4.129
2026-01-03T08:11:17.979051Z,INTERACTIVE,0.127,4.198
2026-01-03T08:11:18.104711Z,INTERACTIVE,0.128,4.255
2026-01-03T08:11:18.228367Z,INTERACTIVE,0.127,4.305
2026-01-03T08:11:18.351065Z,INTERACTIVE,0.127,4.354
2026-01-03T08:11:18.476752Z,PASSIVE,0.127,4.402
2026-01-03T08:11:18.619383Z,INTERACTIVE,0.127,4.411
2026-01-03T08:11:18.756247Z,PASSIVE,0.129,4.438
2026-01-03T08:11:18.883695Z,PASSIVE,0.13,4.441
2026-01-03T08:11:19.007797Z,PASSIVE,0.131,4.355
2026-01-03T08:11:19.131966Z,PASSIVE,0.131,4.213
2026-01-03T08:11:19.256964Z,PASSIVE,0.13,4.076
2026-01-03T08:11:19.382332Z,PASSIVE,0.13,3.918
2026-01-03T08:11:19.524970Z,PASSIVE,0.131,3.799
2026-01-03T08:11:19.651651Z,PASSIVE,0.135,3.775
2026-01-03T08:11:19.807233Z,PASSIVE,0.14,3.805
2026-01-03T08:11:19.928943Z,PASSIVE,0.145,3.83
2026-01-03T08:11:20.054468Z,PASSIVE,0.147,3.898
2026-01-03T08:11:20.178294Z,PASSIVE,0.15,3.952
2026-01-03T08:11:20.287565Z,PASSIVE,0.149,3.993
2026-01-03T08:11:20.396488Z,PASSIVE,0.147,3.993
2026-01-03T08:11:20.504747Z,PASSIVE,0.148,3.993
2026-01-03T08:11:20.614709Z,INTERACTIVE,0.151,3.951
2026-01-03T08:11:20.723030Z,INTERACTIVE,0.153,3.908
2026-01-03T08:11:20.817259Z,INTERACTIVE,0.155,3.868
2026-01-03T08:11:20.927691Z,INTERACTIVE,0.155,3.838
2026-01-03T08:11:21.021012Z,INTERACTIVE,0.153,3.784
2026-01-03T08:11:21.145829Z,INTERACTIVE,0.152,3.729
2026-01-03T08:11:21.254334Z,INTERACTIVE,0.151,3.658
2026-01-03T08:11:21.378661Z,INTERACTIVE,0.147,3.55
2026-01-03T08:11:21.487583Z,INTERACTIVE,0.147,3.399
2026-01-03T08:11:21.596376Z,INTERACTIVE,0.147,3.278
2026-01-03T08:11:21.705021Z,INTERACTIVE,0.147,3.157
2026-01-03T08:11:21.830369Z,INTERACTIVE,0.144,3.048
2026-01-03T08:11:21.923586Z,INTERACTIVE,0.144,2.966
2026-01-03T08:11:22.033204Z,INTERACTIVE,0.14,2.961
2026-01-03T08:11:22.143259Z,INTERACTIVE,0.136,2.934
2026-01-03T08:11:22.254782Z,INTERACTIVE,0.131,2.874
2026-01-03T08:11:22.377563Z,INTERACTIVE,0.127,2.79
2026-01-03T08:11:22.500826Z,INTERACTIVE,0.123,2.698
2026-01-03T08:11:22.608419Z,INTERACTIVE,0.121,2.6
2026-01-03T08:11:22.736078Z,INTERACTIVE,0.121,2.535
2026-01-03T08:11:22.860355Z,INTERACTIVE,0.12,2.508
2026-01-03T08:11:22.969952Z,INTERACTIVE,0.118,2.475
2026-01-03T08:11:23.079068Z,INTERACTIVE,0.115,2.453
2026-01-03T08:11:23.221685Z,INTERACTIVE,0.111,2.429
2026-01-03T08:11:23.330754Z,INTERACTIVE,0.106,2.331
2026-01-03T08:11:23.454634Z,INTERACTIVE,0.1,2.238
2026-01-03T08:11:23.579298Z,INTERACTIVE,0.1,2.186
2026-01-03T08:11:23.704565Z,INTERACTIVE,0.102,2.277
2026-01-03T08:11:23.829172Z,INTERACTIVE,0.102,2.374
2026-01-03T08:11:23.970983Z,INTERACTIVE,0.104,2.609
2026-01-03T08:11:24.079510Z,PASSIVE,0.106,2.839
2026-01-03T08:11:24.204174Z,PASSIVE,0.106,3.085
2026-01-03T08:11:24.342391Z,PASSIVE,0.106,3.191
2026-01-03T08:11:24.450504Z,PASSIVE,0.108,3.326
2026-01-03T08:11:24.578194Z,PASSIVE,0.108,3.448
2026-01-03T08:11:24.704625Z,PASSIVE,0.107,3.562
2026-01-03T08:11:24.798200Z,PASSIVE,0.108,3.677
2026-01-03T08:11:24.921060Z,PASSIVE,0.107,3.795
2026-01-03T08:11:25.015489Z,PASSIVE,0.106,3.88
2026-01-03T08:11:25.138793Z,PASSIVE,0.107,3.915
2026-01-03T08:11:25.262888Z,PASSIVE,0.108,3.954
2026-01-03T08:11:25.388215Z,PASSIVE,0.108,3.974
2026-01-03T08:11:25.499616Z,PASSIVE,0.11,3.99
2026-01-03T08:11:25.624529Z,PASSIVE,0.112,3.995
2026-01-03T08:11:25.731564Z,INTERACTIVE,0.119,4.011
2026-01-03T08:11:25.826106Z,INTERACTIVE,0.127,4.024
2026-01-03T08:11:25.933662Z,INTERACTIVE,0.135,4.13
2026-01-03T08:11:26.044520Z,INTERACTIVE,0.141,4.236
2026-01-03T08:11:26.137703Z,INTERACTIVE,0.147,4.343
2026-01-03T08:11:26.246164Z,INTERACTIVE,0.148,4.41
2026-01-03T08:11:26.355964Z,INTERACTIVE,0.15,4.486
2026-01-03T08:11:26.481622Z,PASSIVE,0.152,4.47
2026-01-03T08:11:26.592219Z,PASSIVE,0.155,4.456
2026-01-03T08:11:26.717588Z,PASSIVE,0.159,4.452
2026-01-03T08:11:26.840415Z,INTERACTIVE,0.164,4.46
2026-01-03T08:11:26.964559Z,INTERACTIVE,0.165,4.469
2026-01-03T08:11:27.090852Z,INTERACTIVE,0.166,4.413
2026-01-03T08:11:27.198884Z,INTERACTIVE,0.166,4.352
2026-01-03T08:11:27.307315Z,INTERACTIVE,0.164,4.232
2026-01-03T08:11:27.418721Z,INTERACTIVE,0.162,4.111
2026-01-03T08:11:27.542866Z,INTERACTIVE,0.16,3.966
2026-01-03T08:11:27.665695Z,INTERACTIVE,0.157,3.889
2026-01-03T08:11:27.760920Z,INTERACTIVE,0.154,3.792
2026-01-03T08:11:27.870528Z,INTERACTIVE,0.152,3.683
2026-01-03T08:11:27.994819Z,INTERACTIVE,0.15,3.593
2026-01-03T08:11:28.103452Z,INTERACTIVE,0.148,3.507
2026-01-03T08:11:28.212454Z,INTERACTIVE,0.149,3.412
2026-01-03T08:11:28.335530Z,INTERACTIVE,0.149,3.363
2026-01-03T08:11:28.474984Z,INTERACTIVE,0.149,3.386
2026-01-03T08:11:28.598439Z,INTERACTIVE,0.15,3.393
2026-01-03T08:11:28.722980Z,INTERACTIVE,0.152,3.413
2026-01-03T08:11:28.864601Z,INTERACTIVE,0.154,3.448
2026-01-03T08:11:29.003797Z,INTERACTIVE,0.156,3.485
2026-01-03T08:11:29.129392Z,INTERACTIVE,0.155,3.596
2026-01-03T08:11:29.255063Z,INTERACTIVE,0.152,3.8
2026-01-03T08:11:29.396325Z,INTERACTIVE,0.147,3.911
2026-01-03T08:11:29.518629Z,INTERACTIVE,0.143,4.005
2026-01-03T08:11:29.640324Z,INTERACTIVE,0.141,4.107
2026-01-03T08:11:29.782351Z,INTERACTIVE,0.144,4.131
2026-01-03T08:11:29.892427Z,INTERACTIVE,0.145,4.056
2026-01-03T08:11:30.014769Z,INTERACTIVE,0.146,4.071
2026-01-03T08:11:30.140521Z,INTERACTIVE,0.146,4.12
2026-01-03T08:11:30.284728Z,INTERACTIVE,0.144,4.127
2026-01-03T08:11:30.409431Z,INTERACTIVE,0.141,4.13
2026-01-03T08:11:30.534806Z,INTERACTIVE,0.14,4.198
2026-01-03T08:11:30.674314Z,INTERACTIVE,0.139,4.26
2026-01-03T08:11:30.798780Z,INTERACTIVE,0.138,4.326
2026-01-03T08:11:30.921461Z,INTERACTIVE,0.135,4.402
2026-01-03T08:11:31.031787Z,INTERACTIVE,0.133,4.542
2026-01-03T08:11:31.156862Z,INTERACTIVE,0.136,4.678
2026-01-03T08:11:31.267640Z,INTERACTIVE,0.14,4.859
2026-01-03T08:11:31.393528Z,INTERACTIVE,0.144,5.001
2026-01-03T08:11:31.501961Z,INTERACTIVE,0.149,5.152
2026-01-03T08:11:31.625064Z,INTERACTIVE,0.154,5.233
2026-01-03T08:11:31.840660Z,INTERACTIVE,0.154,5.271
2026-01-03T08:11:31.934787Z,INTERACTIVE,0.152,5.274
2026-01-03T08:11:32.045527Z,INTERACTIVE,0.151,5.282
2026-01-03T08:11:32.171402Z,INTERACTIVE,0.151,5.308
2026-01-03T08:11:32.282401Z,INTERACTIVE,0.15,5.344
2026-01-03T08:11:32.421090Z,INTERACTIVE,0.149,5.371
2026-01-03T08:11:32.548531Z,INTERACTIVE,0.147,5.388
2026-01-03T08:11:32.673338Z,INTERACTIVE,0.145,5.407
2026-01-03T08:11:32.781940Z,PASSIVE,0.142,5.343
2026-01-03T08:11:32.906852Z,PASSIVE,0.143,5.194
2026-01-03T08:11:33.029521Z,PASSIVE,0.147,5.041
2026-01-03T08:11:33.170506Z,PASSIVE,0.153,4.899
2026-01-03T08:11:33.312164Z,PASSIVE,0.154,4.727
2026-01-03T08:11:33.438579Z,PASSIVE,0.159,4.621
2026-01-03T08:11:33.565190Z,PASSIVE,0.161,4.596
2026-01-03T08:11:33.688953Z,PASSIVE,0.159,4.611
2026-01-03T08:11:33.812625Z,PASSIVE,0.158,4.603
2026-01-03T08:11:33.952378Z,PASSIVE,0.16,4.621
2026-01-03T08:11:34.095990Z,PASSIVE,0.157,4.642
2026-01-03T08:11:34.221613Z,PASSIVE,0.154,4.607
2026-01-03T08:11:34.455198Z,PASSIVE,0.15,4.577
2026-01-03T08:11:34.749406Z,PASSIVE,0.148,4.622
2026-01-03T08:11:34.934762Z,PASSIVE,0.148,4.788
2026-01-03T08:11:35.164144Z,PASSIVE,0.15,4.905
2026-01-03T08:11:35.288810Z,PASSIVE,0.148,5.03
2026-01-03T08:11:35.416467Z,PASSIVE,0.147,5.079
2026-01-03T08:11:35.676767Z,PASSIVE,0.145,5.105
2026-01-03T08:11:35.800435Z,PASSIVE,0.142,5.001
2026-01-03T08:11:35.928093Z,PASSIVE,0.138,4.937
2026-01-03T08:11:36.049767Z,PASSIVE,0.14,4.909
2026-01-03T08:11:36.424759Z,PASSIVE,0.145,4.917
2026-01-03T08:11:36.564384Z,PASSIVE,0.153,5.084
2026-01-03T08:11:36.689332Z,PASSIVE,0.163,16.797
2026-01-03T08:11:36.812489Z,PASSIVE,0.177,33.803
2026-01-03T08:11:36.954078Z,PASSIVE,0.186,50.826
2026-01-03T08:11:37.149554Z,PASSIVE,0.194,67.852
2026-01-03T08:11:37.314383Z,PASSIVE,0.199,84.697
2026-01-03T08:11:37.488833Z,INTERACTIVE,0.201,90.007
2026-01-03T08:11:37.687337Z,INTERACTIVE,0.198,90.021
2026-01-03T08:11:37.810219Z,INTERACTIVE,0.192,90.036
2026-01-03T08:11:37.934161Z,INTERACTIVE,0.187,90.046
2026-01-03T08:11:38.060825Z,INTERACTIVE,0.181,90.048
2026-01-03T08:11:38.202247Z,PASSIVE,0.173,90.05
2026-01-03T08:11:38.325351Z,PASSIVE,0.169,90.051
2026-01-03T08:11:38.466970Z,PASSIVE,0.167,90.051
2026-01-03T08:11:38.609430Z,PASSIVE,0.166,90.054
2026-01-03T08:11:38.731498Z,INTERACTIVE,0.166,90.063
2026-01-03T08:11:38.889218Z,INTERACTIVE,0.168,93.934
2026-01-03T08:11:39.060756Z,INTERACTIVE,0.171,97.801
2026-01-03T08:11:39.278172Z,INTERACTIVE,0.174,105.231
2026-01-03T08:11:39.400842Z,INTERACTIVE,0.177,112.657
2026-01-03T08:11:39.676104Z,INTERACTIVE,0.179,120.071
2026-01-03T08:11:39.800769Z,INTERACTIVE,0.179,123.625
2026-01-03T08:11:39.939999Z,INTERACTIVE,0.178,127.181
2026-01-03T08:11:40.079624Z,INTERACTIVE,0.177,127.176
2026-01-03T08:11:40.203346Z,INTERACTIVE,0.176,127.17
2026-01-03T08:11:40.329438Z,INTERACTIVE,0.176,127.17
2026-01-03T08:11:40.453075Z,INTERACTIVE,0.178,127.172
2026-01-03T08:11:40.561305Z,INTERACTIVE,0.176,127.174
2026-01-03T08:11:40.670978Z,INTERACTIVE,0.175,127.176
2026-01-03T08:11:40.778742Z,INTERACTIVE,0.169,127.171
2026-01-03T08:11:40.904487Z,INTERACTIVE,0.159,123.566
2026-01-03T08:11:41.026520Z,INTERACTIVE,0.146,116.134
2026-01-03T08:11:41.150289Z,INTERACTIVE,0.135,108.701
2026-01-03T08:11:41.276006Z,INTERACTIVE,0.126,101.265
2026-01-03T08:11:41.399073Z,INTERACTIVE,0.12,93.827
2026-01-03T08:11:41.507945Z,INTERACTIVE,0.117,93.797
2026-01-03T08:11:41.646212Z,INTERACTIVE,0.119,101.404
2026-01-03T08:11:41.801780Z,INTERACTIVE,0.12,112.133
2026-01-03T08:11:41.928307Z,INTERACTIVE,0.121,122.866
2026-01-03T08:11:42.082892Z,INTERACTIVE,0.122,133.606
2026-01-03T08:11:42.206760Z,INTERACTIVE,0.124,140.535
2026-01-03T08:11:42.329068Z,INTERACTIVE,0.125,143.655
2026-01-03T08:11:42.452917Z,INTERACTIVE,0.129,143.649
2026-01-03T08:11:42.589668Z,INTERACTIVE,0.134,143.634
2026-01-03T08:11:42.742258Z,INTERACTIVE,0.137,143.611
2026-01-03T08:11:42.942719Z,INTERACTIVE,0.137,140.773
2026-01-03T08:11:43.111272Z,INTERACTIVE,0.137,137.932
2026-01-03T08:11:43.267263Z,INTERACTIVE,0.136,131.603
2026-01-03T08:11:43.404492Z,INTERACTIVE,0.135,125.286
2026-01-03T08:11:43.558149Z,INTERACTIVE,0.134,122.692
2026-01-03T08:11:43.696282Z,INTERACTIVE,0.136,122.912
2026-01-03T08:11:43.837721Z,INTERACTIVE,0.139,123.133
2026-01-03T08:11:43.961849Z,INTERACTIVE,0.142,129.867
2026-01-03T08:11:44.103859Z,INTERACTIVE,0.146,136.598
2026-01-03T08:11:44.229749Z,INTERACTIVE,0.153,139.613
2026-01-03T08:11:44.402286Z,INTERACTIVE,0.159,142.623
2026-01-03T08:11:44.538918Z,INTERACTIVE,0.168,145.633
2026-01-03T08:11:44.694813Z,INTERACTIVE,0.175,145.627
2026-01-03T08:11:44.847408Z,INTERACTIVE,0.181,145.622
2026-01-03T08:11:45.029917Z,INTERACTIVE,0.186,145.625
2026-01-03T08:11:45.226389Z,INTERACTIVE,0.195,148.475
2026-01-03T08:11:45.364891Z,INTERACTIVE,0.201,151.326
2026-01-03T08:11:45.505512Z,PASSIVE,0.207,154.172
2026-01-03T08:11:45.642145Z,PASSIVE,0.212,157.016
2026-01-03T08:11:45.765566Z,PASSIVE,0.214,157.214
2026-01-03T08:11:45.889141Z,PASSIVE,0.213,151.507
2026-01-03T08:11:46.011243Z,PASSIVE,0.218,142.121
2026-01-03T08:11:46.135016Z,PASSIVE,0.225,132.736
2026-01-03T08:11:46.258150Z,PASSIVE,0.232,123.353
2026-01-03T08:11:46.382616Z,PASSIVE,0.236,116.62
2026-01-03T08:11:46.509848Z,PASSIVE,0.242,112.949
2026-01-03T08:11:46.651269Z,PASSIVE,0.239,112.953
2026-01-03T08:11:46.774403Z,PASSIVE,0.237,112.955
2026-01-03T08:11:46.896977Z,PASSIVE,0.234,112.956
2026-01-03T08:11:47.020708Z,PASSIVE,0.237,112.95
2026-01-03T08:11:47.145393Z,PASSIVE,0.237,112.945
2026-01-03T08:11:47.405214Z,PASSIVE,0.24,112.942
2026-01-03T08:11:47.528768Z,PASSIVE,0.242,112.936
2026-01-03T08:11:47.651688Z,PASSIVE,0.244,108.813
2026-01-03T08:11:47.762730Z,PASSIVE,0.242,104.694
2026-01-03T08:11:47.886243Z,INTERACTIVE,0.24,100.574
2026-01-03T08:11:48.025409Z,INTERACTIVE,0.238,90.784
2026-01-03T08:11:48.167030Z,INTERACTIVE,0.233,80.998
2026-01-03T08:11:48.337570Z,INTERACTIVE,0.226,75.329
2026-01-03T08:11:48.502942Z,INTERACTIVE,0.219,69.655
2026-01-03T08:11:48.657525Z,INTERACTIVE,0.211,63.966
2026-01-03T08:11:48.794610Z,INTERACTIVE,0.201,63.953
2026-01-03T08:11:48.918122Z,INTERACTIVE,0.195,63.944
2026-01-03T08:11:49.055265Z,INTERACTIVE,0.189,63.925
2026-01-03T08:11:49.175964Z,INTERACTIVE,0.181,51.913
2026-01-03T08:11:49.296985Z,INTERACTIVE,0.175,39.959
2026-01-03T08:11:49.419074Z,INTERACTIVE,0.171,27.999
2026-01-03T08:11:49.540971Z,INTERACTIVE,0.167,16.035
2026-01-03T08:11:49.664016Z,INTERACTIVE,0.164,4.08
2026-01-03T08:11:49.785007Z,INTERACTIVE,0.163,4.122
2026-01-03T08:11:49.894855Z,INTERACTIVE,0.157,4.093
2026-01-03T08:11:50.017033Z,INTERACTIVE,0.15,4.117
2026-01-03T08:11:50.139996Z,INTERACTIVE,0.143,4.17
2026-01-03T08:11:50.264977Z,PASSIVE,0.136,4.235
2026-01-03T08:11:50.386403Z,INTERACTIVE,0.129,4.329
2026-01-03T08:11:50.509781Z,INTERACTIVE,0.128,4.439
2026-01-03T08:11:50.632561Z,INTERACTIVE,0.127,4.502
2026-01-03T08:11:50.754843Z,INTERACTIVE,0.126,4.54
2026-01-03T08:11:50.878264Z,INTERACTIVE,0.122,4.567
2026-01-03T08:11:51.016678Z,INTERACTIVE,0.12,4.568
2026-01-03T08:11:51.170899Z,INTERACTIVE,0.117,4.642
2026-01-03T08:11:51.308450Z,INTERACTIVE,0.113,4.716
2026-01-03T08:11:51.463946Z,INTERACTIVE,0.109,4.803
2026-01-03T08:11:51.586073Z,INTERACTIVE,0.107,4.85
2026-01-03T08:11:51.707935Z,PASSIVE,0.105,4.893
2026-01-03T08:11:51.814857Z,PASSIVE,0.103,4.869
2026-01-03T08:11:51.937055Z,PASSIVE,0.104,4.853
2026-01-03T08:11:52.092205Z,PASSIVE,0.106,4.888
2026-01-03T08:11:52.248785Z,PASSIVE,0.108,4.949
2026-01-03T08:11:52.514072Z,PASSIVE,0.109,4.902
2026-01-03T08:11:52.749731Z,PASSIVE,0.112,4.869
2026-01-03T08:11:52.938228Z,PASSIVE,0.111,4.825
2026-01-03T08:11:53.091812Z,PASSIVE,0.109,4.719
2026-01-03T08:11:53.228446Z,PASSIVE,0.11,4.689
2026-01-03T08:11:53.367074Z,PASSIVE,0.109,4.763
2026-01-03T08:11:53.488697Z,PASSIVE,0.111,4.842
2026-01-03T08:11:53.612738Z,PASSIVE,0.114,5.098
2026-01-03T08:11:53.736405Z,INTERACTIVE,0.121,5.352
2026-01-03T08:11:53.862085Z,INTERACTIVE,0.124,5.535
2026-01-03T08:11:54.000256Z,INTERACTIVE,0.129,5.717
2026-01-03T08:11:54.127141Z,INTERACTIVE,0.131,5.846
2026-01-03T08:11:54.253644Z,INTERACTIVE,0.132,5.761
2026-01-03T08:11:54.377931Z,INTERACTIVE,0.13,5.665
2026-01-03T08:11:54.501831Z,INTERACTIVE,0.129,5.609
2026-01-03T08:11:54.639735Z,INTERACTIVE,0.129,5.559
2026-01-03T08:11:54.777364Z,PASSIVE,0.13,5.548
2026-01-03T08:11:54.933945Z,PASSIVE,0.133,5.63
2026-01-03T08:11:55.091521Z,PASSIVE,0.135,5.72
2026-01-03T08:11:55.217823Z,PASSIVE,0.141,5.772
2026-01-03T08:11:55.356451Z,PASSIVE,0.146,5.772
2026-01-03T08:11:55.496987Z,PASSIVE,0.152,5.76
2026-01-03T08:11:55.803165Z,PASSIVE,0.158,5.677
2026-01-03T08:11:55.959773Z,PASSIVE,0.165,5.594
2026-01-03T08:11:56.115325Z,PASSIVE,0.171,5.516
2026-01-03T08:11:56.255949Z,INTERACTIVE,0.176,5.492
2026-01-03T08:11:56.439135Z,INTERACTIVE,0.175,5.597
2026-01-03T08:11:56.564819Z,INTERACTIVE,0.174,5.709
2026-01-03T08:11:56.686583Z,INTERACTIVE,0.171,5.826
2026-01-03T08:11:56.854034Z,INTERACTIVE,0.167,5.944
2026-01-03T08:11:56.975754Z,INTERACTIVE,0.163,6.052
2026-01-03T08:11:57.098413Z,INTERACTIVE,0.163,6.039
2026-01-03T08:11:57.221084Z,INTERACTIVE,0.163,6.061
2026-01-03T08:11:57.344190Z,INTERACTIVE,0.165,6.046
2026-01-03T08:11:57.514731Z,PASSIVE,0.167,6.002
2026-01-03T08:11:57.670824Z,INTERACTIVE,0.165,5.946
2026-01-03T08:11:57.807423Z,LECTURING,0.165,5.746
2026-01-03T08:11:57.930669Z,LECTURING,0.163,5.518
2026-01-03T08:11:58.067367Z,LECTURING,0.16,5.331
2026-01-03T08:11:58.175633Z,LECTURING,0.156,5.218
2026-01-03T08:11:58.299652Z,LECTURING,0.155,5.152
2026-01-03T08:11:58.437883Z,LECTURING,0.154,5.248
2026-01-03T08:11:58.545913Z,LECTURING,0.156,5.346
2026-01-03T08:11:58.686537Z,LECTURING,0.158,5.376
2026-01-03T08:11:58.806073Z,LECTURING,0.161,5.361
2026-01-03T08:11:58.915989Z,LECTURING,0.163,5.362
2026-01-03T08:11:59.055612Z,LECTURING,0.163,5.28
2026-01-03T08:11:59.174855Z,INTERACTIVE,0.164,5.212
2026-01-03T08:11:59.311219Z,INTERACTIVE,0.164,5.208
2026-01-03T08:11:59.418796Z,INTERACTIVE,0.164,5.194
2026-01-03T08:11:59.559226Z,INTERACTIVE,0.164,5.136
2026-01-03T08:11:59.713433Z,PASSIVE,0.165,5.147
2026-01-03T08:11:59.837797Z,PASSIVE,0.161,5.14
2026-01-03T08:11:59.959832Z,PASSIVE,0.156,5.173
2026-01-03T08:12:00.081805Z,INTERACTIVE,0.154,5.402
2026-01-03T08:12:00.205382Z,INTERACTIVE,0.158,5.502
2026-01-03T08:12:00.404847Z,INTERACTIVE,0.165,5.579
2026-01-03T08:12:00.557437Z,INTERACTIVE,0.178,5.656
2026-01-03T08:12:00.681105Z,INTERACTIVE,0.192,5.709
2026-01-03T08:12:00.837685Z,INTERACTIVE,0.206,5.573
2026-01-03T08:12:01.065800Z,INTERACTIVE,0.215,5.57
2026-01-03T08:12:01.189034Z,INTERACTIVE,0.224,5.567
2026-01-03T08:12:01.312044Z,INTERACTIVE,0.23,5.554
2026-01-03T08:12:01.432893Z,INTERACTIVE,0.238,5.53
2026-01-03T08:12:01.541818Z,INTERACTIVE,0.247,5.51
2026-01-03T08:12:01.664818Z,INTERACTIVE,0.254,5.454
2026-01-03T08:12:01.773487Z,INTERACTIVE,0.26,5.416
2026-01-03T08:12:01.896744Z,INTERACTIVE,0.263,5.385
2026-01-03T08:12:02.022144Z,INTERACTIVE,0.264,5.299
2026-01-03T08:12:02.161827Z,INTERACTIVE,0.266,5.169
2026-01-03T08:12:02.270733Z,INTERACTIVE,0.268,5.066
2026-01-03T08:12:02.395401Z,INTERACTIVE,0.271,4.963
2026-01-03T08:12:02.519599Z,INTERACTIVE,0.269,4.864
2026-01-03T08:12:02.628726Z,INTERACTIVE,0.266,4.814
2026-01-03T08:12:02.800811Z,INTERACTIVE,0.265,4.762
2026-01-03T08:12:02.924072Z,INTERACTIVE,0.264,4.802
2026-01-03T08:12:03.049786Z,INTERACTIVE,0.262,4.806
2026-01-03T08:12:03.187954Z,INTERACTIVE,0.261,4.812
2026-01-03T08:12:03.311978Z,INTERACTIVE,0.259,4.819
2026-01-03T08:12:03.435036Z,INTERACTIVE,0.253,4.868
2026-01-03T08:12:03.544107Z,INTERACTIVE,0.245,4.834
2026-01-03T08:12:03.652413Z,INTERACTIVE,0.242,4.866
2026-01-03T08:12:03.776649Z,INTERACTIVE,0.24,4.842
2026-01-03T08:12:03.927066Z,INTERACTIVE,0.236,4.556
2026-01-03T08:12:04.051129Z,INTERACTIVE,0.232,4.277
2026-01-03T08:12:04.161718Z,INTERACTIVE,0.226,3.985
2026-01-03T08:12:04.285386Z,INTERACTIVE,0.214,3.659
2026-01-03T08:12:04.424014Z,INTERACTIVE,0.203,3.364
2026-01-03T08:12:04.548087Z,INTERACTIVE,0.193,3.327
2026-01-03T08:12:04.657166Z,PASSIVE,0.187,3.45
2026-01-03T08:12:04.767178Z,PASSIVE,0.181,3.594
2026-01-03T08:12:04.874234Z,PASSIVE,0.174,3.742
2026-01-03T08:12:04.996905Z,PASSIVE,0.165,3.919
2026-01-03T08:12:05.120292Z,PASSIVE,0.158,4.239
2026-01-03T08:12:05.258919Z,PASSIVE,0.152,4.479
2026-01-03T08:12:05.396551Z,PASSIVE,0.147,4.713
2026-01-03T08:12:05.568311Z,PASSIVE,0.15,4.961
2026-01-03T08:12:05.721012Z,PASSIVE,0.154,5.208
2026-01-03T08:12:05.890556Z,PASSIVE,0.156,5.323
2026-01-03T08:12:06.090020Z,PASSIVE,0.156,5.357
2026-01-03T08:12:06.259565Z,PASSIVE,0.155,5.484
2026-01-03T08:12:06.396201Z,PASSIVE,0.154,5.653
2026-01-03T08:12:06.534825Z,PASSIVE,0.154,5.823
2026-01-03T08:12:06.660487Z,PASSIVE,0.151,6.004
2026-01-03T08:12:06.788145Z,PASSIVE,0.151,6.119
2026-01-03T08:12:06.915055Z,PASSIVE,0.151,6.143
2026-01-03T08:12:07.037478Z,PASSIVE,0.153,6.109
2026-01-03T08:12:07.160897Z,PASSIVE,0.154,6.085
2026-01-03T08:12:07.285874Z,PASSIVE,0.159,6.039
2026-01-03T08:12:07.396255Z,PASSIVE,0.164,6.052
2026-01-03T08:12:07.519390Z,PASSIVE,0.168,6.053
2026-01-03T08:12:07.643498Z,PASSIVE,0.172,6.08
2026-01-03T08:12:07.753638Z,PASSIVE,0.176,6.094
2026-01-03T08:12:07.863599Z,PASSIVE,0.179,6.141
2026-01-03T08:12:07.958037Z,PASSIVE,0.181,6.178
2026-01-03T08:12:08.081785Z,PASSIVE,0.185,6.229
2026-01-03T08:12:08.177245Z,PASSIVE,0.186,6.288
2026-01-03T08:12:08.272580Z,PASSIVE,0.187,6.346
2026-01-03T08:12:08.397904Z,PASSIVE,0.191,6.269
2026-01-03T08:12:08.506890Z,PASSIVE,0.195,6.192
2026-01-03T08:12:08.616419Z,PASSIVE,0.198,6.113
2026-01-03T08:12:08.740309Z,PASSIVE,0.203,5.995
2026-01-03T08:12:08.835598Z,PASSIVE,0.204,5.818
2026-01-03T08:12:08.946785Z,PASSIVE,0.2,5.679
2026-01-03T08:12:09.056089Z,PASSIVE,0.196,5.551
2026-01-03T08:12:09.245648Z,PASSIVE,0.189,5.41
2026-01-03T08:12:09.384276Z,PASSIVE,0.182,5.284
2026-01-03T08:12:09.508098Z,PASSIVE,0.175,5.204
2026-01-03T08:12:09.632325Z,PASSIVE,0.173,5.18
2026-01-03T08:12:09.756597Z,PASSIVE,0.174,5.051
2026-01-03T08:12:09.916801Z,PASSIVE,0.178,4.848
2026-01-03T08:12:10.037643Z,INTERACTIVE,0.182,4.633
2026-01-03T08:12:10.162000Z,INTERACTIVE,0.189,4.372
2026-01-03T08:12:10.269469Z,INTERACTIVE,0.191,4.095
2026-01-03T08:12:10.379034Z,INTERACTIVE,0.19,3.921
2026-01-03T08:12:10.487696Z,INTERACTIVE,0.188,3.842
2026-01-03T08:12:10.612916Z,PASSIVE,0.186,3.729
2026-01-03T08:12:10.720744Z,PASSIVE,0.184,3.675
2026-01-03T08:12:10.813642Z,PASSIVE,0.184,3.654
2026-01-03T08:12:10.952215Z,PASSIVE,0.184,3.634
2026-01-03T08:12:11.062040Z,PASSIVE,0.184,3.576
2026-01-03T08:12:11.187088Z,PASSIVE,0.182,3.559
2026-01-03T08:12:11.312905Z,PASSIVE,0.179,3.492
2026-01-03T08:12:11.420671Z,PASSIVE,0.176,3.44
2026-01-03T08:12:11.545276Z,PASSIVE,0.172,3.407
2026-01-03T08:12:11.655738Z,PASSIVE,0.169,3.34
2026-01-03T08:12:11.764624Z,PASSIVE,0.168,3.305
2026-01-03T08:12:11.890317Z,PASSIVE,0.166,3.318
2026-01-03T08:12:12.017344Z,PASSIVE,0.163,3.297
2026-01-03T08:12:12.159961Z,PASSIVE,0.162,3.262
2026-01-03T08:12:12.270664Z,PASSIVE,0.161,3.294
2026-01-03T08:12:12.379154Z,PASSIVE,0.159,3.259
2026-01-03T08:12:12.488770Z,PASSIVE,0.16,3.236
2026-01-03T08:12:12.612025Z,PASSIVE,0.161,3.221
2026-01-03T08:12:12.706191Z,PASSIVE,0.161,3.232
2026-01-03T08:12:12.830026Z,PASSIVE,0.16,3.222
2026-01-03T08:12:12.951396Z,PASSIVE,0.161,3.257
2026-01-03T08:12:13.074741Z,PASSIVE,0.16,3.301
2026-01-03T08:12:13.186062Z,PASSIVE,0.156,3.351
2026-01-03T08:12:13.325688Z,PASSIVE,0.153,3.367
2026-01-03T08:12:13.435417Z,PASSIVE,0.151,3.392
2026-01-03T08:12:13.545359Z,PASSIVE,0.147,3.409
2026-01-03T08:12:13.669736Z,PASSIVE,0.145,3.439
2026-01-03T08:12:13.792274Z,PASSIVE,0.148,3.474
2026-01-03T08:12:13.902075Z,PASSIVE,0.148,3.505
2026-01-03T08:12:14.012033Z,PASSIVE,0.147,3.609
2026-01-03T08:12:14.137108Z,PASSIVE,0.148,3.708
2026-01-03T08:12:14.247470Z,PASSIVE,0.145,3.769
2026-01-03T08:12:14.369846Z,PASSIVE,0.142,3.821
2026-01-03T08:12:14.477627Z,PASSIVE,0.142,3.922
2026-01-03T08:12:14.600386Z,PASSIVE,0.143,3.974
2026-01-03T08:12:14.709784Z,PASSIVE,0.144,4.106
2026-01-03T08:12:14.834937Z,PASSIVE,0.147,4.252
2026-01-03T08:12:14.943929Z,PASSIVE,0.152,4.381
2026-01-03T08:12:15.052340Z,PASSIVE,0.156,4.497
2026-01-03T08:12:15.146202Z,PASSIVE,0.157,4.577
2026-01-03T08:12:15.256925Z,PASSIVE,0.157,4.578
2026-01-03T08:12:15.381531Z,PASSIVE,0.162,4.575
2026-01-03T08:12:15.534121Z,PASSIVE,0.165,4.583
2026-01-03T08:12:15.659784Z,PASSIVE,0.169,4.557
2026-01-03T08:12:15.784450Z,PASSIVE,0.176,4.489
2026-01-03T08:12:15.911108Z,PASSIVE,0.183,4.45
2026-01-03T08:12:16.035434Z,PASSIVE,0.186,4.484
2026-01-03T08:12:16.161149Z,PASSIVE,0.188,4.544
2026-01-03T08:12:16.270831Z,PASSIVE,0.2,16.476
2026-01-03T08:12:16.395202Z,PASSIVE,0.212,28.467
2026-01-03T08:12:16.502988Z,PASSIVE,0.224,46.105
2026-01-03T08:12:16.626168Z,PASSIVE,0.236,67.721
2026-01-03T08:12:16.748863Z,INTERACTIVE,0.249,89.326
2026-01-03T08:12:16.858772Z,INTERACTIVE,0.251,102.54
2026-01-03T08:12:16.968566Z,INTERACTIVE,0.255,115.765
2026-01-03T08:12:17.077553Z,INTERACTIVE,0.263,123.314
2026-01-03T08:12:17.185506Z,INTERACTIVE,0.276,126.809
2026-01-03T08:12:17.306858Z,INTERACTIVE,0.286,130.295
2026-01-03T08:12:17.415748Z,INTERACTIVE,0.298,130.305
2026-01-03T08:12:17.522783Z,INTERACTIVE,0.306,130.306
2026-01-03T08:12:17.630270Z,INTERACTIVE,0.31,130.307
2026-01-03T08:12:17.725010Z,INTERACTIVE,0.31,130.309
2026-01-03T08:12:17.834007Z,INTERACTIVE,0.309,130.31
2026-01-03T08:12:17.941441Z,INTERACTIVE,0.307,130.312
2026-01-03T08:12:18.066930Z,INTERACTIVE,0.305,130.31
2026-01-03T08:12:18.194108Z,INTERACTIVE,0.305,130.31
2026-01-03T08:12:18.336720Z,INTERACTIVE,0.305,130.31
2026-01-03T08:12:18.460387Z,INTERACTIVE,0.307,130.309
2026-01-03T08:12:18.583057Z,INTERACTIVE,0.31,130.309
2026-01-03T08:12:18.707723Z,INTERACTIVE,0.312,130.311
2026-01-03T08:12:18.834382Z,INTERACTIVE,0.308,130.312
2026-01-03T08:12:18.976004Z,INTERACTIVE,0.302,130.313
2026-01-03T08:12:19.144551Z,INTERACTIVE,0.295,130.315
2026-01-03T08:12:19.317087Z,INTERACTIVE,0.289,130.316
2026-01-03T08:12:19.550459Z,INTERACTIVE,0.283,130.315
2026-01-03T08:12:19.692081Z,INTERACTIVE,0.28,130.312
2026-01-03T08:12:19.875587Z,INTERACTIVE,0.281,130.317
2026-01-03T08:12:20.077045Z,INTERACTIVE,0.273,126.719
2026-01-03T08:12:20.266537Z,PASSIVE,0.262,123.119
2026-01-03T08:12:20.454033Z,PASSIVE,0.25,115.441
2026-01-03T08:12:20.627567Z,PASSIVE,0.241,102.087
2026-01-03T08:12:20.799106Z,PASSIVE,0.231,88.728
2026-01-03T08:12:20.999568Z,PASSIVE,0.231,67.715
2026-01-03T08:12:21.221970Z,PASSIVE,0.231,46.514
2026-01-03T08:12:21.457338Z,PASSIVE,0.225,29.395
2026-01-03T08:12:21.752545Z,PASSIVE,0.212,17.958
2026-01-03T08:12:21.985919Z,PASSIVE,0.2,6.512
2026-01-03T08:12:22.221287Z,PASSIVE,0.186,6.307
2026-01-03T08:12:22.424741Z,PASSIVE,0.178,6.258
2026-01-03T08:12:22.660108Z,PASSIVE,0.179,6.231
2026-01-03T08:12:22.861567Z,PASSIVE,0.184,6.195
2026-01-03T08:12:23.064023Z,PASSIVE,0.188,6.14
2026-01-03T08:12:23.280442Z,PASSIVE,0.195,6.087
2026-01-03T08:12:23.561686Z,PASSIVE,0.202,6.22
2026-01-03T08:12:23.810020Z,PASSIVE,0.205,6.274
2026-01-03T08:12:23.966598Z,INTERACTIVE,0.206,6.342
2026-01-03T08:12:24.124178Z,INTERACTIVE,0.208,6.433
2026-01-03T08:12:24.312669Z,INTERACTIVE,0.208,6.54
2026-01-03T08:12:24.471245Z,INTERACTIVE,0.206,6.481
2026-01-03T08:12:24.629819Z,INTERACTIVE,0.206,6.472
2026-01-03T08:12:24.786397Z,INTERACTIVE,0.21,6.517
2026-01-03T08:12:24.909068Z,INTERACTIVE,0.212,6.599
2026-01-03T08:12:25.031737Z,INTERACTIVE,0.213,6.697
2026-01-03T08:12:25.156403Z,INTERACTIVE,0.213,6.822
2026-01-03T08:12:25.281351Z,INTERACTIVE,0.213,6.948
2026-01-03T08:12:25.405019Z,INTERACTIVE,0.22,6.8
2026-01-03T08:12:25.530682Z,INTERACTIVE,0.235,6.627
2026-01-03T08:12:25.653386Z,INTERACTIVE,0.255,6.438
2026-01-03T08:12:25.775059Z,INTERACTIVE,0.277,6.154
2026-01-03T08:12:25.898726Z,INTERACTIVE,0.299,5.839
2026-01-03T08:12:26.024389Z,INTERACTIVE,0.312,5.761
2026-01-03T08:12:26.149054Z,INTERACTIVE,0.325,5.669
2026-01-03T08:12:26.274748Z,INTERACTIVE,0.342,5.626
2026-01-03T08:12:26.401377Z,INTERACTIVE,0.36,5.677
2026-01-03T08:12:26.527269Z,INTERACTIVE,0.376,5.808
2026-01-03T08:12:26.651934Z,INTERACTIVE,0.395,5.913
2026-01-03T08:12:26.778365Z,INTERACTIVE,0.409,6.009
2026-01-03T08:12:26.904027Z,INTERACTIVE,0.411,6.053
2026-01-03T08:12:27.031685Z,INTERACTIVE,0.409,6.062
2026-01-03T08:12:27.153358Z,INTERACTIVE,0.406,6.147
2026-01-03T08:12:27.281015Z,INTERACTIVE,0.401,6.241
2026-01-03T08:12:27.408672Z,INTERACTIVE,0.395,6.398
2026-01-03T08:12:27.535333Z,INTERACTIVE,0.389,6.388
2026-01-03T08:12:27.661405Z,INTERACTIVE,0.385,6.383
2026-01-03T08:12:27.833943Z,INTERACTIVE,0.379,6.25
2026-01-03T08:12:28.018447Z,INTERACTIVE,0.373,6.097
2026-01-03T08:12:28.269771Z,INTERACTIVE,0.368,5.886
2026-01-03T08:12:28.408399Z,INTERACTIVE,0.363,5.866
2026-01-03T08:12:28.578941Z,INTERACTIVE,0.358,5.86
2026-01-03T08:12:28.815306Z,INTERACTIVE,0.352,5.791
2026-01-03T08:12:28.970888Z,INTERACTIVE,0.349,5.708
2026-01-03T08:12:29.110513Z,INTERACTIVE,0.348,5.624
2026-01-03T08:12:29.236175Z,INTERACTIVE,0.351,5.508
2026-01-03T08:12:29.362836Z,INTERACTIVE,0.352,5.398
2026-01-03T08:12:29.517420Z,INTERACTIVE,0.346,5.331
2026-01-03T08:12:29.658043Z,INTERACTIVE,0.332,5.277
2026-01-03T08:12:29.798665Z,INTERACTIVE,0.313,5.23
2026-01-03T08:12:29.924327Z,INTERACTIVE,0.292,5.288
2026-01-03T08:12:30.050206Z,INTERACTIVE,0.269,5.366
2026-01-03T08:12:30.177863Z,INTERACTIVE,0.255,5.448
2026-01-03T08:12:30.303526Z,INTERACTIVE,0.242,5.538
2026-01-03T08:12:30.427194Z,INTERACTIVE,0.224,5.571
2026-01-03T08:12:30.599732Z,INTERACTIVE,0.204,5.472
2026-01-03T08:12:30.725399Z,INTERACTIVE,0.188,5.3
2026-01-03T08:12:30.850059Z,INTERACTIVE,0.171,5.153
2026-01-03T08:12:30.974174Z,INTERACTIVE,0.16,5.014
2026-01-03T08:12:31.100971Z,INTERACTIVE,0.158,4.948
2026-01-03T08:12:31.242590Z,INTERACTIVE,0.157,4.918
2026-01-03T08:12:31.368253Z,INTERACTIVE,0.155,4.746
2026-01-03T08:12:31.492030Z,INTERACTIVE,0.157,4.565
2026-01-03T08:12:31.615698Z,INTERACTIVE,0.158,4.301
2026-01-03T08:12:31.741360Z,INTERACTIVE,0.158,4.029
2026-01-03T08:12:31.864845Z,INTERACTIVE,0.158,3.757
2026-01-03T08:12:31.990508Z,INTERACTIVE,0.159,3.675
2026-01-03T08:12:32.118165Z,INTERACTIVE,0.157,3.599
2026-01-03T08:12:32.243687Z,INTERACTIVE,0.155,3.617
2026-01-03T08:12:32.368351Z,PASSIVE,0.156,3.598
2026-01-03T08:12:32.492021Z,INTERACTIVE,0.158,3.589
2026-01-03T08:12:32.617981Z,INTERACTIVE,0.16,3.591
2026-01-03T08:12:32.743645Z,PASSIVE,0.162,3.567
2026-01-03T08:12:32.885953Z,PASSIVE,0.162,3.514
2026-01-03T08:12:33.008624Z,PASSIVE,0.157,3.473
2026-01-03T08:12:33.136281Z,PASSIVE,0.152,3.42
2026-01-03T08:12:33.262941Z,PASSIVE,0.147,3.359
2026-01-03T08:12:33.387535Z,PASSIVE,0.143,3.341
2026-01-03T08:12:33.515191Z,PASSIVE,0.142,3.339
2026-01-03T08:12:33.638348Z,PASSIVE,0.141,3.168
2026-01-03T08:12:33.761020Z,PASSIVE,0.141,2.968
2026-01-03T08:12:33.883693Z,PASSIVE,0.14,2.766
2026-01-03T08:12:34.009352Z,PASSIVE,0.138,2.542
2026-01-03T08:12:34.135014Z,PASSIVE,0.135,2.314
2026-01-03T08:12:34.260677Z,PASSIVE,0.135,2.36
2026-01-03T08:12:34.384124Z,PASSIVE,0.134,2.634
2026-01-03T08:12:34.510784Z,PASSIVE,0.136,2.976
2026-01-03T08:12:34.635449Z,PASSIVE,0.14,3.347
2026-01-03T08:12:34.762109Z,PASSIVE,0.145,3.72
2026-01-03T08:12:34.900353Z,PASSIVE,0.152,4.01
2026-01-03T08:12:35.027014Z,PASSIVE,0.158,4.125
2026-01-03T08:12:35.150681Z,PASSIVE,0.16,4.172
2026-01-03T08:12:35.289309Z,PASSIVE,0.164,4.199
2026-01-03T08:12:35.413974Z,PASSIVE,0.164,4.232
2026-01-03T08:12:35.539211Z,PASSIVE,0.163,4.264
2026-01-03T08:12:35.663305Z,PASSIVE,0.161,4.287
2026-01-03T08:12:35.788001Z,PASSIVE,0.162,4.363
2026-01-03T08:12:35.912634Z,INTERACTIVE,0.162,4.424
2026-01-03T08:12:36.040292Z,INTERACTIVE,0.161,4.48
2026-01-03T08:12:36.165954Z,INTERACTIVE,0.161,4.52
2026-01-03T08:12:36.291617Z,INTERACTIVE,0.161,4.549
2026-01-03T08:12:36.466148Z,INTERACTIVE,0.161,4.53
2026-01-03T08:12:36.592808Z,INTERACTIVE,0.16,4.514
2026-01-03T08:12:36.717474Z,INTERACTIVE,0.16,4.5
2026-01-03T08:12:36.907962Z,INTERACTIVE,0.16,4.503
2026-01-03T08:12:37.048583Z,INTERACTIVE,0.16,4.513
2026-01-03T08:12:37.174246Z,INTERACTIVE,0.16,4.502
2026-01-03T08:12:37.316900Z,INTERACTIVE,0.159,4.498
2026-01-03T08:12:37.443523Z,INTERACTIVE,0.16,4.481
2026-01-03T08:12:37.568431Z,INTERACTIVE,0.159,4.459
2026-01-03T08:12:37.757918Z,INTERACTIVE,0.158,4.43
2026-01-03T08:12:37.883579Z,INTERACTIVE,0.156,4.418
2026-01-03T08:12:38.011236Z,PASSIVE,0.155,4.409
2026-01-03T08:12:38.149864Z,PASSIVE,0.153,4.35
2026-01-03T08:12:38.273531Z,PASSIVE,0.152,4.144
2026-01-03T08:12:38.401188Z,INTERACTIVE,0.148,3.842
2026-01-03T08:12:38.528847Z,INTERACTIVE,0.144,3.499
2026-01-03T08:12:38.657502Z,INTERACTIVE,0.136,3.13
2026-01-03T08:12:38.811089Z,INTERACTIVE,0.126,2.818
2026-01-03T08:12:38.934756Z,INTERACTIVE,0.118,2.636
2026-01-03T08:12:39.073384Z,INTERACTIVE,0.112,2.547
2026-01-03T08:12:39.199046Z,INTERACTIVE,0.106,2.49
2026-01-03T08:12:39.340665Z,INTERACTIVE,0.102,2.438
2026-01-03T08:12:39.466329Z,INTERACTIVE,0.102,2.385
2026-01-03T08:12:39.626897Z,INTERACTIVE,0.101,2.349
2026-01-03T08:12:39.784474Z,PASSIVE,0.103,2.286
2026-01-03T08:12:39.924098Z,PASSIVE,0.105,2.249
2026-01-03T08:12:40.048764Z,PASSIVE,0.107,2.229
2026-01-03T08:12:40.177418Z,PASSIVE,0.108,2.242
2026-01-03T08:12:40.351949Z,PASSIVE,0.109,2.264
2026-01-03T08:12:40.489580Z,PASSIVE,0.106,2.308
2026-01-03T08:12:40.630204Z,PASSIVE,0.104,2.336
2026-01-03T08:12:40.754578Z,PASSIVE,0.103,2.368
2026-01-03T08:12:40.880872Z,PASSIVE,0.102,2.368
2026-01-03T08:12:41.002551Z,PASSIVE,0.102,2.348
2026-01-03T08:12:41.140351Z,PASSIVE,0.101,2.346
2026-01-03T08:12:41.266569Z,PASSIVE,0.101,2.387
2026-01-03T08:12:41.392729Z,PASSIVE,0.099,2.419
2026-01-03T08:12:41.517871Z,PASSIVE,0.097,2.492
2026-01-03T08:12:41.640723Z,PASSIVE,0.097,2.577
2026-01-03T08:12:41.763558Z,PASSIVE,0.098,2.648
2026-01-03T08:12:41.889522Z,PASSIVE,0.099,2.832
2026-01-03T08:12:42.013851Z,PASSIVE,0.099,3.071
2026-01-03T08:12:42.124481Z,PASSIVE,0.099,3.274
2026-01-03T08:12:42.252275Z,INTERACTIVE,0.099,3.482
2026-01-03T08:12:42.389898Z,INTERACTIVE,0.1,3.714
2026-01-03T08:12:42.533864Z,INTERACTIVE,0.1,3.799
2026-01-03T08:12:42.669828Z,INTERACTIVE,0.103,3.84
2026-01-03T08:12:42.812444Z,INTERACTIVE,0.105,3.885
2026-01-03T08:12:42.935299Z,INTERACTIVE,0.106,3.932
2026-01-03T08:12:43.046718Z,INTERACTIVE,0.106,3.967
2026-01-03T08:12:43.168812Z,INTERACTIVE,0.106,3.995
2026-01-03T08:12:43.277808Z,INTERACTIVE,0.106,4.018
2026-01-03T08:12:43.402497Z,INTERACTIVE,0.106,4.043
2026-01-03T08:12:43.543541Z,INTERACTIVE,0.105,4.021
2026-01-03T08:12:43.684537Z,INTERACTIVE,0.104,3.989
2026-01-03T08:12:43.827643Z,INTERACTIVE,0.104,3.956
2026-01-03T08:12:43.952328Z,INTERACTIVE,0.103,3.905
2026-01-03T08:12:44.078407Z,INTERACTIVE,0.102,3.903
2026-01-03T08:12:44.221029Z,INTERACTIVE,0.102,3.959
2026-01-03T08:12:44.342221Z,INTERACTIVE,0.103,4.016
2026-01-03T08:12:44.466205Z,INTERACTIVE,0.101,4.087
2026-01-03T08:12:44.591282Z,INTERACTIVE,0.099,4.202
2026-01-03T08:12:44.730091Z,INTERACTIVE,0.099,4.264
2026-01-03T08:12:44.982123Z,INTERACTIVE,0.098,4.309
2026-01-03T08:12:45.106012Z,INTERACTIVE,0.098,4.326
2026-01-03T08:12:45.229087Z,INTERACTIVE,0.098,4.334
2026-01-03T08:12:45.432484Z,INTERACTIVE,0.099,4.298
2026-01-03T08:12:45.558304Z,INTERACTIVE,0.1,4.254
2026-01-03T08:12:45.683762Z,INTERACTIVE,0.1,4.221
2026-01-03T08:12:45.808530Z,INTERACTIVE,0.099,4.062
2026-01-03T08:12:45.916606Z,INTERACTIVE,0.099,3.862
2026-01-03T08:12:46.043578Z,INTERACTIVE,0.097,3.693
2026-01-03T08:12:46.200161Z,INTERACTIVE,0.095,3.526
2026-01-03T08:12:46.354746Z,INTERACTIVE,0.096,3.334
2026-01-03T08:12:46.603080Z,INTERACTIVE,0.099,3.328
2026-01-03T08:12:46.760656Z,INTERACTIVE,0.103,3.43
2026-01-03T08:12:46.887316Z,INTERACTIVE,0.109,3.539
2026-01-03T08:12:47.134652Z,INTERACTIVE,0.115,3.652
2026-01-03T08:12:47.289286Z,INTERACTIVE,0.12,3.771
2026-01-03T08:12:47.412278Z,INTERACTIVE,0.124,3.871
2026-01-03T08:12:47.556885Z,INTERACTIVE,0.125,3.902
2026-01-03T08:12:47.681243Z,INTERACTIVE,0.127,3.901
2026-01-03T08:12:47.807435Z,INTERACTIVE,0.127,3.902
2026-01-03T08:12:47.977977Z,INTERACTIVE,0.127,3.911
2026-01-03T08:12:48.117602Z,INTERACTIVE,0.126,3.911
2026-01-03T08:12:48.226159Z,INTERACTIVE,0.126,3.911
2026-01-03T08:12:48.349260Z,INTERACTIVE,0.125,3.848
2026-01-03T08:12:48.472759Z,INTERACTIVE,0.126,3.768
2026-01-03T08:12:48.612265Z,INTERACTIVE,0.128,3.689
2026-01-03T08:12:48.705800Z,INTERACTIVE,0.132,3.576
2026-01-03T08:12:48.831573Z,INTERACTIVE,0.136,3.433
2026-01-03T08:12:48.941412Z,INTERACTIVE,0.14,3.37
2026-01-03T08:12:49.051181Z,INTERACTIVE,0.143,3.316
2026-01-03T08:12:49.162359Z,INTERACTIVE,0.143,3.259
2026-01-03T08:12:49.271595Z,INTERACTIVE,0.142,3.231
2026-01-03T08:12:49.380332Z,INTERACTIVE,0.139,3.228
2026-01-03T08:12:49.504400Z,INTERACTIVE,0.135,3.223
2026-01-03T08:12:49.628075Z,INTERACTIVE,0.133,3.209
2026-01-03T08:12:49.767613Z,INTERACTIVE,0.131,3.203
2026-01-03T08:12:49.879059Z,INTERACTIVE,0.128,3.191
2026-01-03T08:12:50.004729Z,INTERACTIVE,0.127,3.167
2026-01-03T08:12:50.113985Z,INTERACTIVE,0.127,3.15
2026-01-03T08:12:50.238254Z,INTERACTIVE,0.125,3.146
2026-01-03T08:12:50.361238Z,INTERACTIVE,0.122,3.083
2026-01-03T08:12:50.486537Z,INTERACTIVE,0.117,2.967
2026-01-03T08:12:50.608587Z,INTERACTIVE,0.112,2.806
2026-01-03T08:12:50.733035Z,INTERACTIVE,0.109,2.753
2026-01-03T08:12:50.828506Z,INTERACTIVE,0.108,2.703
2026-01-03T08:12:50.938169Z,INTERACTIVE,0.109,2.687
2026-01-03T08:12:51.061391Z,INTERACTIVE,0.113,2.726
2026-01-03T08:12:51.188718Z,INTERACTIVE,0.116,2.83
2026-01-03T08:12:51.296071Z,INTERACTIVE,0.117,2.858
2026-01-03T08:12:51.404321Z,INTERACTIVE,0.118,2.912
2026-01-03T08:12:51.516727Z,INTERACTIVE,0.118,2.976
2026-01-03T08:12:51.643527Z,INTERACTIVE,0.118,3.037
2026-01-03T08:12:51.785551Z,INTERACTIVE,0.119,3.089
2026-01-03T08:12:51.910307Z,INTERACTIVE,0.119,3.115
2026-01-03T08:12:52.021277Z,INTERACTIVE,0.118,3.122
2026-01-03T08:12:52.131616Z,INTERACTIVE,0.115,3.141
2026-01-03T08:12:52.257687Z,INTERACTIVE,0.111,3.162
2026-01-03T08:12:52.381191Z,INTERACTIVE,0.108,3.173
2026-01-03T08:12:52.474832Z,INTERACTIVE,0.109,3.26
2026-01-03T08:12:52.584724Z,INTERACTIVE,0.112,3.338
2026-01-03T08:12:52.723007Z,INTERACTIVE,0.117,3.406
2026-01-03T08:12:52.866290Z,INTERACTIVE,0.121,3.476
2026-01-03T08:12:53.035834Z,INTERACTIVE,0.127,3.554
2026-01-03T08:12:53.174436Z,INTERACTIVE,0.13,3.586
2026-01-03T08:12:53.298426Z,INTERACTIVE,0.135,3.632
2026-01-03T08:12:53.425276Z,PASSIVE,0.138,3.694
2026-01-03T08:12:53.548427Z,PASSIVE,0.142,3.755
2026-01-03T08:12:53.674945Z,PASSIVE,0.142,3.81
2026-01-03T08:12:53.785339Z,PASSIVE,0.142,3.836
2026-01-03T08:12:53.908136Z,INTERACTIVE,0.14,3.849
2026-01-03T08:12:54.017873Z,INTERACTIVE,0.137,3.873
2026-01-03T08:12:54.140676Z,INTERACTIVE,0.134,3.909
2026-01-03T08:12:54.235667Z,INTERACTIVE,0.129,3.855
2026-01-03T08:12:54.358121Z,INTERACTIVE,0.125,3.786
2026-01-03T08:12:54.468472Z,INTERACTIVE,0.12,3.72
2026-01-03T08:12:54.593383Z,PASSIVE,0.116,3.636
2026-01-03T08:12:54.702705Z,INTERACTIVE,0.112,3.534
2026-01-03T08:12:54.798078Z,INTERACTIVE,0.112,3.495
2026-01-03T08:12:54.922565Z,PASSIVE,0.111,3.46
2026-01-03T08:12:55.045180Z,PASSIVE,0.109,3.444
2026-01-03T08:12:55.153611Z,PASSIVE,0.107,3.472
2026-01-03T08:12:55.355127Z,PASSIVE,0.105,3.536
2026-01-03T08:12:55.463466Z,PASSIVE,0.105,3.687
2026-01-03T08:12:55.575182Z,PASSIVE,0.105,3.829
2026-01-03T08:12:55.697609Z,PASSIVE,0.107,3.979
2026-01-03T08:12:55.821715Z,PASSIVE,0.108,4.085
2026-01-03T08:12:55.931506Z,PASSIVE,0.11,4.166
2026-01-03T08:12:56.131386Z,PASSIVE,0.108,4.132
2026-01-03T08:12:56.242308Z,PASSIVE,0.106,4.101
2026-01-03T08:12:56.353685Z,PASSIVE,0.104,4.066
2026-01-03T08:12:56.462733Z,PASSIVE,0.102,4.035
2026-01-03T08:12:56.585392Z,PASSIVE,0.098,4.0
2026-01-03T08:12:56.695489Z,PASSIVE,0.099,4.031
2026-01-03T08:12:56.806592Z,INTERACTIVE,0.096,4.059
2026-01-03T08:12:56.930054Z,INTERACTIVE,0.095,4.061
2026-01-03T08:12:57.052391Z,INTERACTIVE,0.092,4.058
2026-01-03T08:12:57.177391Z,INTERACTIVE,0.091,16.209
2026-01-03T08:12:57.301689Z,INTERACTIVE,0.089,28.359
2026-01-03T08:12:57.410729Z,PASSIVE,0.09,46.161
2026-01-03T08:12:57.520394Z,PASSIVE,0.091,67.959
2026-01-03T08:12:57.628384Z,PASSIVE,0.094,93.374
2026-01-03T08:12:57.738288Z,PASSIVE,0.099,106.634
2026-01-03T08:12:57.846386Z,PASSIVE,0.103,119.893
2026-01-03T08:12:57.972537Z,PASSIVE,0.107,127.504
2026-01-03T08:12:58.096262Z,PASSIVE,0.11,131.118
2026-01-03T08:12:58.220371Z,PASSIVE,0.11,131.121
2026-01-03T08:12:58.347371Z,PASSIVE,0.108,131.124
2026-01-03T08:12:58.471373Z,PASSIVE,0.105,131.126
2026-01-03T08:12:58.596409Z,PASSIVE,0.104,131.127
2026-01-03T08:12:58.722356Z,PASSIVE,0.102,131.129
2026-01-03T08:12:58.832685Z,PASSIVE,0.101,131.129
2026-01-03T08:12:58.942135Z,PASSIVE,0.099,131.127
2026-01-03T08:12:59.050777Z,PASSIVE,0.098,131.126
2026-01-03T08:12:59.161812Z,PASSIVE,0.097,131.124
2026-01-03T08:12:59.270104Z,PASSIVE,0.096,131.123
2026-01-03T08:12:59.394521Z,PASSIVE,0.095,131.122
2026-01-03T08:12:59.505268Z,PASSIVE,0.094,131.123
2026-01-03T08:12:59.615283Z,PASSIVE,0.092,131.123
2026-01-03T08:12:59.725189Z,PASSIVE,0.089,131.126
2026-01-03T08:12:59.849463Z,PASSIVE,0.089,131.126
2026-01-03T08:12:59.972412Z,PASSIVE,0.088,131.127
2026-01-03T08:13:00.164575Z,PASSIVE,0.087,131.127
2026-01-03T08:13:00.291235Z,PASSIVE,0.086,131.126
2026-01-03T08:13:00.432855Z,PASSIVE,0.086,131.125
2026-01-03T08:13:00.636359Z,PASSIVE,0.085,131.126
2026-01-03T08:13:00.779975Z,PASSIVE,0.084,127.474
2026-01-03T08:13:00.985423Z,PASSIVE,0.083,123.821
2026-01-03T08:13:01.127041Z,PASSIVE,0.084,116.1
2026-01-03T08:13:01.252704Z,PASSIVE,0.084,102.797
2026-01-03T08:13:01.450173Z,PASSIVE,0.083,77.592
2026-01-03T08:13:01.595971Z,INTERACTIVE,0.083,56.067
2026-01-03T08:13:01.751571Z,INTERACTIVE,0.083,34.544
2026-01-03T08:13:01.861033Z,INTERACTIVE,0.081,17.09
2026-01-03T08:13:01.986811Z,INTERACTIVE,0.082,5.2
2026-01-03T08:13:02.113471Z,INTERACTIVE,0.084,5.168
2026-01-03T08:13:02.240004Z,INTERACTIVE,0.086,5.111
2026-01-03T08:13:02.332396Z,INTERACTIVE,0.089,5.043
2026-01-03T08:13:02.443073Z,INTERACTIVE,0.092,4.96
2026-01-03T08:13:02.552116Z,INTERACTIVE,0.096,4.842
2026-01-03T08:13:02.675952Z,INTERACTIVE,0.1,4.754
2026-01-03T08:13:02.800866Z,INTERACTIVE,0.106,4.686
2026-01-03T08:13:02.906821Z,INTERACTIVE,0.114,4.633
2026-01-03T08:13:02.999793Z,INTERACTIVE,0.122,4.618
2026-01-03T08:13:03.110015Z,INTERACTIVE,0.129,4.663
2026-01-03T08:13:03.233126Z,INTERACTIVE,0.136,4.718
2026-01-03T08:13:03.356430Z,INTERACTIVE,0.14,4.751
2026-01-03T08:13:03.466441Z,INTERACTIVE,0.143,4.777
2026-01-03T08:13:03.575497Z,INTERACTIVE,0.147,4.848
2026-01-03T08:13:03.670809Z,INTERACTIVE,0.147,4.914
2026-01-03T08:13:03.782464Z,INTERACTIVE,0.147,4.997
2026-01-03T08:13:03.907930Z,INTERACTIVE,0.146,5.071
2026-01-03T08:13:04.032454Z,INTERACTIVE,0.145,5.14
2026-01-03T08:13:04.156762Z,INTERACTIVE,0.143,5.191
2026-01-03T08:13:04.267207Z,INTERACTIVE,0.144,5.196
2026-01-03T08:13:04.391452Z,INTERACTIVE,0.145,5.204
2026-01-03T08:13:04.501356Z,INTERACTIVE,0.147,5.223
2026-01-03T08:13:04.625528Z,INTERACTIVE,0.149,5.071
2026-01-03T08:13:04.733744Z,INTERACTIVE,0.149,4.875
2026-01-03T08:13:04.858134Z,INTERACTIVE,0.149,4.724
2026-01-03T08:13:04.967484Z,PASSIVE,0.146,4.535
2026-01-03T08:13:05.093505Z,PASSIVE,0.142,4.366
2026-01-03T08:13:05.217649Z,PASSIVE,0.139,4.374
2026-01-03T08:13:05.342623Z,PASSIVE,0.137,4.374
2026-01-03T08:13:05.468151Z,PASSIVE,0.135,4.375
2026-01-03T08:13:05.560552Z,PASSIVE,0.135,4.381
2026-01-03T08:13:05.667990Z,PASSIVE,0.136,4.423
2026-01-03T08:13:05.777328Z,PASSIVE,0.137,4.466
2026-01-03T08:13:05.886693Z,PASSIVE,0.137,4.529
2026-01-03T08:13:05.995548Z,PASSIVE,0.135,4.594
2026-01-03T08:13:06.119485Z,PASSIVE,0.131,4.655
2026-01-03T08:13:06.229474Z,PASSIVE,0.125,4.704
2026-01-03T08:13:06.337131Z,PASSIVE,0.12,4.73
2026-01-03T08:13:06.446200Z,PASSIVE,0.115,4.675
2026-01-03T08:13:06.570287Z,PASSIVE,0.11,4.622
2026-01-03T08:13:06.694043Z,PASSIVE,0.107,4.587
2026-01-03T08:13:06.816833Z,PASSIVE,0.103,4.51
2026-01-03T08:13:06.924777Z,PASSIVE,0.1,4.344
2026-01-03T08:13:07.021519Z,PASSIVE,0.097,4.238
2026-01-03T08:13:07.127039Z,PASSIVE,0.096,4.109
2026-01-03T08:13:07.252396Z,PASSIVE,0.096,3.978
2026-01-03T08:13:07.374785Z,PASSIVE,0.097,3.846
2026-01-03T08:13:07.500386Z,PASSIVE,0.097,3.731
2026-01-03T08:13:07.623115Z,PASSIVE,0.099,3.616
2026-01-03T08:13:07.747282Z,PASSIVE,0.1,3.518
2026-01-03T08:13:07.857220Z,PASSIVE,0.1,3.417
2026-01-03T08:13:07.980578Z,PASSIVE,0.101,3.311
2026-01-03T08:13:08.155110Z,PASSIVE,0.101,3.306
2026-01-03T08:13:08.369534Z,PASSIVE,0.102,3.374
2026-01-03T08:13:08.539078Z,PASSIVE,0.102,3.436
2026-01-03T08:13:08.665247Z,PASSIVE,0.105,3.498
2026-01-03T08:13:08.773959Z,PASSIVE,0.107,3.579
2026-01-03T08:13:08.884097Z,PASSIVE,0.108,3.704
2026-01-03T08:13:09.007592Z,PASSIVE,0.107,3.759
2026-01-03T08:13:09.135324Z,PASSIVE,0.107,3.842
2026-01-03T08:13:09.259757Z,PASSIVE,0.107,3.855
2026-01-03T08:13:09.383514Z,PASSIVE,0.105,3.852
2026-01-03T08:13:09.507881Z,PASSIVE,0.107,3.785
2026-01-03T08:13:09.666456Z,INTERACTIVE,0.11,3.759
2026-01-03T08:13:09.825030Z,INTERACTIVE,0.112,3.713
2026-01-03T08:13:09.981609Z,INTERACTIVE,0.111,3.676
2026-01-03T08:13:10.157137Z,PASSIVE,0.111,3.643
2026-01-03T08:13:10.343636Z,PASSIVE,0.109,3.623
2026-01-03T08:13:10.470861Z,PASSIVE,0.107,3.559
2026-01-03T08:13:10.595875Z,PASSIVE,0.105,3.494
2026-01-03T08:13:10.718627Z,PASSIVE,0.105,3.487
2026-01-03T08:13:10.857685Z,PASSIVE,0.105,3.475
2026-01-03T08:13:10.980354Z,PASSIVE,0.104,3.465
2026-01-03T08:13:11.137932Z,PASSIVE,0.102,3.461
2026-01-03T08:13:11.279832Z,PASSIVE,0.101,3.448
2026-01-03T08:13:11.417472Z,PASSIVE,0.099,3.438
2026-01-03T08:13:11.559093Z,PASSIVE,0.098,3.445
2026-01-03T08:13:11.696723Z,PASSIVE,0.096,3.456
2026-01-03T08:13:11.851336Z,PASSIVE,0.095,3.438
2026-01-03T08:13:11.974991Z,PASSIVE,0.094,3.561
2026-01-03T08:13:12.098818Z,PASSIVE,0.094,3.698
2026-01-03T08:13:12.239870Z,PASSIVE,0.093,3.804
2026-01-03T08:13:12.364423Z,PASSIVE,0.092,3.851
2026-01-03T08:13:12.487721Z,PASSIVE,0.092,3.935
2026-01-03T08:13:12.675579Z,PASSIVE,0.089,3.863
2026-01-03T08:13:12.802266Z,PASSIVE,0.087,3.758
2026-01-03T08:13:12.910978Z,PASSIVE,0.087,3.598
2026-01-03T08:13:13.034170Z,PASSIVE,0.088,3.52
2026-01-03T08:13:13.177014Z,PASSIVE,0.087,3.415
2026-01-03T08:13:13.285371Z,PASSIVE,0.087,3.337
2026-01-03T08:13:13.412693Z,PASSIVE,0.087,3.304
2026-01-03T08:13:13.538390Z,PASSIVE,0.086,3.379
2026-01-03T08:13:13.649866Z,PASSIVE,0.085,3.388
2026-01-03T08:13:13.776428Z,PASSIVE,0.085,3.427
2026-01-03T08:13:13.888167Z,PASSIVE,0.087,3.462
2026-01-03T08:13:14.012968Z,PASSIVE,0.088,3.469
2026-01-03T08:13:14.139673Z,PASSIVE,0.09,3.431
2026-01-03T08:13:14.263957Z,PASSIVE,0.092,3.444
2026-01-03T08:13:14.372578Z,PASSIVE,0.093,3.486
2026-01-03T08:13:14.498614Z,PASSIVE,0.094,3.532
2026-01-03T08:13:14.607800Z,PASSIVE,0.096,3.581
2026-01-03T08:13:14.716647Z,PASSIVE,0.098,3.642
2026-01-03T08:13:14.839844Z,PASSIVE,0.099,3.688
2026-01-03T08:13:14.963512Z,PASSIVE,0.1,3.7
2026-01-03T08:13:15.090171Z,PASSIVE,0.101,3.716
2026-01-03T08:13:15.200246Z,PASSIVE,0.101,3.729
2026-01-03T08:13:15.308243Z,PASSIVE,0.103,3.787
2026-01-03T08:13:15.433269Z,PASSIVE,0.103,3.852
2026-01-03T08:13:15.557974Z,PASSIVE,0.104,3.775
2026-01-03T08:13:15.666974Z,PASSIVE,0.104,3.679
2026-01-03T08:13:15.776776Z,PASSIVE,0.106,3.667
2026-01-03T08:13:15.888216Z,PASSIVE,0.106,3.63
2026-01-03T08:13:16.014162Z,PASSIVE,0.106,3.642
2026-01-03T08:13:16.138540Z,PASSIVE,0.106,3.788
2026-01-03T08:13:16.266092Z,PASSIVE,0.106,3.95
2026-01-03T08:13:16.374878Z,PASSIVE,0.104,4.057
2026-01-03T08:13:16.499519Z,PASSIVE,0.101,4.119
2026-01-03T08:13:16.625519Z,PASSIVE,0.101,4.13
2026-01-03T08:13:16.750720Z,PASSIVE,0.101,4.146
2026-01-03T08:13:16.875147Z,PASSIVE,0.101,4.137
2026-01-03T08:13:17.000829Z,PASSIVE,0.103,4.066
2026-01-03T08:13:17.155414Z,PASSIVE,0.106,4.009
2026-01-03T08:13:17.293949Z,PASSIVE,0.105,3.936
2026-01-03T08:13:17.418035Z,PASSIVE,0.11,4.038
2026-01-03T08:13:17.543275Z,INTERACTIVE,0.113,4.17
2026-01-03T08:13:17.669925Z,INTERACTIVE,0.118,4.339
2026-01-03T08:13:17.795421Z,INTERACTIVE,0.122,4.526
2026-01-03T08:13:17.934077Z,INTERACTIVE,0.126,4.744
2026-01-03T08:13:18.045054Z,INTERACTIVE,0.127,4.784
2026-01-03T08:13:18.153834Z,INTERACTIVE,0.129,4.838
2026-01-03T08:13:18.261929Z,INTERACTIVE,0.131,4.892
2026-01-03T08:13:18.386614Z,INTERACTIVE,0.133,4.939
2026-01-03T08:13:18.542195Z,INTERACTIVE,0.134,4.98
2026-01-03T08:13:18.743655Z,INTERACTIVE,0.134,5.02
2026-01-03T08:13:18.915198Z,INTERACTIVE,0.134,5.026
2026-01-03T08:13:19.054838Z,INTERACTIVE,0.132,4.994
2026-01-03T08:13:19.192903Z,INTERACTIVE,0.131,4.994
2026-01-03T08:13:19.302363Z,INTERACTIVE,0.13,4.987
2026-01-03T08:13:19.427052Z,INTERACTIVE,0.13,4.982
2026-01-03T08:13:19.567501Z,INTERACTIVE,0.13,4.932
2026-01-03T08:13:19.708122Z,INTERACTIVE,0.132,4.917
2026-01-03T08:13:19.846724Z,INTERACTIVE,0.134,4.806
2026-01-03T08:13:20.000474Z,INTERACTIVE,0.138,4.725
2026-01-03T08:13:20.128238Z,INTERACTIVE,0.142,4.638
2026-01-03T08:13:20.267273Z,INTERACTIVE,0.147,4.585
2026-01-03T08:13:20.484653Z,INTERACTIVE,0.151,4.535
2026-01-03T08:13:20.625267Z,INTERACTIVE,0.153,4.545
2026-01-03T08:13:20.736345Z,INTERACTIVE,0.154,4.535
2026-01-03T08:13:20.859295Z,INTERACTIVE,0.156,4.538
2026-01-03T08:13:20.983889Z,INTERACTIVE,0.158,4.631
2026-01-03T08:13:21.106098Z,INTERACTIVE,0.158,4.727
2026-01-03T08:13:21.233366Z,INTERACTIVE,0.16,4.841
2026-01-03T08:13:21.343946Z,INTERACTIVE,0.157,4.8
2026-01-03T08:13:21.466903Z,INTERACTIVE,0.155,4.742
2026-01-03T08:13:21.590791Z,INTERACTIVE,0.149,4.633
2026-01-03T08:13:21.702280Z,INTERACTIVE,0.146,4.56
2026-01-03T08:13:21.811379Z,INTERACTIVE,0.143,4.425
2026-01-03T08:13:21.923524Z,INTERACTIVE,0.141,4.446
2026-01-03T08:13:22.031529Z,INTERACTIVE,0.14,4.468
2026-01-03T08:13:22.141169Z,INTERACTIVE,0.139,4.488
2026-01-03T08:13:22.263553Z,INTERACTIVE,0.137,4.465
2026-01-03T08:13:22.371006Z,INTERACTIVE,0.137,4.487
2026-01-03T08:13:22.493570Z,INTERACTIVE,0.137,4.532
2026-01-03T08:13:22.617612Z,PASSIVE,0.138,4.579
2026-01-03T08:13:22.742321Z,PASSIVE,0.141,4.68
2026-01-03T08:13:22.864439Z,PASSIVE,0.142,4.779
2026-01-03T08:13:22.985863Z,PASSIVE,0.141,4.875
2026-01-03T08:13:23.108891Z,PASSIVE,0.14,4.934
2026-01-03T08:13:23.218276Z,PASSIVE,0.138,4.993
2026-01-03T08:13:23.339604Z,PASSIVE,0.136,5.028
2026-01-03T08:13:23.493577Z,PASSIVE,0.136,5.086
